"p","U:0","U:1","U:2","div(phi)","Points:0","Points:1","Points:2"
65.025597,-5.1842899,-1.91028,1.32611,-4.6862999e-05,-0.04448564,-0.2071428,-0.1320499
61.173,-6.5490198,-1.66436,2.2367599,0.000125281,-0.041136581,-0.2071428,-0.12227266
57.049702,-6.5357699,-1.1562001,2.0998399,0.00085432001,-0.037787523,-0.2071428,-0.1124954
52.734901,-6.4259601,0.38543499,2.1619899,-0.00017933401,-0.034438469,-0.20714281,-0.10271814
48.396099,-6.4274902,1.22974,2.0695,0.00071638398,-0.031089408,-0.20714281,-0.092940897
43.623501,-6.64221,1.1249501,1.96016,-0.000340984,-0.027866956,-0.20714281,-0.083533078
65.312202,-5.31603,-1.84045,0.54981101,0.000328105,-0.02523748,-0.20714279,-0.13704035
61.488499,-6.7319999,-1.61411,1.28139,0.000602477,-0.023314681,-0.2071428,-0.1268865
57.457298,-6.71804,-1.13579,1.13323,-0.000586165,-0.021391882,-0.2071428,-0.11673266
53.177799,-6.6242299,0.379408,1.21556,-0.00080790499,-0.019469082,-0.2071428,-0.10657882
48.8484,-6.6189098,1.22263,1.14061,-0.00078316301,-0.017546283,-0.20714281,-0.096424982
44.1339,-6.8145599,1.08529,0.99212301,-0.00094288401,-0.015696201,-0.20714281,-0.086654834
65.5718,-5.3240099,-1.76379,-0.23629899,-0.00072675,-0.0054796226,-0.20714279,-0.13923517
61.781799,-6.7669101,-1.5609699,0.31294999,-0.00063507899,-0.0050216345,-0.20714279,-0.12891294
57.854401,-6.7565899,-1.12213,0.160208,-0.000231785,-0.0045636464,-0.2071428,-0.11859069
53.612999,-6.6851902,0.36552599,0.25051501,0.00058801798,-0.0041056583,-0.2071428,-0.10826845
49.304699,-6.6662898,1.2199399,0.196918,6.6671601e-05,-0.0036476704,-0.20714281,-0.097946204
44.642799,-6.83676,1.04537,0.019301901,0.000963222,-0.0032070472,-0.20714281,-0.088014044
66.014801,-5.20257,-1.68133,-1.00491,-0.000103106,0.014396601,-0.2071428,-0.13862558
62.138599,-6.6684599,-1.5039901,-0.65416998,0.00017465001,0.013379619,-0.2071428,-0.12834154
58.224998,-6.6610799,-1.10104,-0.80576903,-4.1275802e-05,0.012362637,-0.2071428,-0.11805751
53.999901,-6.60747,0.361083,-0.71113801,0.00018086399,0.011345655,-0.20714281,-0.10777348
49.746498,-6.5834198,1.2223901,-0.74026799,-0.000416564,0.010328673,-0.20714281,-0.097489446
45.1576,-6.7254701,1.01204,-0.93717802,-0.00050153199,0.009350053,-0.20714281,-0.087593995
66.086899,-5.0250101,-1.59767,-1.7793601,-0.000128934,0.033968031,-0.2071428,-0.13515307
62.300499,-6.4499302,-1.44498,-1.6061701,-5.1909101e-05,0.031498428,-0.2071428,-0.12512141
58.495399,-6.4324598,-1.0732,-1.7470599,0.00062075298,0.029028827,-0.2071428,-0.11508976
54.345699,-6.3706002,0.36670899,-1.64083,-0.000135699,0.026559226,-0.20714281,-0.1050581
50.174,-6.3685398,1.23327,-1.64115,0.0010167999,0.024089623,-0.20714281,-0.095026456
45.666302,-6.48247,0.98378098,-1.86031,-0.00036123599,0.021713285,-0.20714281,-0.085373864
66.301201,-4.7311201,-1.51265,-2.4096999,0.00068011798,0.052852444,-0.20714279,-0.12891865
62.592999,-6.1054301,-1.3866301,-2.51531,0.000481303,0.048979439,-0.2071428,-0.11934347
58.792999,-6.08356,-1.03672,-2.6299901,-0.00026161701,0.045106433,-0.2071428,-0.10976829
54.7216,-6.0248499,0.38562301,-2.52051,0.00070891698,0.041233428,-0.2071428,-0.10019311
50.613499,-6.0339999,1.25027,-2.5023601,0.00033349299,0.037360422,-0.20714281,-0.09061794
46.163502,-6.1171198,0.95873499,-2.73365,0.00094354601,0.033633728,-0.20714281,-0.081404634
66.343697,-4.3704901,-1.4292901,-3.05181,-0.00016411,0.070663519,-0.20714279,-0.12009857
62.772999,-5.64291,-1.33154,-3.37484,-5.0645998e-05,0.065465227,-0.2071428,-0.11116886
59.033798,-5.6105099,-1.0016,-3.4638901,0.00070198899,0.060266942,-0.2071428,-0.10223915
55.037201,-5.55791,0.40614599,-3.3452499,-0.00104038,0.055068649,-0.2071428,-0.09330944
51.0079,-5.5897002,1.27266,-3.2982099,-0.00075009,0.049870361,-0.20714281,-0.084379733
46.625099,-5.6396098,0.93405098,-3.5439401,-0.00034115801,0.044868477,-0.20714281,-0.075787514
66.443298,-3.9405401,-1.3500299,-3.6378,-0.000281538,0.087009355,-0.20714277,-0.10879207
62.949299,-5.0707698,-1.28054,-4.14994,-0.00059551001,0.080595784,-0.20714277,-0.1006964
59.237,-5.0404201,-0.96383899,-4.20821,-0.0010881301,0.074182205,-0.20714279,-0.092600726
55.314602,-4.99472,0.433198,-4.0847998,0.00036210299,0.067768633,-0.2071428,-0.084505059
51.349201,-5.0434799,1.29458,-4.0283098,0.00028353499,0.061355058,-0.2071428,-0.076409385
47.011799,-5.06358,0.90447903,-4.2796898,-0.00087545702,0.055183869,-0.20714281,-0.06861975
66.855103,-3.4050601,-1.27832,-4.1556602,0.00033972799,0.10165602,-0.2071428,-0.095342092
63.247898,-4.3854098,-1.24034,-4.8364301,1.26536e-05,0.094148964,-0.2071428,-0.088236853
59.4617,-4.36199,-0.933375,-4.8786502,0.000412683,0.086641908,-0.2071428,-0.081131615
55.541801,-4.3299999,0.45453501,-4.7488599,-0.00040686401,0.079134859,-0.20714281,-0.074026376
51.618599,-4.4088101,1.31301,-4.6741199,-0.00083295099,0.071627803,-0.20714281,-0.06692113
47.341499,-4.3997798,0.870202,-4.9271202,6.61874e-05,0.064404376,-0.20714281,-0.060084432
66.583702,-2.8320501,-1.2381099,-4.6621599,-0.000269412,0.11418433,-0.2071428,-0.079916067
63.251202,-3.6247301,-1.20933,-5.44204,-0.000253048,0.10574306,-0.2071428,-0.073950492
59.588299,-3.6052599,-0.90889698,-5.4520602,-0.00019256699,0.097301781,-0.2071428,-0.067984916
55.727501,-3.58584,0.47344401,-5.3127699,0.00088899001,0.088860504,-0.20714281,-0.062019344
51.834499,-3.6937499,1.32951,-5.2253599,0.000433095,0.080419227,-0.20714281,-0.056053769
47.607899,-3.65991,0.83404797,-5.4724698,0.00172472,0.072296873,-0.20714281,-0.05031364
66.677399,-2.25038,-1.20472,-5.0437298,0.00050402997,0.12435219,-0.20714279,-0.062818967
63.411499,-2.80088,-1.18577,-5.9209199,-0.00016459099,0.11515187,-0.20714279,-0.058119435
59.756001,-2.7880199,-0.87221801,-5.9063001,5.9690703e-14,0.10595153,-0.2071428,-0.053419903
55.914799,-2.7723401,0.51393098,-5.7639298,-6.0308201e-05,0.096751206,-0.2071428,-0.048720371
52.028198,-2.9049301,1.33727,-5.6734099,0.00100005,0.087550879,-0.20714281,-0.044020839
47.8592,-2.8603301,0.805848,-5.9033399,-0.00050166098,0.07869821,-0.20714281,-0.039498962
65.047203,-5.0044799,-1.95884,1.99874,0.000199385,-0.060517725,-0.20714279,-0.12569229
61.0298,-6.2860198,-1.69617,3.03405,-0.00043932701,-0.055981725,-0.2071428,-0.11639176
56.888901,-6.2609301,-1.1550601,2.9065599,-0.00101135,-0.05144573,-0.2071428,-0.10709122
52.562199,-6.16503,0.40457401,2.94894,0.00045338101,-0.046909731,-0.20714281,-0.097790688
48.202099,-6.1544299,1.23604,2.84408,0.00045356,-0.042373732,-0.20714281,-0.088490143
43.3983,-6.3790898,1.16322,2.77858,0.00136506,-0.038009197,-0.20714281,-0.079541035
64.967903,-4.7802801,-2.00423,2.5968101,-0.00104711,-0.073317491,-0.20714279,-0.11866338
61.056499,-5.97334,-1.71787,3.6821201,0.00066562102,-0.067835324,-0.20714279,-0.10988907
56.859402,-5.9292002,-1.14177,3.5534201,-0.00052459497,-0.062353157,-0.2071428,-0.10111476
52.510101,-5.8379402,0.434053,3.5747399,0.000108767,-0.05687099,-0.2071428,-0.092340454
48.067001,-5.836,1.2410901,3.46666,-0.000362964,-0.051388819,-0.2071428,-0.083566144
43.205799,-6.0689802,1.19754,3.44082,0.00035502101,-0.04611389,-0.20714281,-0.075123414
64.886299,-4.4999299,-2.0460601,3.13731,0.000373469,-0.085314319,-0.20714279,-0.11034176
61.0238,-5.5907998,-1.73914,4.2963901,-0.00082054501,-0.078946263,-0.20714279,-0.10218933
56.758499,-5.52951,-1.13478,4.1686001,0.00107187,-0.072578207,-0.2071428,-0.0940369
52.381401,-5.4427299,0.45289701,4.1724,-0.0010960801,-0.066210151,-0.2071428,-0.085884467
47.869701,-5.4490499,1.24238,4.0631399,0.00081681501,-0.059842095,-0.2071428,-0.077732041
42.956001,-5.6842899,1.2288899,4.07618,-0.00054628198,-0.053714752,-0.20714281,-0.069887683
64.788803,-4.1719098,-2.0836501,3.6354401,-0.00024901101,-0.096377559,-0.20714279,-0.1008153
60.901699,-5.14679,-1.7583801,4.87113,-8.1030303e-05,-0.089193106,-0.20714279,-0.093373418
56.5681,-5.0686302,-1.12902,4.7454801,-0.00085647602,-0.082008645,-0.20714279,-0.08593154
52.183498,-4.9888201,0.46726501,4.7304301,0.000953332,-0.074824192,-0.2071428,-0.078489661
47.618801,-5.00279,1.23909,4.6216202,-0.0019968899,-0.067639731,-0.2071428,-0.071047783
42.6563,-5.23315,1.24897,4.6728501,-0.000245854,-0.060726847,-0.20714281,-0.063887119
64.719803,-3.7908599,-2.11713,4.0901999,-0.000285774,-0.10638478,-0.20714277,-0.090187229
60.773899,-4.63976,-1.7753,5.3983998,-0.00050522899,-0.098462239,-0.20714277,-0.083536625
56.381599,-4.5471501,-1.12409,5.27107,7.8725199e-05,-0.090539694,-0.20714279,-0.076886028
51.997101,-4.4760499,0.47687799,5.23875,0.000279222,-0.082617149,-0.2071428,-0.070235431
47.384701,-4.49582,1.2314,5.1327701,0.00108934,-0.074694604,-0.2071428,-0.063584834
42.382999,-4.7132602,1.2625,5.2220702,-0.000191239,-0.06707155,-0.20714281,-0.057185568
64.677002,-3.35901,-2.14677,4.4984198,0.00111449,-0.1152259,-0.20714277,-0.078573562
60.671001,-4.0728898,-1.79013,5.8695898,0.000121924,-0.10665227,-0.20714277,-0.072786883
56.2374,-3.9696701,-1.1202199,5.7355599,0.00090225,-0.098078653,-0.20714279,-0.06700021
51.851398,-3.9112201,0.481628,5.6867599,-0.00122377,-0.089505032,-0.2071428,-0.061213534
47.191898,-3.9333999,1.22015,5.5869799,0.00013617901,-0.08093141,-0.2071428,-0.055426858
42.154701,-4.1326399,1.27073,5.7103801,-0.00101092,-0.072681896,-0.2071428,-0.049858868
39.582401,-6.9470301,0.97807902,1.99124,-0.00135147,-0.025731582,-0.20714281,-0.077271409
37.078201,-7.2062201,0.888556,2.0676501,0.00109711,-0.024556685,-0.20714281,-0.07378646
34.158501,-7.6009002,0.85070199,2.1289001,-0.00191967,-0.023381788,-0.20714281,-0.070301503
40.187901,-7.1103902,0.92058599,0.97924399,0.00050697598,-0.014474238,-0.20714281,-0.080153689
37.758499,-7.3492498,0.81778902,1.00805,0.0024663899,-0.013807676,-0.20714281,-0.07653784
34.9519,-7.7403998,0.76768601,1.01589,0.00446004,-0.013141113,-0.20714283,-0.072921999
40.765202,-7.1153102,0.86399198,-0.026503701,0.00146511,-0.0029228954,-0.20714281,-0.081406534
38.3965,-7.3246698,0.74752802,-0.037840798,-0.00056663598,-0.00277785,-0.20714281,-0.077733591
35.705299,-7.6946802,0.68902999,-0.072103202,-0.00030982701,-0.0026328047,-0.20714281,-0.074060649
41.346401,-6.9863501,0.81418002,-1.00774,-0.00153723,0.0086899679,-0.20714281,-0.081011236
39.025501,-7.16468,0.683119,-1.05004,-0.0038044101,0.0083100554,-0.20714281,-0.077352569
36.435001,-7.49863,0.62400001,-1.11046,-0.0011765599,0.0079301428,-0.20714281,-0.073693909
41.916698,-6.7262001,0.76885402,-1.94858,0.000174602,0.020123634,-0.20714281,-0.078953773
39.646702,-6.87532,0.62461603,-2.0144999,0.00084957102,0.0192274,-0.20714281,-0.075387105
37.147598,-7.1616502,0.56717497,-2.09272,-0.00110872,0.018331168,-0.20714283,-0.071820438
42.467499,-6.3451099,0.72468698,-2.8347099,-0.00250479,0.031146303,-0.20714281,-0.075278714
40.243,-6.4686198,0.57028699,-2.9165299,-0.00072026899,0.029751837,-0.20714281,-0.071878307
37.8358,-6.7100301,0.51367599,-2.9990599,0.0019653901,0.028357375,-0.20714283,-0.068477891
42.975899,-5.8538699,0.679407,-3.65291,-0.00086791703,0.041533589,-0.20714281,-0.070076346
40.794601,-5.9544501,0.52049798,-3.7433901,0.0042621801,0.039669286,-0.20714281,-0.066908732
38.461201,-6.1552501,0.45863599,-3.82569,-0.00291279,0.037804987,-0.20714283,-0.06374111
43.410198,-5.26405,0.63217199,-4.3907399,0.00113956,0.051072381,-0.20714281,-0.063444279
41.274799,-5.3478498,0.47355899,-4.4841099,-0.0044907299,0.048778214,-0.20714281,-0.060576923
39.002701,-5.5163398,0.41506201,-4.5637698,-0.00079398003,0.046484042,-0.20714283,-0.057709567
43.790699,-4.5864601,0.58574599,-5.0356598,0.0025568299,0.059592791,-0.20714281,-0.055542935
41.7019,-4.6598001,0.42600399,-5.1286101,0.0051558702,0.056909416,-0.20714281,-0.053028099
39.4701,-4.8011298,0.36393401,-5.2098699,0.0043724002,0.054226041,-0.20714283,-0.05051326
44.121101,-3.8377099,0.54088497,-5.5745702,-0.0016324701,0.066887863,-0.20714281,-0.046501935
42.082401,-3.9013901,0.381253,-5.6684999,-0.00384069,0.063873261,-0.20714281,-0.044393197
39.892799,-4.0244398,0.31189001,-5.7527099,0.00026833499,0.060858659,-0.20714283,-0.042284463
44.438999,-3.0311699,0.50142699,-6.0011601,-0.0018254101,0.072804876,-0.20714281,-0.036498766
42.451199,-3.0922401,0.34164801,-6.0943298,0.00159926,0.069523223,-0.20714281,-0.034842595
40.322701,-3.2047701,0.263266,-6.1879702,-0.0049544098,0.06624157,-0.20714281,-0.033186428
39.2556,-6.6877999,1.02986,2.85355,0.0058410601,-0.035113774,-0.20714281,-0.073583782
36.697102,-6.9563398,0.95096499,2.9763801,-0.0048736199,-0.033516005,-0.20714281,-0.070266955
33.696999,-7.33674,0.92659098,3.0873301,0.0028658099,-0.031918231,-0.20714281,-0.066950127
39.002399,-6.3758402,1.07411,3.5602901,-0.00276117,-0.042612668,-0.20714281,-0.069502763
36.4039,-6.6463099,1.00375,3.72244,0.00477994,-0.040677909,-0.20714281,-0.066372618
33.3629,-7.0001998,0.99433202,3.8744199,-0.00640932,-0.038743149,-0.20714283,-0.063242465
38.6866,-5.9828401,1.11071,4.23979,0.000153418,-0.049645904,-0.20714281,-0.064664274
36.0369,-6.2480202,1.0501601,4.4400101,0.00194436,-0.047394831,-0.20714281,-0.061753735
32.9468,-6.5682998,1.05892,4.6304102,0.00286767,-0.045143757,-0.20714283,-0.058843195
38.3218,-5.5141001,1.14152,4.8834,0.0010740299,-0.056134846,-0.20714281,-0.059117794
35.6157,-5.76652,1.0956,5.11865,-0.0033185801,-0.053592153,-0.20714281,-0.056458578
32.4702,-6.0467501,1.11985,5.3435898,-0.0025305401,-0.05104946,-0.20714281,-0.053799361
37.994099,-4.9693899,1.16714,5.4769802,-0.0026092799,-0.062006857,-0.20714281,-0.052922431
35.2346,-5.2010899,1.13448,5.7440901,0.00184873,-0.059201036,-0.20714281,-0.050544098
32.037998,-5.4363699,1.1762201,5.9977798,-0.0016031699,-0.05639521,-0.20714281,-0.048165765
37.716301,-4.35323,1.18826,6.0085001,-0.000767586,-0.067199953,-0.20714281,-0.046148289
34.91,-4.5570798,1.1617301,6.3031001,0.0017686801,-0.064161472,-0.20714281,-0.044076439
31.6695,-4.7443299,1.2254699,6.57937,0.00118149,-0.061122991,-0.20714281,-0.042004589
28.4335,-8.00529,0.97576201,2.1515999,0.00070520601,-0.021382596,-0.20714281,-0.064128831
17.9069,-8.2089596,1.58772,1.79527,0.00048417199,-0.018559109,-0.20714281,-0.055268422
5.9168801,-7.84026,2.18805,1.5651799,0.0028295,-0.015735622,-0.20714281,-0.046408016
-6.6168599,-6.8768301,2.2523501,0.91459203,-0.0011976101,-0.012912137,-0.20714281,-0.037547611
29.271,-8.2066898,0.87882,0.99146003,0.00125598,-0.012066682,-0.20714283,-0.066259377
18.3382,-8.3817501,1.49876,0.60677999,-0.00115248,-0.010584381,-0.20714281,-0.05654997
5.6080198,-7.94838,2.1061599,0.38844201,-0.0027477201,-0.0091020809,-0.20714281,-0.046840567
-7.8333602,-6.85181,2.1305301,-0.20376199,0.0023934401,-0.0076197805,-0.20714281,-0.037131164
30.1273,-8.2270803,0.777605,-0.161487,-0.000734539,-0.0025294712,-0.20714281,-0.067091554
18.824699,-8.4411001,1.39869,-0.57971299,-0.00049026898,-0.0024678498,-0.20714281,-0.05682632
5.507,-7.9161201,2.01456,-0.75223202,0.00171883,-0.0024062283,-0.20714281,-0.046561081
-8.4612398,-6.7364502,2.03176,-1.16854,-0.00187998,-0.0023446069,-0.20714281,-0.036295846
30.9844,-8.0902205,0.68219,-1.28566,0.00028414099,0.0070466269,-0.20714281,-0.066609964
19.471001,-8.2675104,1.29197,-1.7569799,0.00055603002,0.0056595076,-0.20714281,-0.056100748
5.7202001,-7.7463698,1.91765,-1.9017,0.000807915,0.0042723888,-0.20714281,-0.045591533
-8.6070004,-6.5332499,1.93146,-2.1287,-0.00036684901,0.0028852699,-0.20714281,-0.035082318
31.85,-7.7788801,0.59075999,-2.3555501,-0.00134588,0.016477166,-0.20714283,-0.064819843
20.4151,-7.9731002,1.17737,-2.8938899,-0.0016317,0.013665391,-0.20714281,-0.054385334
6.30796,-7.4489498,1.81761,-3.0095501,-0.0029558099,0.010853617,-0.20714281,-0.043950826
-8.2051201,-6.2427902,1.85858,-3.0506999,0.00041449899,0.0080418428,-0.2071428,-0.033516318
32.7356,-7.3298001,0.50405699,-3.3489499,0.00069155602,0.025579359,-0.20714283,-0.061754093
21.496599,-7.5234399,1.05612,-3.96559,0.00097198703,0.021417789,-0.20714281,-0.05170691
7.2762198,-7.0276999,1.71086,-4.0584998,-1.41289e-13,0.017256221,-0.20714281,-0.041659724
-7.1972599,-5.87607,1.826,-3.9425299,0.00123194,0.013094652,-0.2071428,-0.031612538
33.566002,-6.7539201,0.42403901,-4.25002,0.00018568301,0.034178458,-0.20714283,-0.057475183
22.692801,-6.9407701,0.931023,-4.9468098,0.00103365,0.028789701,-0.20714281,-0.048110936
8.6262798,-6.4941802,1.5959899,-5.0244799,0.000328497,0.023400944,-0.20714281,-0.038746689
-5.5060501,-5.4291801,1.8137,-4.7817702,0.00082917302,0.018012188,-0.20714281,-0.029382441
34.317699,-6.07271,0.35073,-5.04702,0.00026052099,0.042112451,-0.20714283,-0.052071124
23.9615,-6.2444,0.805758,-5.8168802,0.000111231,0.035663441,-0.20714281,-0.043661594
10.3404,-5.8639202,1.47166,-5.8863001,0.00235697,0.029214431,-0.20714281,-0.035252064
-3.19805,-4.9098701,1.7991199,-5.5461502,-0.00085334497,0.02276542,-0.20714281,-0.026842533
34.9897,-5.3041101,0.285328,-5.7284298,-0.0010772001,0.049232777,-0.20714283,-0.045648508
25.2932,-5.45573,0.68401802,-6.5569601,-5.76737e-05,0.041929632,-0.20714281,-0.038433842
12.3982,-5.1549602,1.33969,-6.6278501,-0.00245538,0.034626488,-0.20714281,-0.031219173
-0.49543399,-4.33325,1.76196,-6.2274399,-8.9526198e-05,0.027323343,-0.20714281,-0.024004506
35.658798,-4.46632,0.228891,-6.28511,0.0018757801,0.055393353,-0.20714283,-0.038320992
26.707399,-4.5964599,0.56987101,-7.15451,0.00024256299,0.047477338,-0.20714281,-0.032502793
14.7595,-4.3858299,1.20722,-7.2406902,0.0021901799,0.039561324,-0.20714281,-0.02668459
2.43838,-3.70193,1.69323,-6.8165002,-0.00162713,0.031645313,-0.20714281,-0.020866387
36.379601,-3.5776701,0.166831,-6.7192502,-0.00252208,0.060469322,-0.20714281,-0.030223893
28.132999,-3.6871901,0.46725801,-7.6111999,-0.0030013199,0.052206479,-0.20714281,-0.025954995
17.178699,-3.58746,1.07806,-7.7430501,-0.00187262,0.043943636,-0.20714281,-0.021686098
5.395,-3.0276699,1.60352,-7.28546,0.0027588899,0.035680793,-0.20714281,-0.0174172
27.808901,-7.70186,1.08155,3.1344399,-0.00052071299,-0.02908797,-0.20714281,-0.061141029
17.2686,-7.8871398,1.72963,2.7906201,0.0025246099,-0.025025217,-0.20714281,-0.052839652
4.8380299,-7.5613999,2.2927799,2.41326,-0.0035031401,-0.020962466,-0.20714281,-0.044538274
-6.9752898,-6.6519198,2.3029301,1.64226,-0.0048707598,-0.016899712,-0.20714281,-0.036236901
27.1413,-7.3362198,1.18756,3.9250901,-0.000498646,-0.035164017,-0.20714283,-0.057628017
16.1182,-7.48036,1.89161,3.56042,0.0010135,-0.029940512,-0.20714281,-0.049529262
3.0221701,-7.1303,2.38675,3.0523801,0.00311126,-0.024717005,-0.20714281,-0.041430507
-9.0508699,-6.1920099,2.2202899,2.1784599,0.00591035,-0.019493498,-0.20714281,-0.033331752
26.400801,-6.8734298,1.2904,4.68782,6.8578403e-05,-0.040860858,-0.20714283,-0.05351261
14.8264,-6.9816499,2.0371799,4.3038101,-0.0016199599,-0.034546141,-0.20714281,-0.04576198
1.06397,-6.6303,2.4594901,3.6943901,-0.0029673199,-0.02823142,-0.20714281,-0.038011353
-11.4934,-5.6832099,2.0949099,2.7130001,-0.0033019001,-0.021916701,-0.20714281,-0.030260727
25.6248,-6.3187399,1.38765,5.41082,-0.0015278501,-0.046120677,-0.20714281,-0.048837882
13.5168,-6.3950901,2.16593,5.0097198,-0.00078213599,-0.038805805,-0.20714281,-0.041574139
-0.73122102,-6.0518899,2.51265,4.3161998,-1.54634e-13,-0.031490933,-0.20714281,-0.0343104
-13.799,-5.13346,1.91891,3.2033501,0.0028489099,-0.024176061,-0.2071428,-0.02704666
24.9457,-5.6723099,1.47666,6.0762801,0.00032388701,-0.050889738,-0.20714281,-0.043652475
12.3978,-5.7207799,2.27739,5.6582499,-0.00076087599,-0.042684611,-0.20714281,-0.037004221
-2.0891099,-5.3923702,2.54989,4.8902402,0.0032263999,-0.034479488,-0.20714281,-0.030355969
-15.6134,-4.5450802,1.73066,3.63974,-0.00075994403,-0.026274361,-0.2071428,-0.023707718
24.396799,-4.9415102,1.55474,6.6697602,0.00111323,-0.055119164,-0.20714281,-0.038010187
11.5093,-4.9691801,2.37116,6.23663,0.00074594602,-0.046149995,-0.20714281,-0.032093223
-3.0281401,-4.6616001,2.5787101,5.4055099,-0.0027047601,-0.037180822,-0.20714281,-0.026176263
-16.8843,-3.9103301,1.56438,4.0304399,-0.0018798501,-0.02821165,-0.2071428,-0.0202593
-14.2199,-6.0774298,1.87998,0.97058803,0.000321806,-0.012521384,-0.2071428,-0.031691246
-17.322399,-5.4732399,1.38764,1.4430701,-0.00045388899,-0.014497692,-0.2071428,-0.028789561
-18.827101,-4.6731901,0.64851701,1.67758,0.0016497,-0.016351806,-0.2071428,-0.02580037
-20.183001,-3.86971,-0.136611,1.89698,-0.00070050498,-0.018099185,-0.2071428,-0.022742305
-21.285101,-3.1236701,-0.839477,2.10495,0.000177963,-0.019750573,-0.2071428,-0.019627864
-22.0644,-2.43941,-1.38973,2.3083301,-0.00136116,-0.021313312,-0.2071428,-0.016465683
-14.9168,-5.7555199,1.44293,-0.0268886,0.000149044,-0.0078512821,-0.2071428,-0.030758725
-18.378599,-4.9730601,0.563371,0.46623099,-0.00060841203,-0.00974565,-0.2071428,-0.027679987
-20.251499,-4.08147,-0.48968101,0.71796101,0.00080364197,-0.011545063,-0.2071428,-0.024524981
-21.792,-3.2662699,-1.46654,1.00342,0.000397394,-0.013260897,-0.2071428,-0.021310676
-22.924299,-2.5878501,-2.22031,1.27055,-0.000389494,-0.014900972,-0.2071428,-0.018048391
-23.7097,-2.00214,-2.7511499,1.51854,-0.00064036198,-0.016470924,-0.2071428,-0.014746033
-15.8086,-5.4275298,1.1372,-0.79830402,0.00036878599,-0.0032310938,-0.2071428,-0.029570814
-19.247999,-4.4919901,-0.0252237,-0.218044,0.00101567,-0.0050294925,-0.2071428,-0.026348814
-21.2005,-3.60588,-1.19164,0.081382997,-0.0013611499,-0.0067601749,-0.2071428,-0.023061788
-22.824301,-2.8680899,-2.19993,0.4208,-0.00051051599,-0.0084304353,-0.2071428,-0.019725032
-23.9998,-2.25578,-2.9706099,0.705962,0.00125328,-0.01004517,-0.2071428,-0.016348699
-24.888,-1.7080899,-3.5181301,0.97250903,0.000247566,-0.011608304,-0.2071428,-0.012939961
-16.0445,-5.1012602,0.91038299,-1.6063401,-0.0012059,0.0013355929,-0.2071428,-0.028174667
-19.4021,-4.07795,-0.412016,-0.96876502,-0.00050039002,-0.00035518617,-0.2071428,-0.024837505
-21.5261,-3.2526901,-1.58,-0.62632501,-0.000255127,-0.0020054895,-0.2071428,-0.02144656
-23.2862,-2.55005,-2.6333599,-0.22624201,0.000124604,-0.0036185281,-0.2071428,-0.018015457
-24.541,-1.97272,-3.4314899,0.0624246,-0.0001225,-0.0051962752,-0.2071428,-0.014553177
-25.521299,-1.4479001,-4.0014601,0.33491901,-0.000484327,-0.0067409468,-0.2071428,-0.011066165
-15.8682,-4.8035498,0.874327,-2.4386101,0.00129632,0.00584614,-0.2071428,-0.026597761
-19.2244,-3.7623,-0.45816901,-1.7560199,0.00013219799,0.0042732232,-0.2071428,-0.023170175
-21.4998,-2.9810901,-1.61771,-1.31909,0.0012571299,0.0027135396,-0.2071428,-0.01970005
-23.271799,-2.2820401,-2.69888,-0.87734097,-0.00039330899,0.0011679629,-0.2071428,-0.016199345
-24.596201,-1.71215,-3.51473,-0.59271502,-9.6728203e-05,-0.0003625587,-0.2071428,-0.012675862
-25.657499,-1.19427,-4.1006699,-0.32135499,-0.00011956,-0.0018785297,-0.2071428,-0.009135318
-15.1999,-4.5237298,0.98069102,-3.3000901,-0.00076520198,0.010295263,-0.2071428,-0.024851229
-18.579901,-3.5141799,-0.233349,-2.6282599,-0.000348103,0.0088500278,-0.2071428,-0.02135691
-20.9676,-2.7498701,-1.3598599,-2.10905,0.00100083,0.0073907808,-0.2071428,-0.017831292
-22.7959,-2.0322001,-2.43296,-1.63451,0.00024470099,0.0059224814,-0.2071428,-0.014284673
-24.173,-1.45113,-3.2625,-1.30068,0.000240772,0.0044490001,-0.2071428,-0.010723678
-25.242599,-0.91651702,-3.8594201,-1.03418,-0.00071434397,0.0029715439,-0.2071428,-0.0071532968
-13.9145,-4.2315998,1.21147,-4.2103901,0,0.014675348,-0.20714281,-0.022938086
-17.325399,-3.27069,0.22434901,-3.6108601,0.000466625,0.013367656,-0.20714281,-0.019400833
-19.868999,-2.5399101,-0.77549303,-3.0520301,-0.00060343998,0.012018708,-0.20714281,-0.015843526
-21.7848,-1.8027101,-1.80186,-2.50983,0.00024582999,0.010637548,-0.20714281,-0.012274792
-23.188801,-1.18574,-2.62603,-2.1150401,0.00036274901,0.0092309695,-0.2071428,-0.0087000867
-24.2479,-0.61735803,-3.2376001,-1.80873,6.4815903e-14,0.0078018908,-0.2071428,-0.0051236693
-11.9637,-3.9119999,1.47762,-5.1041398,-0.000137475,0.018979499,-0.20714281,-0.020862868
-15.2218,-2.99663,0.79238898,-4.6473999,-0.00027656701,0.017819153,-0.20714281,-0.017306376
-17.944,-2.32178,0.055913199,-4.1652999,0.000548532,0.016590308,-0.20714281,-0.013741072
-20.0844,-1.57945,-0.81663102,-3.60144,-0.00099689502,0.015306094,-0.20714281,-0.010173921
-21.627899,-0.94923902,-1.57823,-3.1240399,0.00012251,0.013976226,-0.2071428,-0.0066091986
-22.7166,-0.36237499,-2.1833899,-2.7328,0.0010898,0.012605334,-0.2071428,-0.0030504391
-9.6912098,-3.56234,1.69057,-5.9430499,0.000141864,0.023196509,-0.20714281,-0.018621977
-12.5754,-2.6867299,1.31308,-5.6560798,1.46842e-13,0.022193734,-0.2071428,-0.015070993
-15.229,-2.06637,0.88048899,-5.3091898,0.000130873,0.021095218,-0.2071428,-0.01152244
-17.316999,-1.3234299,0.30770701,-4.8568101,0.00057435501,0.019918179,-0.2071428,-0.0079816142
-18.953899,-0.66807801,-0.226026,-4.41008,0.00017547399,0.018675251,-0.2071428,-0.0044516237
-20.136499,-0.036822699,-0.68981397,-3.9962499,-0.00074274198,0.017372776,-0.2071428,-0.00093526923
-7.09411,-3.14869,1.77204,-6.6707201,-0.00059644098,0.027304014,-0.2071428,-0.016195852
-9.3812504,-2.3282101,1.65828,-6.5326099,-0.0012738199,0.026470445,-0.2071428,-0.012678482
-11.7764,-1.73489,1.47841,-6.3189101,0.000272437,0.025513895,-0.2071428,-0.0091747846
-13.5909,-1.02581,1.21038,-6.02918,-0.0041070599,0.024455667,-0.20714281,-0.005688393
-15.1285,-0.36867899,0.93890798,-5.6945,-0.000259711,0.023311319,-0.2071428,-0.0022212393
-16.279499,0.288405,0.68536597,-5.34374,0.0049954602,0.022088904,-0.2071428,0.0012246035
-2.4581399,-2.5469799,1.74034,-7.1842899,-0.00048309701,0.031265065,-0.20714281,-0.013551977
-3.7975399,-1.7493,1.75886,-7.13586,0.0027249199,0.030614721,-0.2071428,-0.010102015
-5.7947001,-1.14191,1.73169,-7.0124202,-0.0050658402,0.029814158,-0.20714281,-0.0066769687
-7.42904,-0.486729,1.67993,-6.8744202,-0.00098100398,0.028888764,-0.20714281,-0.0032788063
-8.9014997,0.155439,1.61928,-6.6853099,0.0060252398,0.02785702,-0.2071428,9.1714028e-05
-10.0708,0.80266398,1.56093,-6.4702401,-0.00310031,0.02672869,-0.2071428,0.0034332478
67.013298,-1.5587,-1.1928999,-5.3042402,-0.00073831598,0.13148545,-0.2071428,-0.046658434
63.496899,-2.0113299,-1.1792099,-6.23454,0.00079767499,0.1217391,-0.2071428,-0.043152571
59.878101,-2.0139501,-0.86362797,-6.22751,0.00033634499,0.11199267,-0.20714281,-0.039646704
56.044498,-2.00473,0.527354,-6.07726,0.00027157899,0.10224614,-0.20714281,-0.036140837
52.193699,-2.1707001,1.3416899,-5.9748101,-0.00023599601,0.092499457,-0.20714281,-0.03263497
48.139999,-2.11222,0.78460997,-6.1835399,-0.00148741,0.08314348,-0.20714281,-0.029267533
67.092697,-0.98224902,-1.19217,-5.4594002,0.000721869,0.13585827,-0.2071428,-0.031849738
63.5583,-1.2934099,-1.18486,-6.4301901,0.00074749498,0.12576476,-0.2071428,-0.02944026
59.916698,-1.32618,-0.86442798,-6.4271202,-0.00042415,0.11567102,-0.20714281,-0.027030781
56.135399,-1.31505,0.53195602,-6.2428699,-0.00108467,0.10557701,-0.20714281,-0.024621302
52.297298,-1.50552,1.33828,-6.1361198,-0.00149978,0.095482603,-0.20714281,-0.022211824
48.2971,-1.44181,0.76763397,-6.3424802,0.0020439101,0.085837476,-0.20714283,-0.019906433
67.061798,-0.407965,-1.20675,-5.5792599,-0.00091677101,0.13850361,-0.2071428,-0.016639784
63.627899,-0.555933,-1.19788,-6.5731201,-0.00118556,0.12819415,-0.2071428,-0.015360885
59.973598,-0.61937797,-0.85618597,-6.5495501,0.000370953,0.11788443,-0.2071428,-0.01408199
56.315399,-0.619394,0.55269301,-6.3564901,0.00060022098,0.10757433,-0.20714281,-0.012803102
52.476799,-0.82483602,1.32435,-6.2502098,6.2118997e-05,0.097263724,-0.20714281,-0.01152422
48.468201,-0.75915402,0.756172,-6.42662,-0.00141803,0.087456122,-0.20714281,-0.010304181
67.0951,0.158658,-1.2391599,-5.6300201,0.000315482,0.13944137,-0.2071428,-0.0012332979
63.719002,0.183121,-1.22505,-6.65448,0.00090919499,0.12904568,-0.2071428,-0.0011035345
60.057098,0.073496103,-0.85771698,-6.5798998,-0.000459192,0.11864971,-0.2071428,-0.00097378064
56.514,0.074673302,0.56476802,-6.3989801,-0.00071636401,0.10825337,-0.2071428,-0.00084403879
52.6427,-0.128732,1.3,-6.2948198,0.00158317,0.097856529,-0.20714281,-0.00071431318
48.635201,-0.067679197,0.74560398,-6.4306898,0.00138571,0.088009834,-0.20714281,-0.00058770709
67.472603,0.71442002,-1.2861,-5.57265,-0.00054009701,0.13871367,-0.20714279,0.014181726
64.089401,0.92355698,-1.25489,-6.58992,-0.00123242,0.12835388,-0.20714279,0.013158107
60.2598,0.77294499,-0.86491901,-6.5177898,-1.76428e-05,0.11799388,-0.2071428,0.012134477
56.693199,0.76476502,0.56776297,-6.3555398,0.00023213901,0.10763358,-0.2071428,0.011110835
52.752899,0.56755102,1.26653,-6.2526202,-0.00012846199,0.09727291,-0.2071428,0.010087172
48.778,0.62068897,0.73737597,-6.3603101,-0.00156363,0.087501571,-0.20714281,0.009125906
68.0868,1.23541,-1.31029,-5.37356,0.00084881298,0.1363827,-0.20714161,0.029004391
64.567802,1.66714,-1.27227,-6.4429498,0.00060793001,0.12608093,-0.20714177,0.026890954
60.4403,1.46568,-0.85791898,-6.3647799,0.00052903802,0.11577909,-0.20714195,0.024777513
56.757301,1.44025,0.59049201,-6.21699,0.00063472398,0.10547714,-0.20714211,0.022664065
52.669701,1.2477601,1.22173,-6.1173301,0.000115181,0.095175043,-0.20714229,0.020550607
48.615898,1.29707,0.70262402,-6.2285299,0.00092718698,0.085512944,-0.20714247,0.018573428
44.757801,-2.2813201,0.470043,-6.2787199,0.00103166,0.076913767,-0.20714281,-0.027070953
42.779499,-2.34693,0.30893901,-6.3730001,0.00017694,0.073419534,-0.20714281,-0.025906803
40.6679,-2.4586999,0.222909,-6.47299,0.000117588,0.069925308,-0.20714283,-0.024742655
44.9715,-1.60707,0.44824201,-6.4391098,0.00120732,0.079423353,-0.20714281,-0.018488327
42.981499,-1.68252,0.28688201,-6.5374899,-0.000130988,0.075790763,-0.20714281,-0.017853415
40.909599,-1.8099101,0.196207,-6.6400099,0.0029913599,0.072158173,-0.20714283,-0.017218502
45.202599,-0.92024398,0.43133599,-6.52952,0.00064471102,0.08095745,-0.20714281,-0.0096787326
43.200001,-1.00701,0.26816499,-6.6357298,0.00166859,0.077264406,-0.20714281,-0.009589036
41.162102,-1.1497999,0.17334101,-6.7481399,0.0033539699,0.073571354,-0.20714283,-0.0094993385
45.4249,-0.224585,0.418614,-6.5457702,-0.00027108999,0.081520364,-0.20714281,-0.00075544941
43.399899,-0.32326099,0.252868,-6.6643901,0.0012561399,0.077837698,-0.20714281,-0.0012144302
41.393299,-0.485908,0.154526,-6.7913899,-0.0043927999,0.074155025,-0.20714283,-0.001673411
45.624699,0.47523099,0.41048199,-6.4939799,0.00058617501,0.081112459,-0.20714281,0.0081752231
43.573502,0.36489901,0.242309,-6.6286702,-0.00729508,0.077516019,-0.20714281,0.007172714
41.591599,0.185164,0.140811,-6.7743702,0.00044485199,0.073919579,-0.20714283,0.0061702053
45.503201,1.1593699,0.39337599,-6.3923001,0.000105477,0.079358302,-0.20714259,0.016907239
43.507,1.0358599,0.233326,-6.5433502,0.00306456,0.076071046,-0.20714268,0.015415763
41.6567,0.85207099,0.13224301,-6.7075701,0.00106671,0.072783791,-0.20714277,0.013924286
36.8116,-2.7746999,0.139532,-7.0216398,0.0023129601,0.063806333,-0.20714281,-0.022661861
28.601999,-2.8559301,0.4237,-7.9137802,0.00363081,0.055062618,-0.20714281,-0.019664422
18.059,-2.8334899,1.03676,-8.0848103,0.0042676399,0.046318904,-0.20714281,-0.016666982
5.61624,-2.39118,1.5713,-7.56426,-0.00114534,0.037575185,-0.20714281,-0.013669543
36.992802,-2.085,0.119298,-7.2321401,-0.00041656601,0.065630198,-0.20714283,-0.015883902
28.3829,-2.1438799,0.43890399,-8.1244202,-0.0031657901,0.056206845,-0.20714281,-0.013849612
17.0704,-2.11169,1.09147,-8.26546,-0.00062193099,0.046783492,-0.20714281,-0.011815323
3.88662,-1.71077,1.60199,-7.69418,-0.00255056,0.037360139,-0.20714281,-0.0097810328
37.159199,-1.37793,0.104532,-7.3804998,-0.000267347,0.066750444,-0.20714283,-0.0089461152
28.2325,-1.40666,0.46215501,-8.2809896,0.00028338301,0.05680168,-0.20714281,-0.0079293652
16.170099,-1.3638999,1.14592,-8.3831797,-0.000148313,0.046852913,-0.20714281,-0.0069126142
2.3313701,-1.06089,1.63562,-7.7431502,6.3477797e-05,0.036904149,-0.20714281,-0.0058958642
37.318802,-0.65922999,0.095454402,-7.4609699,-0.000176008,0.067158811,-0.20714283,-0.0019203841
28.1374,-0.64528501,0.492048,-8.3718596,-0.00058651,0.056849055,-0.20714281,-0.0019553495
15.3917,-0.583377,1.20201,-8.4291697,-0.00099820504,0.046539295,-0.20714281,-0.0019903153
1.01263,-0.389649,1.66842,-7.73418,0.00206054,0.036229536,-0.20714281,-0.0020252806
37.432598,0.066147499,0.092975102,-7.4759598,-0.00028174699,0.06686908,-0.20714283,0.0051190965
27.997601,0.12941401,0.52715403,-8.3992796,-0.000152154,0.056364506,-0.20714281,0.0040193885
14.7234,0.214306,1.2579499,-8.4022198,0.00101385,0.045859937,-0.20714281,0.0029196802
-0.067090303,0.28103599,1.69718,-7.6618199,0.0021625001,0.03535537,-0.20714281,0.0018199721
37.486801,0.79368699,0.097125798,-7.4276299,0.0024804201,0.065875851,-0.20714283,0.0121
27.682501,0.91149902,0.56715602,-8.3528204,0.00048477299,0.055347227,-0.20714281,0.0099429078
14.1133,1.0186,1.3133,-8.30476,-0.00234371,0.044818603,-0.20714281,0.0077858143
-0.88468701,0.95023501,1.72358,-7.5344901,-0.00159477,0.034289978,-0.20714281,0.0056287218
64.636398,-2.88083,-2.17239,4.8566999,-0.00043591499,-0.12280474,-0.20714277,-0.066099972
60.580601,-3.4532299,-1.80313,6.28016,0.000318534,-0.11367436,-0.20714279,-0.061240766
56.123001,-3.34547,-1.1178,6.13482,-0.00097803003,-0.10454398,-0.20714279,-0.056381565
51.7342,-3.29793,0.48171499,6.0725198,0.00026283701,-0.095413595,-0.2071428,-0.051522359
47.033298,-3.32038,1.20579,5.9793701,-0.00065823802,-0.086283214,-0.2071428,-0.046663158
41.973099,-3.49435,1.27355,6.1339002,-0.000136619,-0.077497974,-0.20714281,-0.041987576
64.610497,-2.3713,-2.19385,5.1550798,-0.00059243297,-0.12903908,-0.20714277,-0.052902214
60.4659,-2.78703,-1.81445,6.6166501,-0.000214727,-0.11945204,-0.20714279,-0.049023759
56.028599,-2.6787,-1.1161799,6.46099,0.000197794,-0.10986501,-0.20714279,-0.045145303
51.645302,-2.6465299,0.47802201,6.3888698,0.00104116,-0.10027798,-0.2071428,-0.041266847
46.909199,-2.66611,1.189,6.3032198,-0.00027239599,-0.090690941,-0.2071428,-0.037388392
41.835098,-2.8111501,1.27191,6.4822798,-0.00071047799,-0.081466287,-0.20714281,-0.033656482
64.646797,-1.84737,-2.21139,5.3859901,0.00093742198,-0.13386291,-0.20714277,-0.039125428
60.434601,-2.08006,-1.8238,6.9278498,-0.00017765901,-0.12392425,-0.20714279,-0.036270186
55.9949,-1.9864,-1.11674,6.71099,0.00092061301,-0.11398559,-0.20714279,-0.033414945
51.5905,-1.9601001,0.470918,6.6324701,-0.00066130201,-0.10404693,-0.2071428,-0.030559706
46.829498,-1.9772201,1.17055,6.5534501,0.00079456001,-0.094108276,-0.2071428,-0.027704464
41.750599,-2.0880799,1.26763,6.7509198,0.00051924499,-0.08454527,-0.20714281,-0.024957087
64.761398,-1.3257999,-2.2251599,5.5633402,0.00027144901,-0.13722833,-0.20714279,-0.024920572
60.4417,-1.3455499,-1.83085,7.0844898,0.00033285201,-0.12704532,-0.20714279,-0.023119546
55.9823,-1.26395,-1.11911,6.88657,-0.00096924498,-0.1168623,-0.2071428,-0.021318521
51.578602,-1.25055,0.46121001,6.7990499,0.00093844999,-0.10667929,-0.2071428,-0.019517498
46.803001,-1.2633899,1.15169,6.7255402,-0.0010214699,-0.096496284,-0.2071428,-0.017716473
41.718102,-1.34176,1.26182,6.9342599,0.00027326,-0.08669813,-0.20714281,-0.01598346
64.753899,-0.73044401,-2.2348101,5.6770802,-0.001267,-0.13910736,-0.2071428,-0.010441204
60.435299,-0.59626597,-1.83727,7.1738501,0.00123059,-0.12878743,-0.2071428,-0.0097140046
56.004398,-0.53389901,-1.12227,6.9809799,0.00039532501,-0.11846748,-0.2071428,-0.0089868046
51.601799,-0.52374399,0.44902399,6.8878899,-0.000244219,-0.10814755,-0.2071428,-0.0082596047
46.826099,-0.53250498,1.13341,6.8172798,0.0016107199,-0.097827598,-0.20714281,-0.0075324057
41.745899,-0.57494497,1.2557,7.0307598,-0.00046428101,-0.087897651,-0.20714281,-0.0068326308
64.733398,-0.124395,-2.2402,5.7160101,0.00066946301,-0.13948525,-0.20714281,0.0041593374
60.460499,0.16041601,-1.84312,7.1867099,-0.00046485101,-0.12913847,-0.20714281,0.0038038227
56.067101,0.206965,-1.12765,6.9872198,-0.00086095103,-0.11879169,-0.20714281,0.0034483082
51.6702,0.207563,0.432336,6.89328,-6.7656903e-05,-0.10844491,-0.20714281,0.0030927935
46.9072,0.20440599,1.1155,6.8260198,0.00014052,-0.098098122,-0.20714281,0.0027372791
41.839001,0.193608,1.24964,7.03687,-2.72857e-05,-0.088142253,-0.20714281,0.0023952513
37.494499,-3.67275,1.2029999,6.4679899,0.00222582,-0.071658649,-0.20714281,-0.038869981
34.644699,-3.8427801,1.18537,6.7848601,-0.0073957299,-0.068420112,-0.20714281,-0.037126757
31.3643,-3.98137,1.26676,7.0775499,0.00135018,-0.065181568,-0.20714281,-0.035383534
37.325001,-2.9372699,1.2124799,6.84658,-0.00099768501,-0.075333536,-0.20714281,-0.03116606
34.443699,-3.06881,1.20523,7.1796298,0.0038582999,-0.071930319,-0.20714281,-0.029770585
31.131701,-3.1596999,1.30076,7.4829202,-0.00092817098,-0.068527095,-0.20714283,-0.02837511
37.222198,-2.15851,1.21761,7.13586,0.00230211,-0.078186244,-0.20714281,-0.023121141
34.32,-2.2479601,1.22058,7.4779801,-8.8410503e-05,-0.074655525,-0.20714281,-0.022088762
30.986799,-2.2927001,1.32705,7.7873998,0.00112214,-0.071124807,-0.20714281,-0.021056386
37.180401,-1.34952,1.21961,7.3303099,-0.0030532801,-0.080181435,-0.20714281,-0.014821972
34.272701,-1.39455,1.23138,7.6746101,0.0031979999,-0.076561309,-0.20714281,-0.014163993
30.9305,-1.3948801,1.34638,7.9861898,0.0032896399,-0.072941184,-0.20714281,-0.013506017
37.205399,-0.52287799,1.2195899,7.4279299,0.0028365401,-0.081292048,-0.20714281,-0.006358332
34.297798,-0.522264,1.23798,7.7680302,-0.0069057299,-0.077620812,-0.20714281,-0.006082084
30.953501,-0.48023599,1.3589799,8.0775805,-0.00075867301,-0.073949583,-0.20714283,-0.0058058361
37.294998,0.30823499,1.21857,7.4249101,-0.00275655,-0.081517801,-0.20714281,0.002176461
34.392799,0.35450101,1.24104,7.75454,0.0069779302,-0.077833854,-0.20714281,0.0020674216
31.056499,0.43793899,1.36467,8.0591803,-0.00126306,-0.074149914,-0.20714283,0.0019583821
23.9753,-4.1378999,1.6217999,7.18012,-0.00144721,-0.058765702,-0.20714281,-0.031969525
10.8461,-4.15451,2.4478199,6.7372198,0.00147423,-0.049172498,-0.20714281,-0.026884736
-3.60078,-3.87549,2.6069,5.8571501,0.00311383,-0.039579295,-0.20714281,-0.021799944
-17.6749,-3.2707801,1.4584399,4.3686099,0.00072919502,-0.029986091,-0.2071428,-0.016715154
23.691601,-3.2741399,1.67274,7.59795,0.00162996,-0.06179218,-0.20714283,-0.025593055
10.4206,-3.2897301,2.5081501,7.1529198,-0.00260632,-0.051725566,-0.20714281,-0.02142442
-3.8592501,-3.0455301,2.6408701,6.24264,-0.00062000402,-0.041658949,-0.20714281,-0.017255785
-18.0336,-2.6057301,1.42992,4.67203,-0.00256704,-0.031592332,-0.20714281,-0.01308715
23.5625,-2.36304,1.70871,7.9147401,0.00040261901,-0.064168684,-0.20714281,-0.018946854
10.261,-2.38715,2.5524099,7.4783802,-0.00050850899,-0.053787164,-0.20714281,-0.015760168
-3.7969899,-2.181,2.6844101,6.5601001,-0.0015166,-0.043405645,-0.20714281,-0.012573482
-17.990601,-1.9482,1.47921,4.9274402,-0.00028602101,-0.033024125,-0.2071428,-0.0093867965
23.5769,-1.41945,1.73218,8.12397,-0.0021303699,-0.065866239,-0.20714281,-0.01209838
10.3637,-1.4568599,2.57866,7.7062602,0.0022744399,-0.05533649,-0.20714281,-0.0099410871
-3.47294,-1.2971801,2.7312701,6.8049698,0.0035602101,-0.044806737,-0.20714281,-0.0077837938
-17.5632,-1.24755,1.58527,5.1488299,0.000797285,-0.034276985,-0.2071428,-0.0056265001
23.716299,-0.458909,1.7437299,8.2234697,0.0026877299,-0.06686122,-0.20714283,-0.0051177754
10.7146,-0.51067799,2.58673,7.8326502,0.0011410801,-0.056355726,-0.20714281,-0.0040179021
-2.8892701,-0.40362301,2.77719,6.9732099,-0.00184325,-0.045850232,-0.20714281,-0.0029180287
-16.7843,-0.51444298,1.7394,5.3319201,0.00064287399,-0.035344739,-0.2071428,-0.0018181553
23.9832,0.50363803,1.74322,8.2123299,-0.00112908,-0.067152701,-0.20714283,0.0019214095
11.3105,0.43831301,2.57622,7.8554902,-0.0023459999,-0.056842223,-0.20714281,0.0019565041
-2.0197699,0.48894599,2.8170199,7.0601401,0.00237669,-0.046531744,-0.20714281,0.0019915986
-15.6804,0.237344,1.92345,5.4710498,-0.00090909097,-0.03622127,-0.20714281,0.0020266932
-22.614201,-1.82719,-1.74549,2.51531,0.00066769298,-0.022791928,-0.2071428,-0.013261813
-22.9842,-1.2661099,-1.90973,2.73352,0.000399368,-0.024186218,-0.20714281,-0.010019626
-23.201799,-0.73832899,-1.85053,2.97892,-0.00080115697,-0.025493968,-0.2071428,-0.0067415726
-23.1471,-0.25582001,-1.50867,3.2516201,-0.000269496,-0.026714683,-0.2071428,-0.0034308494
-22.6469,0.21772601,-0.92816001,3.5399401,0.00071173802,-0.027845254,-0.2071428,-8.9699446e-05
-21.6371,0.72016102,-0.226486,3.8268099,-0.00074231898,-0.02887924,-0.2071428,0.0032804369
-24.254801,-1.4697,-3.0806401,1.75848,0.00063524803,-0.017974177,-0.2071428,-0.011409193
-24.597401,-0.97696298,-3.2270701,1.98239,-0.0010136201,-0.019410241,-0.2071428,-0.0080411322
-24.714899,-0.49274501,-3.2069499,2.18999,0.00038111,-0.020777071,-0.2071428,-0.0046443758
-24.6236,0.0150417,-2.9863,2.39886,0.00025609901,-0.022073999,-0.2071428,-0.0012220518
-24.346201,0.54742903,-2.51106,2.61782,-0.00090861903,-0.023298208,-0.2071428,0.0022234838
-23.7992,1.10506,-1.72691,2.8971801,0.00052966899,-0.024444347,-0.2071428,0.0056903302
-25.522699,-1.19069,-3.85625,1.2250299,-0.00086016901,-0.013122168,-0.2071428,-0.0095039504
-25.9098,-0.66668999,-3.9979801,1.47039,0.000453524,-0.014585978,-0.2071428,-0.0060438123
-26.018101,-0.15684199,-3.9628,1.67334,0.000122868,-0.015997861,-0.2071428,-0.0025621522
-25.815901,0.33926499,-3.75827,1.84012,0.00049503101,-0.017356975,-0.2071428,0.00093797443
-25.346001,0.82994097,-3.3529699,1.98602,-0.00087705598,-0.018660793,-0.2071428,0.0044540986
-24.598301,1.3343101,-2.67167,2.16486,-0.000382728,-0.019905066,-0.2071428,0.0079838587
-26.228701,-0.94243997,-4.3430901,0.58254802,-0.000481011,-0.0082537755,-0.2071428,-0.0075590876
-26.650499,-0.41837901,-4.4756298,0.824938,0.00027593199,-0.0097336862,-0.20714281,-0.0040349802
-26.765499,0.123626,-4.4145098,1.05549,0.000480966,-0.011178978,-0.2071428,-0.0004965241
-26.534401,0.64891797,-4.1842399,1.24394,-0.00072636502,-0.012588636,-0.2071428,0.003053298
-25.9848,1.14221,-3.7771001,1.3867,0.00134718,-0.013960424,-0.2071428,0.0066119041
-25.1077,1.62026,-3.1298001,1.52587,-0.00049824198,-0.015291188,-0.2071428,0.010176472
-26.4165,-0.67693001,-4.4628901,-0.081276096,0.00059384899,-0.0033800856,-0.2071428,-0.0055819219
-26.862301,-0.142565,-4.64468,0.15047701,-0.000118501,-0.0048658615,-0.20714281,-0.0020185919
-26.9704,0.409475,-4.5481601,0.369955,1.6095e-14,-0.0063343272,-0.2071428,0.0015519122
-26.719101,0.94713902,-4.3056302,0.57226098,0.000119541,-0.0077842958,-0.2071428,0.0051266821
-26.1395,1.44865,-3.8942499,0.73254699,-0.00048352801,-0.009213822,-0.2071428,0.0087030232
-25.250799,1.92026,-3.2447801,0.87980098,-0.00039318,-0.010620849,-0.20714281,0.012277652
-26.0137,-0.38541299,-4.2316298,-0.80819499,0.000236559,0.0014910738,-0.2071428,-0.0035772738
-26.4706,0.162222,-4.38765,-0.59012401,-0.00047206,9.2452974e-06,-0.20714281,1.5835249e-06
-26.569599,0.71485901,-4.33532,-0.370359,0.000709616,-0.0014725828,-0.2071428,0.003580441
-26.3083,1.24321,-4.0965099,-0.16188,0.000238074,-0.0029530523,-0.2071428,0.0071564647
-25.7243,1.7269,-3.6762099,0.0190061,-0.000240711,-0.0044305082,-0.2071428,0.010726847
-24.844999,2.20908,-3.00559,0.175283,0.00073385,-0.0059039891,-0.2071428,0.014287842
-24.994699,-0.072260901,-3.61537,-1.56826,-0.000593865,0.0063523697,-0.20714281,-0.0015488225
-25.436001,0.46417499,-3.77881,-1.34946,0.00059252098,0.004884352,-0.20714281,0.0020217588
-25.5371,0.97951502,-3.7377601,-1.13701,-0.00083133997,0.003399025,-0.20714281,0.0055851657
-25.3039,1.47979,-3.50278,-0.93305099,-0.00035862799,0.0018979181,-0.2071428,0.00913864
-24.7609,1.97306,-3.0562601,-0.75668299,-0.000241765,0.00038239581,-0.2071428,0.01267926
-23.8937,2.5311301,-2.33831,-0.61591798,6.6607703e-14,-0.0011476773,-0.20714281,0.01620282
-23.4384,0.185173,-2.5704801,-2.4291999,0.000481033,0.011196571,-0.20714281,0.00049953669
-23.8332,0.71521699,-2.74017,-2.17926,-0.000359931,0.0097521767,-0.20714281,0.0040381467
-23.9125,1.23577,-2.69875,-1.96857,0.000120249,0.0082731638,-0.20714281,0.0075624082
-23.6938,1.77303,-2.4493599,-1.78667,6.56306e-14,0.0067612324,-0.2071428,0.011069639
-23.1385,2.3593199,-1.9649301,-1.64319,0.00048989599,0.0052174577,-0.2071428,0.014556806
-22.195601,3.05709,-1.21984,-1.53633,0.00074739801,0.0036406075,-0.2071428,0.01801924
-20.916401,0.55709797,-1.01024,-3.6475,-0.00073733099,0.016015006,-0.2071428,0.002565088
-21.3347,1.13044,-1.15203,-3.37045,0.00098066998,0.01460447,-0.2071428,0.0060469788
-21.440201,1.69261,-1.10364,-3.1590099,-0.00024575999,0.013142006,-0.20714281,0.0095073478
-21.2118,2.3074701,-0.85870397,-2.98349,-0.00037131199,0.011629486,-0.2071428,0.012943589
-20.598301,2.97789,-0.41794199,-2.84097,-0.00088815601,0.010067697,-0.2071428,0.016352559
-19.565399,3.7214799,0.18641999,-2.7033899,-0.000114833,0.0084543079,-0.2071428,0.019729123
-17.0578,0.93225902,0.49987,-5.0000501,-0.0040151798,0.020793768,-0.2071428,0.0046472345
-17.457899,1.57287,0.41583601,-4.6849799,0.0092629502,0.019428732,-0.2071428,0.0080442987
-17.5151,2.2213399,0.453733,-4.4085798,-0.00163896,0.017994463,-0.20714281,0.011412668
-17.197001,2.8825901,0.61500603,-4.1638398,0.0020361801,0.016493002,-0.2071428,0.014749814
-16.4615,3.55158,0.87739599,-3.92623,-0.0046731001,0.014924845,-0.2071428,0.018052479
-15.298,4.22577,1.20727,-3.68396,0.00066213799,0.013286564,-0.2071428,0.021315072
-10.9417,1.4437799,1.52162,-6.2344499,-0.0037396599,0.025510216,-0.2071428,0.006744355
-11.494,2.0761001,1.51287,-5.9883499,0.0101188,0.024204709,-0.2071428,0.010022793
-11.722,2.6949999,1.54179,-5.7346001,-0.0059026298,0.022812661,-0.20714281,0.013265364
-11.6198,3.2993,1.61112,-5.4745302,0.0041775298,0.021336287,-0.2071428,0.016469618
-11.1855,3.89077,1.7147,-5.2011199,-0.00082122302,0.019775789,-0.2071428,0.019632185
-10.5168,4.4612098,1.83398,-4.9127498,-0.0081235496,0.018126644,-0.2071428,0.02274701
68.228203,1.75055,-1.33505,-5.1564498,-0.00047928299,0.13267019,-0.20714182,0.042987682
64.769096,2.36165,-1.31147,-6.2104001,-1.8702e-14,0.12262037,-0.20714197,0.039880782
60.493599,2.11164,-0.88151997,-6.1714401,0.00037487099,0.11257049,-0.2071421,0.036773842
56.8573,2.0509,0.57360297,-6.0331602,-0.000677192,0.10252051,-0.20714225,0.033666849
52.773102,1.8904001,1.18162,-5.9344201,0.00042394499,0.0924704,-0.20714238,0.030559786
48.7201,1.92862,0.655963,-6.0328598,-0.00097626197,0.083045088,-0.20714253,0.027647022
68.186699,2.24893,-1.40581,-4.89712,0.00103058,0.12742357,-0.20714301,0.05682756
64.842201,3.0444,-1.38547,-5.9612498,0.00037889299,0.11786301,-0.20714299,0.052681372
60.583801,2.77195,-0.96906102,-5.9095302,-0.00046911099,0.10830228,-0.20714296,0.048535079
56.979198,2.6965599,0.48195899,-5.7898998,-0.000139596,0.098741293,-0.20714293,0.044388648
52.941601,2.5141201,1.14054,-5.6868401,-0.00158004,0.089179963,-0.2071429,0.040242024
48.938999,2.5483501,0.66350502,-5.7570701,0.00025458101,0.080161624,-0.20714289,0.036332984
67.829803,2.7699101,-1.57099,-4.5882802,-0.00106175,0.12047978,-0.20714281,0.070417702
64.563103,3.6965799,-1.49031,-5.6226802,-0.00074180303,0.11147968,-0.20714281,0.065188095
60.384201,3.4010701,-1.03017,-5.5725498,0.00095673098,0.10247935,-0.20714281,0.05995835
56.8409,3.2811699,0.40974101,-5.4927101,-0.000398954,0.093478695,-0.20714281,0.054728415
52.878601,3.1266999,1.0579,-5.3860602,-0.00062185799,0.084477581,-0.20714281,0.049498215
48.906502,3.1238599,0.64005601,-5.4534202,0.00117776,0.075950943,-0.20714283,0.04454682
67.087196,3.2692599,-1.75122,-4.23874,-0.00021275099,0.11205374,-0.2071428,0.083144478
64.027802,4.2961502,-1.60042,-5.24049,0.00085869001,0.10374111,-0.20714281,0.076909348
60.068501,3.9892199,-1.0940599,-5.1933799,-0.00169951,0.095428236,-0.20714281,0.070674069
56.6036,3.8509901,0.32741299,-5.12988,0.00137827,0.087115042,-0.20714281,0.064438604
52.712399,3.7034199,0.97541797,-5.0307999,8.9253699e-05,0.078801408,-0.20714281,0.058202859
48.737499,3.69257,0.61816001,-5.0917301,-0.00205892,0.070891112,-0.20714283,0.052273504
66.416397,3.7021,-1.93249,-3.8420999,0.00105066,0.10228038,-0.2071428,0.094867408
63.544899,4.80936,-1.70068,-4.8129001,0.00054596702,0.094767936,-0.20714281,0.087716386
59.769402,4.51301,-1.15485,-4.7621198,0.000633905,0.087255314,-0.20714281,0.080565259
56.357101,4.35218,0.25179899,-4.7227702,-0.00162053,0.079742454,-0.20714281,0.073413968
52.497299,4.2383499,0.89965302,-4.6208801,8.9377703e-05,0.072229259,-0.20714281,0.066262469
48.469002,4.2130699,0.59974998,-4.6918502,-2.7608699e-05,0.06504783,-0.20714281,0.059431616
66.395599,4.0278502,-2.05933,-3.3689301,-0.000655426,0.091322862,-0.20714286,0.10549685
63.438,5.24156,-1.77034,-4.3256202,-4.96795e-05,0.084704749,-0.20714286,0.097523607
59.685799,4.9692702,-1.2066,-4.2676101,-0.000253771,0.07808657,-0.20714286,0.089550331
56.2234,4.8262501,0.187434,-4.23419,0.00144149,0.071468301,-0.20714284,0.081576988
52.3092,4.72926,0.83587098,-4.1523499,0.00120728,0.064849906,-0.20714284,0.073603556
48.2868,4.6754398,0.587686,-4.2379899,0.00117683,0.058493506,-0.20714283,0.065952592
45.693901,1.79857,0.367026,-6.2288399,6.5931003e-05,0.077099085,-0.20714264,0.025330178
43.673199,1.697,0.212231,-6.3871398,0.000136865,0.074007504,-0.20714271,0.02341491
41.788898,1.49212,0.119837,-6.5753798,0.00211439,0.070915923,-0.20714279,0.021499641
45.8829,2.4394701,0.382009,-5.9643002,-9.9772296e-05,0.074409679,-0.20714286,0.033361003
43.817001,2.34689,0.222592,-6.1522298,0.00061958801,0.071380936,-0.20714284,0.031088389
41.866798,2.1664701,0.12511501,-6.3753099,-0.0019787599,0.068352193,-0.20714283,0.02881578
45.829399,3.0388401,0.37963501,-5.6785598,-6.9018199e-05,0.070533536,-0.20714281,0.040927887
43.735298,2.9682,0.226485,-5.8851299,7.2371498e-05,0.067750633,-0.20714281,0.038362458
41.767799,2.7983401,0.12920199,-6.1366501,-0.0024510601,0.064967729,-0.20714281,0.03579703
45.6161,3.6133299,0.37963799,-5.3418298,3.06933e-05,0.065884702,-0.20714283,0.04804698
43.5382,3.5703599,0.234171,-5.5638199,-0.000740188,0.063378565,-0.20714283,0.045216724
41.565498,3.43085,0.139789,-5.8354101,0.0037289499,0.060872432,-0.20714283,0.042386472
45.3442,4.13554,0.384253,-4.9591198,-0.00029175999,0.060520839,-0.20714283,0.054643743
43.306599,4.1188202,0.247411,-5.1917901,-0.000370277,0.058316328,-0.20714283,0.051578071
41.3386,4.0208101,0.157941,-5.4839602,-0.00293523,0.056111813,-0.20714283,0.048512395
45.155399,4.6342802,0.39444199,-4.5272198,0.000261012,0.054504789,-0.20714283,0.060652476
43.128899,4.63902,0.26704299,-4.7687802,-0.0010541501,0.052621681,-0.20714283,0.057380684
41.132,4.58285,0.185176,-5.07056,0.00137811,0.050738569,-0.20714283,0.054108892
37.542301,1.5270801,0.109854,-7.3131599,-0.00072356802,0.064180039,-0.20714281,0.018948782
27.4014,1.69408,0.61095101,-8.1859503,0.0020270001,0.053799853,-0.20714281,0.015762329
13.563,1.8178,1.36783,-8.1348801,0.00071172899,0.043419667,-0.20714281,0.012575876
-1.44678,1.61206,1.74994,-7.3520899,-5.6093799e-05,0.03303948,-0.20714281,0.0093894238
37.478901,2.2571399,0.128258,-7.1321998,-0.0021005501,0.061805278,-0.20714281,0.025595291
27.2927,2.46609,0.65466702,-7.9606099,0.00058746297,0.051740203,-0.20714281,0.021426922
13.1514,2.6017499,1.42329,-7.8917398,0.00150608,0.041675128,-0.20714281,0.017258553
-1.74183,2.26212,1.7780499,-7.1184201,-0.0018979,0.031610053,-0.20714281,0.013090184
37.3657,2.96752,0.152123,-6.8840098,0.00113286,0.058780547,-0.20714281,0.031972066
27.212299,3.21981,0.70045,-7.66748,-0.0015114699,0.049189091,-0.20714281,0.026887577
12.9009,3.3603799,1.47596,-7.5774598,-0.00186884,0.039597634,-0.20714281,0.021803085
-1.76024,2.89622,1.80922,-6.8354502,0.00320957,0.030006176,-0.20714281,0.016718594
37.152901,3.6558599,0.183002,-6.5727,-0.0010499,0.055135757,-0.20714281,0.03801303
27.1043,3.94783,0.74838603,-7.30023,0.000485011,0.046168536,-0.20714281,0.032096401
12.8046,4.0840702,1.52443,-7.19838,-0.00090190198,0.037201315,-0.20714281,0.026179774
-1.47422,3.50951,1.84363,-6.5057502,0.00085483602,0.028234096,-0.20714281,0.020263147
36.921299,4.3105898,0.220973,-6.1975002,0.00236509,0.050908074,-0.20714283,0.043655619
26.989799,4.6413002,0.79779297,-6.86305,0.00079919503,0.042705107,-0.20714281,0.037007734
12.8809,4.7617202,1.56793,-6.7600799,0.0019827301,0.034502137,-0.20714281,0.030359853
-0.83907998,4.0943699,1.88213,-6.1335201,-0.0038016001,0.026299171,-0.20714281,0.02371197
36.6842,4.9282298,0.26708901,-5.7560802,-0.000564827,0.04614076,-0.20714283,0.048841327
26.891399,5.2906299,0.84868598,-6.35741,-0.0019952101,0.03882825,-0.20714281,0.041577991
13.1851,5.3836999,1.6059099,-6.2680802,-0.0032343001,0.031515744,-0.20714281,0.034314655
0.160698,4.6449399,1.92202,-5.71802,0.00394224,0.024203233,-0.20714281,0.027051317
64.818199,0.486725,-2.24173,5.6792498,0.00076454802,-0.13832527,-0.20714283,0.018722251
60.562401,0.91498703,-1.84717,7.1181202,-0.000120433,-0.1280684,-0.20714283,0.01728691
56.169102,0.93708301,-1.13315,6.9168801,0.000617226,-0.11781154,-0.20714283,0.015851568
51.771801,0.93697298,0.41498601,6.8205299,-0.00028582299,-0.10755467,-0.20714283,0.014416228
47.037701,0.93659198,1.09767,6.7512298,-0.00145987,-0.097297803,-0.20714283,0.012980887
42.0033,0.96030402,1.24318,6.95438,0.00038178699,-0.087428369,-0.20714283,0.011599821
64.859596,1.0884399,-2.2404399,5.58529,-0.00154289,-0.13559465,-0.20714283,0.033075057
60.642601,1.65514,-1.849,6.9720502,-0.00064121501,-0.12554632,-0.20714283,0.030576054
56.284401,1.66177,-1.13713,6.7613702,0.000191762,-0.11549799,-0.20714283,0.028077051
51.9114,1.65066,0.39973301,6.6655698,-0.00043754801,-0.10544965,-0.20714283,0.025578046
47.199501,1.65264,1.07924,6.5952301,-0.000101953,-0.095401317,-0.20714283,0.023079043
42.1992,1.7066801,1.23507,6.7846599,0.00180025,-0.085732557,-0.20714283,0.020674501
64.779602,1.70131,-2.23734,5.4527402,0.00115106,-0.13135424,-0.2071428,0.047056492
60.736698,2.3654799,-1.8446,6.7619901,-0.00035645501,-0.12162603,-0.2071428,0.043522108
56.4114,2.35535,-1.1312,6.52738,0.00022651,-0.11189782,-0.20714281,0.039987721
52.072399,2.3438301,0.39332199,6.4311199,0.000102529,-0.10216961,-0.20714281,0.036453336
47.3918,2.3456099,1.06626,6.3629699,0.00048964302,-0.092441395,-0.20714281,0.032918949
42.4314,2.4311299,1.22435,6.5369,-0.00063587102,-0.083080716,-0.20714281,0.029518159
37.471401,1.12993,1.2167,7.3220501,0.0023713701,-0.080859601,-0.20714283,0.01068955
34.5835,1.2202801,1.24111,7.6356301,-0.00120196,-0.077204049,-0.20714283,0.010195797
31.262199,1.34215,1.36387,7.9319,0.00260797,-0.073548496,-0.20714283,0.0097020436
37.6814,1.9301701,1.2120301,7.1221099,-0.0048512998,-0.079296537,-0.20714283,0.019083124
34.819,2.06288,1.23666,7.4127002,0.00176339,-0.075713687,-0.20714281,0.018210454
31.533701,2.22416,1.35546,7.6956301,-0.0026086899,-0.072130837,-0.20714283,0.017337782
37.959301,2.69875,1.20435,6.8383799,-0.000957401,-0.076849684,-0.20714281,0.027263919
35.1301,2.86727,1.22936,7.1024799,-0.0042280001,-0.073380761,-0.20714281,0.026022635
31.8811,3.0664799,1.34498,7.3649201,0.0026110001,-0.069911838,-0.20714281,0.024781354
24.3804,1.4527299,1.73107,8.0910501,0.00034275901,-0.066746086,-0.20714283,0.0089468388
12.1372,1.37714,2.5474899,7.7747798,0.00040484799,-0.056796804,-0.20714281,0.0079301829
-0.84944701,1.37177,2.8455901,7.0637102,-0.0034608601,-0.046847522,-0.20714281,0.0069135274
-14.2539,1.00179,2.11992,5.5613098,0.00355517,-0.03689824,-0.20714281,0.005896871
24.879101,2.37374,1.70693,7.85989,0.00035606101,-0.065627582,-0.20714283,0.015884332
13.1421,2.28969,2.5011499,7.5901098,-0.00084428902,-0.05620392,-0.20714281,0.0138501
0.57554698,2.2221501,2.8573699,6.97539,0.0020733799,-0.046780258,-0.20714281,0.011815868
-12.4868,1.75428,2.2983301,5.5821199,0.00033566801,-0.037356596,-0.20714281,0.0097816363
25.458599,3.2541101,1.67772,7.5313201,-0.0018595,-0.063805461,-0.20714281,0.022662003
14.3039,3.17207,2.4421799,7.3166699,0.00309993,-0.055061646,-0.20714281,0.019664584
2.18453,3.05019,2.84764,6.8136001,-0.000547248,-0.046317823,-0.20714281,0.016667163
-10.1258,2.5769701,2.4579799,5.56359,-0.00329386,-0.037574004,-0.20714281,0.013669743
-20.198099,1.28376,0.52217102,4.0998302,-0.00086779799,-0.029806875,-0.2071428,0.0066782148
-18.427601,1.87318,1.18626,4.3569698,0.000453755,-0.030609675,-0.2071428,0.010102877
-16.930799,2.63345,1.83316,4.58003,0.00048258601,-0.031262264,-0.2071428,0.013552454
-22.8592,1.717,-0.70139199,3.2193601,0.00073511602,-0.025504369,-0.2071428,0.0091764145
-21.2342,2.3213501,0.358816,3.5876701,-0.00132943,-0.02646271,-0.2071428,0.012679804
-19.3057,3.1682601,1.39633,3.8629,0.00029794901,-0.027298074,-0.2071428,0.016196867
-23.559601,1.9306999,-1.66052,2.3924301,-0.00065399701,-0.021083452,-0.2071428,0.011524454
-21.880501,2.5483201,-0.45706299,2.72296,0.000744402,-0.022183308,-0.2071428,0.015072776
-19.742201,3.52739,0.93685299,3.0355899,0.000141749,-0.023187429,-0.2071428,0.018623531
-23.9368,2.1891799,-2.1549101,1.6768301,-0.00051000097,-0.016576299,-0.2071428,0.013743471
-22.2166,2.80757,-0.92805302,1.9346,0.00072389201,-0.017806038,-0.2071428,0.017308621
-19.906401,3.8717599,0.63647902,2.2333701,-0.00064565201,-0.018967282,-0.2071428,0.02086496
-24.024799,2.47119,-2.27302,1.0216399,0.00090473302,-0.012002457,-0.20714281,0.015846308
-22.2861,3.1467099,-1.00717,1.21334,-0.00077726098,-0.013351852,-0.20714281,0.019403536
-19.7882,4.2813601,0.59746498,1.44757,0.000958196,-0.014659993,-0.20714281,0.022940714
-23.6077,2.80144,-2.0123701,0.307695,-6.7789002e-14,-0.0073722885,-0.2071428,0.01783446
-21.8587,3.63183,-0.66751802,0.44341201,0.000466464,-0.0088315345,-0.2071428,0.021360077
-19.1143,4.72294,0.79135603,0.65184402,0.00071104203,-0.01027677,-0.2071428,0.024854396
-22.615601,3.25755,-1.29853,-0.515158,-0.00062830403,-0.0026928058,-0.20714281,0.019703602
-20.692801,4.1985402,-0.0079450402,-0.40347701,-0.00093268498,-0.0042520412,-0.20714281,0.023173805
-17.6821,5.1392298,1.1289099,-0.177146,-0.00013494999,-0.00582451,-0.20714281,0.026601467
-20.773001,3.8912499,-0.24948099,-1.4519,-0.00015301599,0.0020284655,-0.2071428,0.021450495
-18.6448,4.7617202,0.74982601,-1.32142,6.5808003e-05,0.00037905871,-0.2071428,0.024841595
-15.449,5.5018001,1.50383,-1.04653,0.00151103,-0.0013108244,-0.2071428,0.028178912
-18.1071,4.4752598,0.83877301,-2.5516801,-0.000104663,0.0067853928,-0.2071428,0.023066109
-15.9841,5.1729202,1.41904,-2.31727,-0.00067678501,0.0050560548,-0.2071428,0.026353365
-12.6433,5.7322102,1.80834,-1.92282,-0.00056701998,0.0032590001,-0.2071428,0.029575596
-13.8902,4.8686199,1.54619,-3.444,0.00013615801,0.011572522,-0.2071428,0.024529686
-12.0096,5.4391799,1.83674,-3.17079,-0.00127279,0.0097749019,-0.2071428,0.027684998
-8.9694796,5.8917899,2.01088,-2.7767899,0.000744758,0.0078823259,-0.2071428,0.030764043
-9.8392,5.0025702,1.94531,-4.6082501,0.00072325999,0.016381506,-0.2071428,0.025805458
-8.8032303,5.50036,2.0215499,-4.2443099,-0.00105851,0.014529633,-0.2071428,0.028795036
-6.29111,5.9231601,2.0750599,-3.75419,0.0078789396,0.012555566,-0.2071428,0.031697102
66.613197,4.30512,-2.1269801,-2.88129,0.000102907,0.080573268,-0.2071429,0.11404748
63.3964,5.60392,-1.80987,-3.8206201,-0.00176274,0.074759476,-0.20714289,0.10546459
59.622799,5.3553901,-1.24687,-3.7532899,0.00125125,0.068945676,-0.20714287,0.096881688
56.140598,5.2108898,0.135922,-3.74997,0.000237563,0.063131884,-0.20714286,0.08829879
52.210701,5.1354899,0.785267,-3.6717401,-0.00076098798,0.057318088,-0.20714286,0.079715893
48.194901,5.08705,0.58336598,-3.77034,-0.0010605101,0.051720072,-0.20714284,0.071460873
66.643402,4.5296602,-2.1324699,-2.45961,-0.00059098302,0.070297919,-0.20714289,0.12064509
63.197102,5.9096699,-1.82716,-3.3268299,0.000102045,0.065170527,-0.20714289,0.11164145
59.425499,5.6779799,-1.26726,-3.27123,-3.5710401e-14,0.060043138,-0.20714287,0.10263781
55.944,5.5430102,0.102558,-3.26683,-0.00156827,0.054915745,-0.20714286,0.093634158
52.010601,5.4728298,0.75035101,-3.19417,0.00090608001,0.049788356,-0.20714286,0.084630519
47.9949,5.4385099,0.58792198,-3.29863,-0.000367815,0.044852193,-0.20714284,0.075968951
66.358902,4.7767,-2.1342101,-2.00774,0.00167581,0.059478071,-0.20714286,0.12630019
62.7911,6.1958199,-1.8365,-2.80667,0.00082071399,0.055066656,-0.20714284,0.11692972
59.060299,5.9765201,-1.28365,-2.7727399,0.00025779899,0.050655242,-0.20714284,0.10755926
55.584702,5.8351698,0.074741296,-2.78232,0.00038412699,0.046243828,-0.20714284,0.098188788
51.661301,5.77666,0.72381401,-2.69872,-0.000514307,0.04183241,-0.20714284,0.088818319
47.6101,5.7567801,0.59881997,-2.8038499,0.00229636,0.037586831,-0.20714283,0.079802446
44.967899,5.07831,0.41183999,-4.0699401,0.00030069301,0.048197251,-0.20714284,0.065812998
42.924301,5.1072698,0.294967,-4.30897,0.0042913998,0.046533857,-0.20714283,0.062444378
40.879601,5.1012502,0.22306,-4.6066699,0.0039292099,0.044870459,-0.20714283,0.059075758
44.6749,5.4657602,0.434719,-3.59566,0.00041767099,0.041699432,-0.20714284,0.070121214
42.618698,5.5297799,0.329698,-3.8195601,-0.0032051499,0.040138841,-0.20714283,0.066745207
40.487,5.58425,0.269025,-4.0932698,-0.00569434,0.03857825,-0.20714283,0.0633692
44.2006,5.8211598,0.46395299,-3.0910699,8.3639898e-05,0.034812994,-0.20714283,0.073775806
42.123901,5.9187799,0.37216899,-3.2923701,-0.0023698299,0.033345066,-0.20714283,0.07038381
39.929001,6.02069,0.32231501,-3.5376599,0.00179881,0.031877138,-0.20714283,0.066991806
36.435699,5.5040302,0.32097,-5.25248,0.00078893598,0.040882684,-0.20714283,0.053516354
26.8113,5.88589,0.90146399,-5.7908902,0.00137755,0.034570538,-0.20714281,0.045766167
13.7454,5.9411898,1.63921,-5.7307901,0.00108858,0.028258387,-0.20714281,0.038015977
1.43466,5.17275,1.9594899,-5.2589998,-0.0050196401,0.021946236,-0.20714281,0.030265788
36.085899,6.0359502,0.38201201,-4.6943898,-0.00188846,0.035187591,-0.20714283,0.057632059
26.6884,6.4215398,0.95634001,-5.1742601,2.63207e-05,0.029966859,-0.20714281,0.049533781
14.4014,6.43712,1.66903,-5.1634302,0.00142042,0.024746127,-0.20714281,0.041435499
2.71421,5.6786499,1.9936399,-4.76999,-0.000201638,0.019525398,-0.20714281,0.033337221
35.659698,6.5115499,0.447972,-4.0842199,-0.000357204,0.029113291,-0.20714281,0.061145369
26.5403,6.88938,1.01192,-4.5114002,0.00053175603,0.025053518,-0.20714281,0.052844502
14.9368,6.88483,1.69512,-4.5723801,0.00038339201,0.020993745,-0.20714281,0.044543635
3.47104,6.1628499,2.0269401,-4.2740998,0.0041578901,0.016933974,-0.20714281,0.036242768
64.653297,2.3826399,-2.23212,5.1858702,-0.00023442799,-0.1243521,-0.20714279,0.062818982
60.8363,3.16377,-1.8417701,6.4149199,0.00092421402,-0.11515162,-0.20714279,0.05811948
56.4809,3.1483099,-1.13402,6.1536999,0.000357841,-0.10595113,-0.2071428,0.053419977
52.169102,3.11904,0.373559,6.0596299,-0.000116086,-0.096750647,-0.2071428,0.048720472
47.531101,3.12328,1.0422699,5.9927201,0.000466653,-0.087550156,-0.20714281,0.044020966
42.597198,3.23563,1.20337,6.14292,-0.000762449,-0.078697331,-0.20714281,0.039499115
64.692802,3.0192699,-2.2263501,4.7905998,-5.85657e-05,-0.11418407,-0.2071428,0.079916134
60.860001,4.0037298,-1.84869,5.8871999,2.53035e-05,-0.10574233,-0.2071428,0.073950633
56.527199,3.98351,-1.16719,5.6327901,-0.00059141702,-0.097300574,-0.2071428,0.067985132
52.300701,3.9490199,0.31744301,5.5267601,0.00049191801,-0.088858828,-0.20714281,0.062019628
47.754101,3.94876,0.99456,5.4578199,-0.00028314901,-0.080417082,-0.20714281,0.056054126
42.911701,4.0862098,1.17006,5.5640702,0.00020052399,-0.072294265,-0.20714281,0.050314069
65.212097,3.6284201,-2.22086,4.2508101,-0.000363142,-0.10165569,-0.2071428,0.095342092
61.144199,4.77284,-1.85665,5.2267699,-0.000203712,-0.094147846,-0.2071428,0.08823698
56.749401,4.7312198,-1.19094,4.98283,1.51306e-05,-0.08664,-0.2071428,0.081131868
52.5676,4.6691699,0.27625099,4.8929701,-0.000250123,-0.079132147,-0.20714281,0.074026756
48.0714,4.66786,0.94635201,4.82195,-0.00063963101,-0.071624301,-0.20714281,0.066921644
43.321701,4.8228202,1.12674,4.8860302,0.00050134602,-0.064400114,-0.20714281,0.060085069
65.0504,4.1907601,-2.21575,3.70134,-0.00017595101,-0.08700902,-0.20714277,0.10879199
61.159199,5.4466701,-1.85921,4.4783301,-0.00072216301,-0.080594316,-0.20714277,0.10069651
56.924801,5.37533,-1.2119,4.2383699,0.00061976397,-0.07417962,-0.20714279,0.092601031
52.8592,5.29282,0.22961999,4.1542702,0.00026702101,-0.067764923,-0.2071428,0.084505558
48.434898,5.2846398,0.89265901,4.08883,0.00115066,-0.061350223,-0.2071428,0.076410078
43.7906,5.4489899,1.07242,4.1087899,-6.8257803e-05,-0.055177949,-0.2071428,0.068620637
65.261497,4.6212902,-2.2093999,3.0508001,0.00030476,-0.070663132,-0.20714279,0.1200985
61.378601,5.9923701,-1.8648,3.64326,0.000329175,-0.065463386,-0.20714279,0.11116905
57.205101,5.8858299,-1.2359,3.4349599,-0.000261501,-0.060263637,-0.2071428,0.10223959
53.184399,5.7907701,0.181024,3.35728,-0.000211067,-0.055063888,-0.2071428,0.09331014
48.822399,5.7786498,0.83904701,3.29493,-0.00021666101,-0.049864143,-0.20714281,0.084380686
44.2738,5.9392099,1.00743,3.2787299,-0.00092296599,-0.044860855,-0.20714281,0.075788714
65.553101,4.9556899,-2.1995399,2.3649399,0.00027203601,-0.052851997,-0.20714279,0.12891862
61.576302,6.4078398,-1.86804,2.72841,0.000217333,-0.048977189,-0.2071428,0.11934377
57.468601,6.2754998,-1.25295,2.5525301,-0.000109594,-0.045102384,-0.2071428,0.10976891
53.512402,6.1756001,0.140817,2.4853401,-0.00069979002,-0.041227575,-0.2071428,0.10019404
49.220001,6.15518,0.787503,2.4384401,0.000333445,-0.037352767,-0.20714281,0.090619184
44.7771,6.3042698,0.936158,2.3868001,0.00150538,-0.033624336,-0.20714281,0.081406191
65.7173,5.1997399,-2.1861501,1.69771,-0.00024613901,-0.033967409,-0.2071428,0.13515314
61.763,6.7504301,-1.86701,1.77701,-0.000544385,-0.031495675,-0.2071428,0.12512186
57.7593,6.5321498,-1.26491,1.6465,0.00044041499,-0.02902394,-0.2071428,0.11509058
53.846001,6.42453,0.105432,1.58697,3.01525e-05,-0.026552204,-0.20714281,0.10505929
49.617298,6.3986101,0.74278003,1.55365,1.66667e-05,-0.024080466,-0.20714281,0.095028006
45.271,6.5286798,0.86177802,1.47712,-0.00180588,-0.021702077,-0.20714281,0.085375778
66.076202,5.32023,-2.1703701,0.89068699,-0.000281199,-0.014395652,-0.2071428,0.13862576
62.142601,6.86448,-1.86333,0.79056197,0.00095675798,-0.013376234,-0.2071428,0.12834214
58.0672,6.6649599,-1.27305,0.70203102,-0.00101534,-0.012356816,-0.2071428,0.11805853
54.186298,6.5500998,0.083038203,0.645046,0.00091480801,-0.011337398,-0.20714281,0.10777491
50.0434,6.5246902,0.710522,0.64400601,0.00014328401,-0.010317979,-0.20714281,0.097491287
45.782299,6.62536,0.788315,0.54589897,0.0016227399,-0.0093370155,-0.20714281,0.087596238
65.955399,5.3696899,-2.15482,0.105637,0.000655271,0.0054809484,-0.20714279,0.13923541
62.2272,6.8610001,-1.85495,-0.199802,0.000178524,0.0050256904,-0.20714279,0.12891363
58.281799,6.6720099,-1.27587,-0.25453499,0.000818956,0.0045704325,-0.2071428,0.11859185
54.470402,6.54884,0.072372898,-0.279594,-0.00093929801,0.0041151745,-0.2071428,0.10827008
50.363998,6.4918098,0.69172603,-0.265452,-9.5001902e-05,0.0036599166,-0.20714281,0.097948305
46.191399,6.58143,0.719392,-0.374791,1.00327e-05,0.0032219207,-0.20714281,0.088016592
65.978203,5.2681599,-2.13712,-0.67569399,7.5002899e-05,0.025239026,-0.20714279,0.1370406
62.333099,6.71769,-1.84402,-1.16871,-0.000114556,0.023319272,-0.2071428,0.12688729
58.458199,6.5443902,-1.27456,-1.1864901,-0.00062816998,0.021399518,-0.2071428,0.11673396
54.729099,6.4140801,0.072484799,-1.21873,0.000607458,0.019479765,-0.2071428,0.10658064
50.683998,6.3763199,0.69109797,-1.16631,-0.000288273,0.017560009,-0.20714281,0.096427329
46.572899,6.4059901,0.66063499,-1.2779,-0.00047544099,0.015712857,-0.20714281,0.086657681
65.953697,5.0086198,-2.1315,-1.4485,-0.0010897201,0.044487331,-0.2071428,0.13205019
62.465401,6.4748702,-1.83875,-2.0992601,-0.00044069299,0.04114164,-0.2071428,0.12227351
58.681801,6.2765098,-1.2857,-2.09201,-0.00027765101,0.037795946,-0.2071428,0.11249684
55.061001,6.1484499,0.068515301,-2.0922401,0.00030142901,0.034450255,-0.20714281,0.10272016
51.070499,6.0977602,0.706119,-2.02707,-0.000273243,0.031104565,-0.20714281,0.09294349
46.9804,6.0925498,0.61976898,-2.1345401,-0.00065390801,0.027885349,-0.20714281,0.083536223
38.181099,3.5487299,1.18545,6.3864002,0.00454047,-0.0728039,-0.20714281,0.036498934
35.3848,3.75894,1.20833,6.6109099,0.00271428,-0.069522187,-0.20714281,0.034842774
32.180099,3.9993999,1.31715,6.84337,-0.00068139401,-0.066240482,-0.20714281,0.033186615
38.562302,4.4282298,1.15523,5.73385,-0.0020824999,-0.06688495,-0.20714281,0.046502411
35.820099,4.6702199,1.1712101,5.9122601,-0.0039972202,-0.063870177,-0.20714281,0.044393703
32.687801,4.9531398,1.26323,6.1065798,-0.0029090501,-0.060855407,-0.20714281,0.042284995
39.061298,5.1875501,1.11287,4.9749599,-0.00035474301,-0.059588011,-0.20714281,0.055543661
36.396801,5.44946,1.12326,5.1008201,0.0026305499,-0.056904346,-0.20714281,0.053028874
33.3563,5.7652102,1.20047,5.2435002,0.0024210601,-0.05422068,-0.20714283,0.050514091
39.6194,5.8127398,1.05533,4.1250501,-0.0022617399,-0.051065739,-0.20714281,0.063445292
37.0257,6.0851302,1.06112,4.1961398,-0.00279429,-0.048771158,-0.20714281,0.060578011
34.098499,6.4210601,1.12521,4.2783799,-0.000644958,-0.046476576,-0.20714281,0.05771073
40.209,6.29355,0.98510498,3.2155001,0.00167349,-0.041525025,-0.20714281,0.07007771
37.697498,6.5637598,0.98620999,3.23594,0.0031634499,-0.039660197,-0.20714281,0.066910192
34.868698,6.9061298,1.03607,3.2565801,-0.00224292,-0.037795369,-0.20714281,0.063742675
40.817799,6.6300001,0.90567797,2.2636399,0.00338109,-0.031135757,-0.20714281,0.07528048
38.381401,6.8885102,0.89973903,2.2338099,-0.0026561201,-0.029740648,-0.20714281,0.071880177
35.658501,7.2216001,0.93609297,2.1896901,0.0048270398,-0.028345542,-0.20714283,0.068479881
41.451801,6.8357601,0.82043898,1.29602,-0.0027029901,-0.020111062,-0.20714281,0.078955919
39.0989,7.0585599,0.80423099,1.22163,0.00053086999,-0.019214075,-0.20714281,0.075389378
36.474098,7.3672099,0.82817698,1.1182899,-0.00495402,-0.018317087,-0.20714283,0.071822837
42.085602,6.87392,0.732427,0.32423699,0.00168899,-0.0086753722,-0.20714281,0.081013739
39.803101,7.0814099,0.70375597,0.208463,-0.00047177999,-0.0082945963,-0.20714281,0.077355228
37.288502,7.3552299,0.71566802,0.055687699,0.00142397,-0.0079138204,-0.20714283,0.07369671
42.595901,6.7727399,0.64667398,-0.63247001,-0.00112687,0.002939516,-0.20714281,0.08140938
40.387699,6.9485202,0.60436499,-0.77667397,0.0025377099,0.0027954408,-0.20714281,0.077736601
37.9715,7.1914501,0.60305703,-0.96647501,0.0024162801,0.0026513659,-0.20714283,0.074063823
43.084599,6.5464201,0.56865501,-1.55477,-0.0019151299,0.014492843,-0.20714281,0.080156863
40.948101,6.6975999,0.51027697,-1.72019,-0.00354001,0.013827363,-0.20714281,0.076541208
38.632999,6.8966799,0.49441499,-1.93726,0.00111491,0.013161883,-0.20714283,0.072925553
43.565498,6.1859398,0.50236702,-2.4174399,0.0014641,0.025752131,-0.20714281,0.077274926
41.486599,6.3144698,0.42462599,-2.5984299,0.0037749901,0.02457843,-0.20714281,0.073790178
39.252102,6.4672899,0.390587,-2.8291199,-0.0016719199,0.02340473,-0.20714281,0.070305437
25.753901,4.23736,1.64631,7.0061102,-0.00062363798,-0.06046813,-0.20714281,0.030224096
14.5117,4.1594501,2.4163001,6.8245602,-0.00151647,-0.052205149,-0.20714281,0.025955223
1.78576,3.91292,2.8378699,6.3968501,0,-0.043942168,-0.20714281,0.021686349
-9.9748402,3.2986,2.46259,5.1851001,0.00364235,-0.035679184,-0.20714281,0.017417474
26.1185,5.25495,1.59979,6.2620201,0.00076860399,-0.055389803,-0.20714281,0.038321581
14.4099,5.1824198,2.3991799,6.0822501,0.00039406199,-0.047473364,-0.20714281,0.032503456
0.99295098,4.7803202,2.8143499,5.6686502,0.00063085102,-0.039556921,-0.20714281,0.026685333
-11.2575,3.9994099,2.33903,4.4796,-0.0038267099,-0.031640481,-0.2071428,0.02086721
26.726,6.1321602,1.53543,5.3780599,-0.00024476001,-0.04922691,-0.20714283,0.045649439
14.615,6.0862699,2.3512499,5.1972198,0.00063422299,-0.041923039,-0.20714281,0.038434915
0.52156901,5.5746899,2.77947,4.8330898,-0.00301544,-0.034619171,-0.20714281,0.031220391
-12.3019,4.6357799,2.21822,3.6890399,0.0024159199,-0.0273153,-0.2071428,0.024005869
27.5231,6.85181,1.45162,4.3786001,0.00118387,-0.04210427,-0.20714281,0.052072424
15.1337,6.8500299,2.27315,4.19136,0.00083395903,-0.035654236,-0.20714281,0.043663099
0.56475103,6.2768698,2.72961,3.8875501,0.0020194,-0.029204201,-0.20714281,0.035253771
-12.8799,5.1965699,2.1343601,2.8665099,0,-0.022754166,-0.20714281,0.026844444
28.423201,7.4007401,1.3493201,3.2959399,0.00023203999,-0.034167919,-0.20714281,0.057476912
15.9618,7.4551501,2.1645701,3.0934701,-0.00054383703,-0.028777851,-0.20714281,0.04811291
1.2323101,6.8615098,2.6628499,2.8410001,-0.00164175,-0.023387782,-0.20714281,0.038748909
-12.823,5.6810598,2.1005399,2.0192299,0.000828674,-0.017997714,-0.20714281,0.029384907
29.4202,7.7667298,1.23943,2.15871,0.000184362,-0.025566412,-0.20714283,0.061756276
17.077999,7.88272,2.0335701,1.93602,0.00053979899,-0.021403259,-0.20714281,0.051709373
2.4507401,7.31147,2.5769801,1.72168,0.00227947,-0.017240105,-0.20714281,0.04166247
-12.0017,6.08215,2.10848,1.12396,-0.0028727399,-0.013076952,-0.20714281,0.031615563
30.5506,7.9741702,1.10659,0.99809301,-0.00076555001,-0.016461782,-0.20714283,0.064822473
18.444901,8.1255903,1.88595,0.747953,-0.00108742,-0.013648159,-0.20714281,0.054388285
4.12292,7.6140399,2.4682801,0.562801,-0.00065654301,-0.010834537,-0.20714281,0.043954093
-10.4695,6.38589,2.1398101,0.186267,0.000828474,-0.0080209132,-0.20714281,0.033519901
31.724501,7.9630499,0.969001,-0.158244,-0.00049712497,-0.0070288149,-0.20714283,0.066613019
20.000999,8.1903801,1.7173899,-0.43776199,0.00083377003,-0.0056395805,-0.20714281,0.056104168
6.2007098,7.7638602,2.3378799,-0.60105997,0.00100944,-0.0042503462,-0.20714281,0.045595311
-8.31777,6.5897002,2.17223,-0.77249002,-0.0012789,-0.0028611114,-0.20714281,0.035086457
32.7854,7.8015499,0.83069199,-1.27947,-0.000244795,0.0025497093,-0.20714283,0.067095019
21.7222,8.0755196,1.53255,-1.58935,-0.00028830799,0.0024904707,-0.20714281,0.056830194
8.5995903,7.7474399,2.1838901,-1.73818,-0.00140253,0.0024312322,-0.20714281,0.046565365
-5.59831,6.67836,2.1846399,-1.7373,0.00134201,0.0023719938,-0.20714281,0.03630054
33.845798,7.4832001,0.69363201,-2.33796,0.00115328,0.012089321,-0.20714283,0.066263251
23.574499,7.7967,1.34017,-2.6793101,-0.00151605,0.010609678,-0.20714281,0.056554303
11.2714,7.58779,2.0062699,-2.8131599,-0.00074234698,0.0091300355,-0.20714281,0.046845354
-2.36238,6.66537,2.15291,-2.66959,-0.0023920301,0.0076503921,-0.20714281,0.037136406
34.828602,7.0131402,0.55335599,-3.30445,-0.00085431599,0.021407608,-0.20714281,0.064133115
25.401699,7.36374,1.14227,-3.6821499,1.31212e-14,0.018587062,-0.20714281,0.055273209
14.005,7.2797399,1.8017401,-3.8011601,0.00079679303,0.015766514,-0.20714281,0.04641331
1.3848,6.5213599,2.0878601,-3.6071601,0.00067654898,0.012945969,-0.20714281,0.037553407
