U:0,U:1,U:2,Points:0,Points:1,Points:2
-8.110917510986328,-2.1229575843811035,-0.5832096401214599,-0.051881,-0.2,-0.12404000000000001
-7.139261148071289,-2.2618931716918946,-0.4581426830291746,-0.055958,-0.2,-0.13364
-8.382203875732422,-2.0784377639770506,-0.3623615295410154,-0.033694,-0.2,-0.13015
-7.367460050964356,-2.2018912040710448,-0.2571544017791747,-0.036362,-0.2,-0.14023
-9.141681274414061,-1.648096994781494,-0.6895603019714356,-0.047803,-0.2,-0.11442999999999999
-9.462757354736327,-1.6407487957000733,-0.44449703903198223,-0.031025999999999998,-0.2,-0.12005999999999999
-9.206395233154296,-0.5189015308380127,-0.6825504306793211,-0.043726,-0.2,-0.10482999999999999
-9.545997039794923,-0.5556087851333619,-0.43315357704162594,-0.028359,-0.2,-0.10998
-9.237258911132812,-0.13347574900627135,-0.6922129486083985,-0.039648,-0.2,-0.09522
-9.591751037597655,-0.12218192605972289,-0.4437811866760253,-0.025691000000000002,-0.2,-0.099892
-9.264661010742188,-0.18178522367477412,-0.6896321048736573,-0.035571,-0.2,-0.085615
-9.62714680480957,-0.16998261272430426,-0.43865016632080067,-0.023023,-0.2,-0.089806
-9.457617111206055,-0.13165246658325191,-0.7086735836029052,-0.031809,-0.2,-0.076752
-9.81442039489746,-0.11831079906463615,-0.4473917366027833,-0.020562,-0.2,-0.080501
-7.469065705871582,-2.130166741943359,-0.04042326061248777,-0.016036,-0.2,-0.14400000000000002
-8.508366513061523,-2.024651555633545,-0.12200919481277472,-0.014831,-0.2,-0.13364
-9.617169586181639,-1.629056773376465,-0.175998464565277,-0.013626,-0.2,-0.12327
-9.718510726928711,-0.5957371421813965,-0.15929335144042966,-0.01242,-0.2,-0.11291
-9.787413833618164,-0.10928875499725343,-0.17031298570632936,-0.011215000000000001,-0.2,-0.10254
-9.826718826293945,-0.15636661668777474,-0.16330252750396723,-0.01001,-0.2,-0.09218
-10.001234222412108,-0.10330195371627804,-0.16396974214553828,-0.0088985,-0.2,-0.082618
-7.388856546020508,-2.0532260650634764,-0.9025390375137329,0.0046186000000000005,-0.2,-0.14479
-8.443573413085938,-1.9674814697265623,-0.6111512567520142,0.004336199999999999,-0.2,-0.13437000000000002
-9.56720848083496,-1.6180297760009765,-0.47732804729461664,0.0040539,-0.2,-0.12394000000000001
-9.685180801391603,-0.6393515213012695,-0.5902698957061768,0.0037715000000000005,-0.2,-0.11352000000000001
-9.781080657958984,-0.09594601694107052,-0.5429541798400879,0.0034891999999999996,-0.2,-0.10309000000000001
-9.821065734863282,-0.14259254076004024,-0.5766514512252807,0.0032069000000000004,-0.2,-0.092668
-9.973369888305665,-0.08834664807319642,-0.6079311068725586,0.0029463000000000002,-0.2,-0.08305
-7.1710156784057615,-1.97394789352417,-1.9952457397460939,0.025192,-0.2,-0.14274
-8.226914157104492,-1.908059716796875,-1.8241990543365478,0.023426,-0.2,-0.13246
-9.336053955078125,-1.6038616413116455,-1.8274239795684815,0.021661,-0.2,-0.12217
-9.449919204711914,-0.678213130531311,-1.9681467323303226,0.019895,-0.2,-0.11188
-9.56710740661621,-0.08352083115577696,-1.9226876243591309,0.01813,-0.2,-0.10159
-9.615786666870116,-0.12888996328353874,-1.950604344177246,0.016364,-0.2,-0.091307
-9.745811721801758,-0.07318346933364867,-2.001510486602783,0.014735,-0.2,-0.081816
-6.830403874206543,-1.8933936546325683,-2.9890545059204103,0.045214,-0.2,-0.13759000000000002
-7.8502258178710935,-1.8475299453735352,-2.9627827445983885,0.042006,-0.2,-0.12768
-8.919214187622071,-1.5867803607940674,-3.120603872680664,0.038798,-0.2,-0.11775999999999999
-9.03102495727539,-0.7107897533416748,-3.2847041275024416,0.03559,-0.2,-0.10784
-9.165669662475587,-0.0723223145866394,-3.2456951202392577,0.032382,-0.2,-0.097928
-9.226258056640624,-0.115301440448761,-3.2682661186218263,0.029174000000000002,-0.2,-0.088012
-9.336491195678711,-0.05742033402919772,-3.3324983772277834,0.026215,-0.2,-0.078863
-6.36362333984375,-1.8141049476623534,-3.887738537597656,0.064364,-0.2,-0.12982
-7.319765838623047,-1.788730516433716,-4.018963893127442,0.059772000000000006,-0.2,-0.12045
-8.32600570678711,-1.5706091632843018,-4.3372353866577145,0.05517999999999999,-0.2,-0.11108
-8.441946166992187,-0.7390080757904052,-4.520730448913574,0.050588,-0.2,-0.10171000000000001
-8.592827215576172,-0.06201898290157318,-4.492901332092285,0.045995999999999995,-0.2,-0.092346
-8.665996939086915,-0.10137784734725952,-4.512887550354004,0.041404,-0.2,-0.082978
-8.754998110961914,-0.04069957282066344,-4.575403210449219,0.037167,-0.2,-0.074335
-5.7931633499145505,-1.7420520904541017,-4.749108467102051,0.082161,-0.2,-0.11930999999999999
-6.670280535888672,-1.7364157829284665,-5.0092029357910155,0.076284,-0.2,-0.11069000000000001
-7.587822833251954,-1.5592019340515137,-5.456770248413086,0.07040700000000001,-0.2,-0.10207999999999999
-7.695041296386719,-0.7660790693664551,-5.655923902893067,0.06452999999999999,-0.2,-0.093459
-7.860184317016602,-0.051906195325851445,-5.646275294494629,0.058653,-0.2,-0.084842
-7.94390595703125,-0.08640327206611637,-5.660177095031738,0.052775999999999997,-0.2,-0.076226
-8.015499377441406,-0.022441880889177326,-5.708038536071777,0.047354,-0.2,-0.068276
-5.100037707519531,-1.6797274955749513,-5.518028012084961,0.098271,-0.2,-0.10637
-5.883074543762207,-1.6938284576416016,-5.893734226989746,0.09123099999999999,-0.2,-0.098682
-6.698871298217774,-1.5566878200531007,-6.458677851867676,0.08419199999999999,-0.2,-0.090994
-6.799201127624512,-0.7974952384185792,-6.677059686279297,0.077152,-0.2,-0.08330599999999999
-6.976464859008789,-0.04144528752803803,-6.690595346069336,0.070112,-0.2,-0.07561699999999999
-7.071541140747071,-0.07012285489082337,-6.689359812927246,0.063073,-0.2,-0.067929
-7.13372906036377,-0.058044083496093746,-6.716290798950196,0.056577999999999996,-0.2,-0.060836
-4.311242085266113,-1.6396109504699707,-6.218018072509766,0.11255,-0.2,-0.091419
-4.984459210205078,-1.667878589630127,-6.685203970336914,0.10447000000000001,-0.2,-0.084797
-5.680415225219726,-1.565464581680298,-7.339312451171875,0.09639,-0.2,-0.078175
-5.76806491394043,-0.8362286603927613,-7.570277700805663,0.08831,-0.2,-0.07155299999999999
-5.955195428466797,-0.03050688024586439,-7.604364682006835,0.080231,-0.2,-0.06493099999999999
-6.056831848144531,-0.0527952372121811,-7.584535174560546,0.072152,-0.2,-0.058309
-6.1176944381713865,-0.16863353268623352,-7.58435687713623,0.064697,-0.2,-0.0522
-3.4916560661315916,-1.6221019691467284,-6.81606668548584,0.12426,-0.2,-0.074379
-4.02202728729248,-1.6591187908172607,-7.3554058822631845,0.11534000000000001,-0.2,-0.068986
-4.561880360412598,-1.5819521377563477,-8.07163927307129,0.10642,-0.2,-0.063593
-4.6288860855102545,-0.8753950263977051,-8.307906396484375,0.097498,-0.2,-0.0582
-4.81568674621582,-0.02052306826376915,-8.362669494628907,0.088577,-0.2,-0.05280700000000001
-4.92802087097168,-0.03443464652299881,-8.328531115722656,0.07965599999999999,-0.2,-0.047414
-4.996859123229981,-0.28677036790847776,-8.298555691528321,0.071425,-0.2,-0.042438
-2.60959130859375,-1.620465175628662,-7.246079229736329,0.13364,-0.2,-0.055958
-3.016213053894043,-1.6655972972869872,-7.842507275390625,0.12403,-0.2,-0.051886
-3.4248175994873047,-1.611803600692749,-8.616508129882812,0.11442999999999999,-0.2,-0.047813999999999995
-3.474430554199219,-0.92258936958313,-8.86311223449707,0.10482000000000001,-0.2,-0.043742
-3.6558593727111814,-0.01702587391901017,-8.93148583984375,0.09521,-0.2,-0.03967
-3.7895453315734864,-0.017544365785330536,-8.88574619140625,0.085602,-0.2,-0.035598000000000005
-3.8761240768432614,-0.39899352741241456,-8.828742141723632,0.076738,-0.2,-0.031841
-7.760943325805664,-2.157130096435547,-0.7700993305206296,-0.064555,-0.2,-0.11792000000000001
-6.847673071289062,-2.3119970779418946,-0.6329889183044433,-0.069613,-0.2,-0.12704000000000001
-8.720076959228516,-1.6448835773468016,-0.8911411468505861,-0.059497,-0.2,-0.10879000000000001
-8.763140145874024,-0.4784836582565307,-0.8864919097900392,-0.054438,-0.2,-0.09966599999999999
-8.78107014465332,-0.1433246018028259,-0.8952483642578128,-0.04938,-0.2,-0.09054
-8.802471765136719,-0.1905662570953368,-0.8972140640258788,-0.044322,-0.2,-0.081415
-8.994833038330079,-0.1421018707466125,-0.9267765106201171,-0.039655,-0.2,-0.072996
-6.486045457458496,-2.3603215126037598,-0.7881192836761475,-0.082504,-0.2,-0.11905999999999999
-7.333332121276856,-2.188745415496826,-0.9344655059814455,-0.076521,-0.2,-0.11051
-8.21113420715332,-1.6408547080993652,-1.0666844757080076,-0.070538,-0.2,-0.10197
-8.231467077636719,-0.44177152545928955,-1.0630242866516113,-0.064555,-0.2,-0.093421
-8.238835580444336,-0.15175271224975584,-1.070631252288818,-0.058571000000000005,-0.2,-0.084876
-8.250953085327149,-0.19811115989685057,-1.0782034355163574,-0.052588,-0.2,-0.07633
-8.432537615966798,-0.15184775182724009,-1.1167766006469728,-0.047068,-0.2,-0.068445
-6.054554600524902,-2.4066126625061037,-0.9297269660949707,-0.094493,-0.2,-0.10977999999999999
-6.823568949890137,-2.219977568817139,-1.0869142440795896,-0.08765,-0.2,-0.1019
-7.608792041015626,-1.640855912399292,-1.2318919731140134,-0.080808,-0.2,-0.09403099999999999
-7.605372528076172,-0.41406366065979006,-1.2289117630004887,-0.073965,-0.2,-0.086158
-7.604210037231445,-0.1585147479248047,-1.2346317626953125,-0.067123,-0.2,-0.07828500000000001
-7.60625569152832,-0.20406334018707262,-1.2458413902282715,-0.06027999999999999,-0.2,-0.070412
-7.76844312133789,-0.16033709875106816,-1.293312863922119,-0.053967999999999995,-0.2,-0.063149
-5.553508935546875,-2.450529724884033,-1.0594065093994143,-0.10545,-0.2,-0.09929600000000001
-6.235502822875977,-2.250121588897705,-1.2275384162902832,-0.09782,-0.2,-0.092181
-6.919765930175782,-1.6435235809326172,-1.3844667892456046,-0.090192,-0.2,-0.085066
-6.894855322265625,-0.39265171720504755,-1.38116695022583,-0.082565,-0.2,-0.07795099999999999
-6.886908003234863,-0.16375038595199587,-1.3848733413696293,-0.074937,-0.2,-0.070836
-6.876985905456543,-0.20778024396896355,-1.398501179504395,-0.06731000000000001,-0.2,-0.063722
-7.011588850402832,-0.16582488880157475,-1.4538076660156243,-0.060273,-0.2,-0.05715800000000001
-4.981158349609375,-2.4919198402404783,-1.1765497589111327,-0.11525,-0.2,-0.08772999999999999
-5.5688515914917,-2.2791787704467774,-1.3543163986206057,-0.10692,-0.2,-0.08145
-6.147398895263672,-1.6482483158111572,-1.521394835662841,-0.098587,-0.2,-0.075171
-6.106569761657715,-0.37705688722610475,-1.5170938102722165,-0.090258,-0.2,-0.068892
-6.091377388000488,-0.16744831201553356,-1.5188910926818853,-0.081929,-0.2,-0.062612
-6.067878285217285,-0.20988814029693614,-1.5337800415039062,-0.0736,-0.2,-0.056333
-6.168064794921875,-0.16921906974792478,-1.5954612297058102,-0.065916,-0.2,-0.050539999999999995
-4.3434914764404295,-2.530712367248535,-1.2802898063659667,-0.12378,-0.2,-0.075204
-4.831412188720703,-2.307078813171387,-1.466797760772705,-0.11484000000000001,-0.2,-0.069829
-5.301128044128418,-1.6552161861419679,-1.641824242401123,-0.1059,-0.2,-0.064455
-5.247667811584472,-0.36720393835067755,-1.635255526733399,-0.096964,-0.2,-0.059079999999999994
-5.2275637466430664,-0.16979071187973027,-1.635371704101562,-0.088026,-0.2,-0.053704999999999996
-5.190445408630371,-0.21067106494903554,-1.6504988601684563,-0.079087,-0.2,-0.04833
-5.248818537902832,-0.17103845098495474,-1.7171319007873542,-0.070841,-0.2,-0.043371
-10.119858047485351,-0.062462735986709594,-0.4587647705078126,-0.019672,-0.2,-0.077065
-9.778722732543946,-0.0780562137985229,-0.7328060104370113,-0.030438,-0.2,-0.073476
-10.156914443969727,-0.09758076225280765,-0.7605772521972654,-0.029067000000000003,-0.2,-0.0702
-10.497326614379883,-0.07866223200798028,-0.4750197914123535,-0.018782,-0.2,-0.073629
-10.772408966064454,-0.23940448169708262,-0.7922468612670901,-0.027696,-0.2,-0.066924
-11.147888137817382,-0.21684193038940425,-0.4919001262664793,-0.017891999999999998,-0.2,-0.07019299999999999
-10.280511352539063,-0.046454416851997415,-0.1660680050659179,-0.0085068,-0.2,-0.07909
-10.638436248779296,-0.05682623977661133,-0.1719597923088073,-0.008115100000000002,-0.2,-0.075562
-11.321648452758788,-0.19136391429901134,-0.16899264459609986,-0.0077235,-0.2,-0.072034
-10.218338333129882,-0.031211043825149554,-0.6431881251907349,0.0028318,-0.2,-0.07950399999999999
-10.539994918823243,-0.03462044376373291,-0.6492414863967895,0.0027174,-0.2,-0.075959
-11.248585113525392,-0.1634299310684204,-0.776775069770813,0.0026030000000000003,-0.2,-0.072413
-9.957586471557617,-0.016028951745510098,-2.0657846321105957,0.014116,-0.2,-0.078316
-10.23711294555664,-0.013018384633064262,-2.1052075042724607,0.013497,-0.2,-0.074816
-10.946569625854492,-0.13468118146896357,-2.3317294891357423,0.012877000000000001,-0.2,-0.071315
-9.509794067382813,-0.057367237187576296,-3.4058306991577147,0.025106,-0.2,-0.075495
-9.748927474975584,-0.05531991296100616,-3.465593463897705,0.023997,-0.2,-0.072126
-10.43675277709961,-0.1042968908309937,-3.791104037475586,0.022889,-0.2,-0.068758
-8.894334530639648,-0.13787672756671904,-4.640105178833008,0.035588999999999996,-0.2,-0.071156
-9.095305889892579,-0.16350761052131652,-4.713550885009766,0.034010000000000006,-0.2,-0.067976
-9.736460510253906,-0.07347810131073007,-5.126615547180176,0.032431,-0.2,-0.06479700000000001
-8.127623498535156,-0.2251284373474121,-5.765499443054199,0.04534,-0.2,-0.065357
-8.296979605102539,-0.26790921987533567,-5.85145500793457,0.043327,-0.2,-0.062437
-8.872702401733399,-0.044175033359527605,-6.321821270751953,0.041314,-0.2,-0.059516999999999994
-7.22893330078125,-0.31888382659912107,-6.771850103759766,0.054172000000000005,-0.2,-0.058235
-7.371682009887696,-0.3689388456916809,-6.865075102233886,0.051766,-0.2,-0.055635000000000004
-7.8698847869873045,-0.017031584644317616,-7.365199606323242,0.04936,-0.2,-0.053034000000000005
-6.210968716430664,-0.41770094991683965,-7.637520314025879,0.061935000000000004,-0.2,-0.049958999999999996
-6.3299424255371095,-0.46474702932357786,-7.737191320800781,0.059172,-0.2,-0.047718
-6.747648907470703,0.0003481309740009457,-8.247558111572266,0.056409,-0.2,-0.045477
-5.0941092391967775,-0.5211251484298706,-8.341641598510742,0.068381,-0.2,-0.040619999999999996
-5.1948423583984376,-0.5562647010803222,-8.448179458618164,0.065337,-0.2,-0.038801
-5.5295600448608395,-0.12645565056800842,-8.964243493652344,0.062292999999999994,-0.2,-0.036982
-3.975050588989258,-0.6190447428512573,-8.859643453979492,0.073461,-0.2,-0.030472000000000003
-4.066713607788086,-0.6388109952926636,-8.971645309448242,0.070184,-0.2,-0.029102999999999997
-4.336336744689941,-0.24075207094192508,-9.49538070678711,0.06690700000000001,-0.2,-0.027733999999999998
-9.324659286499024,-0.09169710921287533,-0.9623711700439461,-0.037951,-0.2,-0.069883
-9.690700958251952,-0.11303579555511478,-1.0018589767456056,-0.036246,-0.2,-0.066771
-10.268904251098634,-0.2608461919784546,-1.0443488746643066,-0.034542,-0.2,-0.063658
-8.761188391113281,-0.10459891796112064,-1.1603562866210941,-0.045049,-0.2,-0.06552899999999999
-9.106639236450196,-0.12570088457107542,-1.2109366683959957,-0.043029000000000005,-0.2,-0.062612
-9.64705892944336,-0.280051307296753,-1.266243891906738,-0.041009,-0.2,-0.059696000000000006
-8.083923709106445,-0.11622374027252202,-1.3462184761047364,-0.051654,-0.2,-0.060459000000000006
-8.40019743347168,-0.13553915311813358,-1.4066482910156246,-0.049339999999999995,-0.2,-0.05776900000000001
-8.898884515380859,-0.2962912021636963,-1.474564673614502,-0.047027,-0.2,-0.055078999999999996
-7.302774555969238,-0.1271023551368713,-1.5169213623046875,-0.05769199999999999,-0.2,-0.054725
-7.5796269622802726,-0.14520480920791634,-1.5855315139770507,-0.05511,-0.2,-0.052292
-8.032094839477539,-0.3104078233718872,-1.6643750755310052,-0.052529,-0.2,-0.04986
-6.425962379455567,-0.13708717304229745,-1.6685129722595207,-0.063096,-0.2,-0.048391
-6.658504281616211,-0.15551807470321655,-1.7445371498107907,-0.060275999999999996,-0.2,-0.046242
-7.056597578430176,-0.3227358564376832,-1.8316723022460941,-0.05745499999999999,-0.2,-0.044093
-5.465251780700684,-0.1445180392837525,-1.7992143859863283,-0.067811,-0.2,-0.041529
-5.651777616882324,-0.16406717586517328,-1.8817012023925788,-0.06478099999999999,-0.2,-0.039686
-5.989348022460938,-0.3326789199829103,-1.9755984115600587,-0.061752,-0.2,-0.037844
-11.594630889892578,-0.4331796176910401,-0.4451192113876341,-0.015713,-0.2,-0.060837999999999996
-11.209779876708986,-0.4542091262817385,-0.7556936908721923,-0.024229,-0.2,-0.058559
-10.910237243652343,-0.6502302383422851,-0.6538180870056154,-0.020761,-0.2,-0.050193
-11.228889923095704,-0.6337614852905276,-0.3548596488952638,-0.013534000000000001,-0.2,-0.051483
-9.671057083129883,-0.7017301612854006,-0.5052861549377443,-0.017293,-0.2,-0.041828
-9.855555099487306,-0.683786656188965,-0.2367502098083496,-0.011355,-0.2,-0.042128
-8.384356793212891,-0.6121584693908693,-0.3793258590698243,-0.013825,-0.2,-0.033462
-8.10958890686035,-0.5282836509704589,-0.1742095329856873,-0.0091757,-0.2,-0.032773000000000004
-11.789641143798828,-0.41520335235595685,-0.10463112361907956,-0.006938,-0.2,-0.061971000000000005
-11.33471321105957,-0.6213091114044191,-0.020080038967847824,-0.0061525,-0.2,-0.051907
-9.799728317260742,-0.6608849033355715,-0.3268559449577331,-0.0053671000000000005,-0.2,-0.041844
-7.81141365661621,-0.43984914455413815,-0.37668979225158694,-0.0045816,-0.2,-0.03178
-11.747391418457033,-0.39397992172241203,-1.1817870738983154,0.0019407,-0.2,-0.061946
-11.234760192871095,-0.6065075202941896,-1.551012702178955,0.0012785000000000001,-0.2,-0.05148
-9.61378369140625,-0.6417569435119628,-1.7832658172607423,0.00061623,-0.2,-0.041013
-7.482692253112793,-0.3762195297241213,-1.5200121528625488,-4.6009e-05,-0.2,-0.030545999999999997
-11.451141555786132,-0.36982705039978025,-2.8520342369079588,0.010765,-0.2,-0.060764
-10.913791213989256,-0.5905028114318851,-3.205702938079834,0.008653399999999999,-0.2,-0.050212
-9.288736541748046,-0.6279859035491944,-3.2180685234069824,0.0065414,-0.2,-0.039661
-7.118584416198731,-0.34906367683410644,-2.6744451293945315,0.0044294,-0.2,-0.029108999999999996
-10.92799786376953,-0.3423904090881347,-4.438825811767578,0.019377000000000002,-0.2,-0.058441
-10.397372802734376,-0.5725807098388671,-4.796228318786621,0.015865999999999998,-0.2,-0.048124
-8.832269094848632,-0.6221996429443357,-4.61163429107666,0.012354,-0.2,-0.037806
-6.721486044311524,-0.3630638790130616,-3.8409675811767574,0.0088425,-0.2,-0.027489
-10.194327438354492,-0.3124188238143921,-5.9034267517089845,0.02762,-0.2,-0.055020000000000006
-9.69657650756836,-0.552023620605469,-6.287279495239257,0.022808000000000002,-0.2,-0.045243
-8.243684616088867,-0.6237762691497801,-5.949868515014648,0.017997,-0.2,-0.035466000000000004
-6.279187031555176,-0.4112732553482057,-5.0292051239013675,0.013184999999999999,-0.2,-0.025689
-9.275507461547852,-0.2801559976577759,-7.214876405334473,0.035348000000000004,-0.2,-0.050566
-8.825117727661134,-0.5285179718017576,-7.645689541625977,0.029382,-0.2,-0.041615
-7.5297932571411135,-0.6279724613189699,-7.196777177429199,0.023416,-0.2,-0.032663
-5.78009810180664,-0.4844588039398192,-6.2193153152465825,0.01745,-0.2,-0.023712
-8.204752340698242,-0.24587371730804453,-8.348457916259765,0.042428,-0.2,-0.045166000000000005
-7.811913372802735,-0.5010140274047852,-8.841165405273438,0.035496,-0.2,-0.037299
-6.702162471008301,-0.6296436401367189,-8.333338122558594,0.028562999999999998,-0.2,-0.029431
-5.222053321838379,-0.5639034107208252,-7.384227987670899,0.021631,-0.2,-0.021564
-7.010650227355957,-0.20959772148132316,-9.289708303833008,0.048734,-0.2,-0.038916
-6.685362757873535,-0.46938606529235827,-9.850664520263672,0.04106,-0.2,-0.032354
-5.776849053955078,-0.6238999721527101,-9.336232345581054,0.033386,-0.2,-0.025792000000000002
-4.5928491073608395,-0.6283294540405273,-8.481876354980468,0.025712,-0.2,-0.019231
-5.721853169250489,-0.17165437894821167,-10.034814453125,0.054136000000000004,-0.2,-0.031908
-5.4797088882446285,-0.43409172248840333,-10.663279052734374,0.045978,-0.2,-0.026833
-4.777113142395019,-0.6090577751159669,-10.187576217651367,0.03782,-0.2,-0.021758
-3.83104337310791,-0.6622473758697511,-9.424946090698242,0.029663,-0.2,-0.016684
-4.455824404907227,-0.141990128211975,-10.577912078857421,0.058539,-0.2,-0.024271
-4.2812185424804685,-0.4075989191055296,-11.251497772216796,0.050172,-0.2,-0.020808
-3.769932369232178,-0.5953896419525146,-10.793792846679686,0.041804,-0.2,-0.017345
-3.244031120300293,-0.6674680381774905,-10.060640182495117,0.033436,-0.2,-0.013881999999999999
-10.673726669311522,-0.4835416934967043,-1.0080299278259277,-0.029883999999999997,-0.2,-0.055421000000000005
-10.363218750000001,-0.6740682003021239,-0.8826714458465572,-0.025227,-0.2,-0.047184
-9.142421554565429,-0.6997065814971926,-0.6928219104766846,-0.020569,-0.2,-0.038947
-7.712423620605469,-0.5240750732421877,-0.4741688137054445,-0.015912,-0.2,-0.03071
-10.014444061279296,-0.5142455902099607,-1.228005352020264,-0.03522,-0.2,-0.051735
-9.66612614440918,-0.6965795555114744,-1.0764354415893553,-0.029431,-0.2,-0.043775
-8.421915551757813,-0.6803652523040773,-0.8496022045135501,-0.023641,-0.2,-0.035815
-6.902374871826172,-0.40090247287750236,-0.5909437961578368,-0.017852,-0.2,-0.027854000000000004
-9.23611541748047,-0.5412348308563231,-1.4379323539733884,-0.040187,-0.2,-0.047539
-8.872100650024414,-0.7141286342620852,-1.2636877746582034,-0.033347,-0.2,-0.039998
-7.647364831542969,-0.6546734043121338,-1.0011838012695309,-0.026507,-0.2,-0.032457
-6.051651188659668,-0.2680496715545655,-0.6919731315612792,-0.019667,-0.2,-0.024916999999999998
-8.340588943481446,-0.5647990699768068,-1.6317662635803227,-0.044739,-0.2,-0.042873
-7.97985591430664,-0.7289287521362304,-1.4399044631958011,-0.03695,-0.2,-0.035886
-6.819130706787109,-0.6278029323577883,-1.1425322525024413,-0.029160000000000002,-0.2,-0.0289
-5.211863677978515,-0.14611580284118653,-0.7853268535614015,-0.02137,-0.2,-0.021913
-7.333262272644043,-0.5846276512145994,-1.8051322708129884,-0.048835,-0.2,-0.037783
-6.9903036376953125,-0.7418839080810544,-1.6000142944335938,-0.040214,-0.2,-0.031474
-5.934139639282226,-0.6052817626953124,-1.2708301651000973,-0.031594,-0.2,-0.025164
-4.384073908996582,-0.04723874752044677,-0.8729202541351322,-0.022973,-0.2,-0.018854
-6.230518768310547,-0.6005357307434083,-1.9554166946411122,-0.052434,-0.2,-0.03232
-5.918531831359863,-0.7535968395233157,-1.7416287994384767,-0.043116,-0.2,-0.026795999999999997
-5.002997521972656,-0.5919945560455324,-1.3851673080444336,-0.033799,-0.2,-0.021272
-3.5696470573425296,-0.15001965083312988,-0.9538952346801759,-0.024481,-0.2,-0.015747
-6.880592481994629,-0.28535445613861077,-0.24441970500946053,-0.011173,-0.2,-0.02982
-5.962831262207032,-0.05017520676612852,-0.34042600879669194,-0.013054,-0.2,-0.026774
-5.025828182983399,-0.965176183013916,-0.4134658613204958,-0.014834,-0.2,-0.023657
-4.147054191589356,-1.9281981594085695,-0.48519678230285646,-0.016525,-0.2,-0.020483
-3.3272128547668456,-2.667583592224121,-0.5565193264007569,-0.018134,-0.2,-0.017261000000000002
-2.549819556427002,-3.171892911529541,-0.6252224281311034,-0.019665000000000002,-0.2,-0.013999999999999999
-6.3825174392700195,-0.1057028875732422,-0.02353712023329734,-0.0064747,-0.2,-0.028662
-5.424113562011719,-0.9903128302001952,-0.12432956809043882,-0.008280599999999999,-0.2,-0.025463999999999997
-4.515464514160156,-2.274501309967041,-0.20391515159606932,-0.010011,-0.2,-0.022205000000000003
-3.678293341064453,-3.325155764770508,-0.28351252822875983,-0.011673000000000001,-0.2,-0.018897999999999998
-2.897672257232666,-4.1147239227294925,-0.36075512027740486,-0.013271999999999999,-0.2,-0.015550999999999999
-2.1471690452575682,-4.6440695236206055,-0.43399750461578357,-0.014812,-0.2,-0.012172
-5.915125375366211,-0.1618005800113678,-0.8378771974563599,-0.0018221000000000001,-0.2,-0.027294
-4.939259442138672,-1.7131545715332033,-0.3223963771820068,-0.0035405000000000002,-0.2,-0.023974000000000002
-4.063595295715332,-3.070117050933838,-0.017319368662714957,-0.005208399999999999,-0.2,-0.020604
-3.26112827835083,-4.193688189697266,-0.09926979812622067,-0.0068292000000000005,-0.2,-0.017194
-2.507126244354248,-5.036722953796386,-0.17527688009262088,-0.008406299999999998,-0.2,-0.013752
-1.7665256477355957,-5.600970385742188,-0.24791801128387458,-0.009942399999999999,-0.2,-0.010284999999999999
-5.485945243835449,-0.4224238638305664,-1.8635884979248045,0.0027811,-0.2,-0.025749
-4.502453115844727,-2.037748063659668,-1.3172485576629638,0.0011607999999999998,-0.2,-0.022331999999999998
-3.6478437828063965,-3.456111025238037,-0.8818200477600098,-0.00043382,-0.2,-0.018876
-2.8591362663269044,-4.642287541198731,-0.49036026725769044,-0.0020025999999999998,-0.2,-0.015388999999999998
-2.119904458618164,-5.524747395324707,-0.14544862533569336,-0.003547,-0.2,-0.011878
-1.3809478603363037,-6.117445381164551,-0.04223033588409422,-0.005068199999999999,-0.2,-0.008349500000000001
-5.096497750854492,-0.30939463121414185,-2.9358436248779296,0.007331600000000001,-0.2,-0.024044
-4.103817282104492,-1.9417997840881347,-2.345375842285156,0.0058194,-0.2,-0.020555
-3.2503496994018555,-3.389824200439453,-1.8723121864318846,0.0043077,-0.2,-0.017037
-2.455108180236816,-4.608145997619629,-1.474597205734253,0.0028006,-0.2,-0.013496000000000001
-1.7132146312713623,-5.511110983276367,-1.1427198093414306,0.0012988,-0.2,-0.0099401
-0.9659142311096192,-6.117936361694336,-0.8239764503860473,-0.00019777,-0.2,-0.0063733
-4.723075616455078,-0.0499139082813263,-4.090156999206543,0.011822,-0.2,-0.022183
-3.727537927246094,-1.431401948928833,-3.46509730758667,0.010426999999999999,-0.2,-0.018645
-2.8635140060424806,-2.8605085983276366,-2.9380394454956056,0.0090086,-0.2,-0.015087999999999999
-2.045800942230225,-4.083483949279785,-2.506112245941162,0.007573000000000001,-0.2,-0.011518
-1.2853444133758545,-4.993325325012207,-2.163763549041748,0.006123600000000001,-0.2,-0.0079404
-0.5270316363143921,-5.600142527770996,-1.8569976242065431,0.0046615,-0.2,-0.0043593
-4.339924731445312,-0.1971188649177551,-5.334357756042481,0.016244,-0.2,-0.020169
-3.351471619415283,-0.5063285042762756,-4.715348384094238,0.014977,-0.2,-0.016606
-2.4830062675476072,-1.8292085861206056,-4.13761520690918,0.013661000000000001,-0.2,-0.013034
-1.6438204063415527,-3.0153260276794436,-3.6351362892150876,0.012306999999999998,-0.2,-0.0094587
-0.8664124395370484,-3.921526022338867,-3.2367196006774903,0.010920000000000001,-0.2,-0.0058832
-0.10719896341323851,-4.5306464904785155,-2.9004441246032715,0.0095024,-0.2,-0.0023117
-3.9382818252563476,-0.37193872337341305,-6.637641722106934,0.020592,-0.2,-0.018007
-2.9677393707275392,-0.17024683977127075,-6.095134010314942,0.019463,-0.2,-0.014443000000000001
-2.104659420013428,-0.3540742803764343,-5.522866441345215,0.018259,-0.2,-0.010879999999999999
-1.2465830215454101,-1.3833391345977784,-4.972550973510742,0.016996,-0.2,-0.0073222999999999995
-0.4504762750053405,-2.213778649902344,-4.498609399414063,0.015681,-0.2,-0.0037726
-0.0613416706943512,-2.7941629066467284,-4.098378076171875,0.014318,-0.2,-0.00023423
-3.4934766357421876,-0.5309386413574217,-7.922066696166992,0.02485,-0.2,-0.015686000000000002
-2.55051194229126,-0.41257096405029303,-7.50757794494629,0.023869,-0.2,-0.012147
-1.700531241607666,-0.2779972839355469,-7.028219802856444,0.022789,-0.2,-0.008619100000000001
-0.8333340183258057,-0.13647755090713498,-6.518409815979004,0.021628,-0.2,-0.0051048000000000005
-0.012996249920129776,-0.07495972927570341,-6.028641949462891,0.020395,-0.2,-0.0016067999999999998
-0.15815642259597773,-0.5341293228912354,-5.580148689270019,0.019097,-0.2,0.0018725000000000002
-2.8641050727844237,-0.6347133995056153,-9.02729135131836,0.028991000000000003,-0.2,-0.013182
-1.9271473411560058,-0.5866682502746583,-8.7515166015625,0.028170999999999998,-0.2,-0.0096979
-1.0833989860534667,-0.5273998062133791,-8.421174807739257,0.027226,-0.2,-0.006235
-0.2228919224357605,-0.4617739986419678,-8.049583547973633,0.026180000000000002,-0.2,-0.0027947
-0.12096272748947134,-0.4002194204330447,-7.656451657104492,0.025042,-0.2,0.00062134
-0.2896955345153809,-0.35236081752777104,-7.263017083740234,0.023821000000000002,-0.2,0.0040113
-2.4461357307434084,-0.6666359809875488,-10.030172744750976,0.03297,-0.2,-0.010459999999999999
-1.4937456356048584,-0.6599078521728514,-9.954083938598632,0.032326,-0.2,-0.0070677
-0.6062954058074951,-0.6483751865386962,-9.815424346923828,0.031533,-0.2,-0.0037071999999999995
-0.05163044163703917,-0.634764687347412,-9.618884368896483,0.030616,-0.2,-0.00037829
-0.2298643136978149,-0.6212053909301756,-9.368915466308595,0.029589999999999998,-0.2,0.0029185
-0.4064614973068239,-0.6108635269165039,-9.077864135742187,0.028461,-0.2,0.0061818
-1.7321666320800782,-1.6388002193450928,-7.525238380432128,0.13908,-0.2,-0.040838
-2.0470298233032227,-1.6897500827789307,-8.163112503051758,0.12905999999999998,-0.2,-0.037850999999999996
-2.367801385498047,-1.6571196281433105,-8.97953422241211,0.11904,-0.2,-0.034863
-2.4120759521484376,-0.9814651752471923,-9.228205627441406,0.10902,-0.2,-0.031876
-2.5869953369140624,-0.07158201651573182,-9.29943699645996,0.098995,-0.2,-0.028888
-2.74299443359375,-0.05217182374954224,-9.23957048034668,0.088973,-0.2,-0.0259
-2.8550896270751953,-0.4922135494232178,-9.166817544555665,0.079819,-0.2,-0.023169
-1.125424771118164,-1.7397343307495117,-8.39461390991211,0.13243,-0.2,-0.02333
-0.9198325782775878,-1.686195269012451,-7.726610494995118,0.14274,-0.2,-0.025190999999999998
-1.3504114810943604,-1.716448154449463,-9.227370086669922,0.12212999999999999,-0.2,-0.021469
-1.4016893032073974,-1.041034531402588,-9.457756393432616,0.11182,-0.2,-0.019608
-1.5697010318756104,-0.12928280083656313,-9.518415649414061,0.10151,-0.2,-0.017747
-1.7478000568389893,-0.12620579955101013,-9.442780075073243,0.091199,-0.2,-0.015885
-1.8916961795806886,-0.5738407312774658,-9.360023162841797,0.081875,-0.2,-0.014197999999999999
-0.1989483077430725,-1.8333694297790526,-8.576446829223633,0.13413,-0.2,-0.008524799999999999
-0.11576343681335449,-1.784237085723877,-7.898189007568359,0.14458,-0.2,-0.0092322
-0.32249962211608885,-1.800890135192871,-9.386867797851561,0.12367,-0.2,-0.0078175
-0.389011569519043,-1.107104197692871,-9.580545455932617,0.11320999999999999,-0.2,-0.0071101
-0.5458331602859497,-0.18759741562843324,-9.62990589904785,0.10275999999999999,-0.2,-0.0064027
-0.7459511010360719,-0.19869941222190854,-9.529704345703125,0.092297,-0.2,-0.0056954
-0.9285578399658203,-0.6476834126281739,-9.439808837890626,0.082929,-0.2,-0.0050571999999999995
-0.13851825830459596,-1.9808822929382326,-8.652732751464844,0.13421,-0.2,0.0063696000000000004
-0.12944535135269164,-1.9491380867004393,-7.99433576965332,0.14469,-0.2,0.0068263
-0.13520288764953614,-1.9139139961242675,-9.41320867919922,0.12372999999999999,-0.2,0.005913
-0.11720618471145627,-1.1848045463562011,-9.577424484252928,0.11325,-0.2,0.0054563
-0.0865236414146423,-0.2469651075363159,-9.620386352539063,0.10275999999999999,-0.2,0.0049996
-0.04184355090141298,-0.2638479641723633,-9.498306823730468,0.092279,-0.2,0.0045429
0.0026191956149339696,-0.7086080916976929,-9.40897427368164,0.082975,-0.2,0.0041424999999999995
-0.3135727027893067,-2.1513669387817385,-8.486797186279297,0.13269,-0.2,0.021185
-0.27124710388183604,-2.1393407539367675,-7.7999871093749995,0.14307,-0.2,0.022803999999999998
-0.3379417604446411,-2.035236479949951,-9.272682434082032,0.1223,-0.2,0.019566
-0.3132663890838623,-1.2555362884521484,-9.439103942871093,0.11192,-0.2,0.017947
-0.2835015218734742,-0.29583848218917846,-9.486162506103515,0.10153,-0.2,0.016329
-0.23264529914855947,-0.321041423034668,-9.35272723388672,0.091147,-0.2,0.014709
-0.17822997989654543,-0.7604976638031007,-9.280105453491212,0.082014,-0.2,0.013291999999999998
-0.4983870552062988,-2.345537732696533,-8.280112683105468,0.12958,-0.2,0.034928
-0.42938369560241707,-2.372374281311035,-7.624685668945313,0.13995,-0.2,0.03758
-0.5399519233703614,-2.1563804817199705,-9.030853591918945,0.11921,-0.2,0.032276
-0.5022620582580566,-1.3191352863311767,-9.20217723083496,0.10884,-0.2,0.029624
-0.471369737625122,-0.3301380760383606,-9.251265182495118,0.09847,-0.2,0.026972000000000003
-0.4133097209930421,-0.3635116089630127,-9.111930001831055,0.088101,-0.2,0.024319999999999998
-0.349876403427124,-0.8001870877456666,-9.06109031677246,0.07912000000000001,-0.2,0.02203
-2.964901648712158,-0.6982216124725341,-9.193154071044923,0.076362,-0.2,-0.022308
-3.062159895324707,-0.7048966695404053,-9.305878799438476,0.072905,-0.2,-0.021447
-3.292402429199219,-0.310437486743927,-9.8423516998291,0.069448,-0.2,-0.020587
-2.0140779266357423,-0.7625199201202393,-9.391423416137695,0.078328,-0.2,-0.013869999999999999
-2.122156356048584,-0.7565089379882813,-9.508120849609375,0.074781,-0.2,-0.013543000000000001
-2.3243023147583006,-0.350722661113739,-10.067477188110352,0.071235,-0.2,-0.013215000000000001
-1.0624736251831055,-0.8177522938537597,-9.486066177368164,0.07935700000000001,-0.2,-0.0052694
-1.180433791732788,-0.8001154172897339,-9.615645233154297,0.075786,-0.2,-0.0054816000000000005
-1.3522063865661622,-0.38212880064010624,-10.201816574096679,0.072214,-0.2,-0.005693800000000001
-0.12288566277503968,-0.8610856315612793,-9.47873519897461,0.079454,-0.2,0.0033909999999999995
-0.2507435642814636,-0.8337011959457397,-9.626663665771485,0.075933,-0.2,0.0026395
-0.3842714063072204,-0.40357915578842163,-10.24245817565918,0.072412,-0.2,0.0018881
-0.14724800428390494,-0.8903669441223144,-9.381508300781249,0.07861900000000001,-0.2,0.012010999999999999
-0.12186317375183109,-0.851597095413208,-9.550489440917968,0.075224,-0.2,0.01073
-0.10310432760238641,-0.4119811457824707,-10.193298416137695,0.07182999999999999,-0.2,0.0094498
-0.3214844394683838,-0.9049715839385986,-9.19402936706543,0.07622999999999999,-0.2,0.020322
-0.29692663860321034,-0.8538872805023193,-9.387585494995117,0.07334,-0.2,0.018615
-0.2887016386032104,-0.40720884037017824,-10.059695556640625,0.07045,-0.2,0.016907
-3.339335214996338,-0.13176083551406859,-10.94236331176758,0.060328999999999994,-0.2,-0.018055
-3.1682913475036623,-0.4053746162414549,-11.612612213134767,0.051209000000000005,-0.2,-0.015522999999999999
-2.759786923980713,-0.5970698352813719,-11.09828840637207,0.042089999999999995,-0.2,-0.012991999999999998
-2.3003266571044922,-0.13282297052383418,-11.193176040649414,0.06150800000000001,-0.2,-0.011678000000000001
-2.093517140960693,-0.4174547512054443,-11.833015365600586,0.051780999999999994,-0.2,-0.010140999999999999
-1.7426630306243895,-0.6081141921997069,-11.220540893554688,0.042054,-0.2,-0.0086046
-1.2451578563690187,-0.13532231803894046,-11.35229803466797,0.06204400000000001,-0.2,-0.0051972
-0.9934574806213379,-0.4296196666717531,-11.962690185546876,0.051874,-0.2,-0.004700500000000001
-0.7278430485534667,-0.6178640869140626,-11.253129089355468,0.041703,-0.2,-0.004203899999999999
-0.1805997020816803,-0.13881780811309818,-11.411891220092773,0.061963,-0.2,0.0013215
-0.019306610559940332,-0.44114983634948723,-11.989597259521483,0.051514,-0.2,0.00075489
-0.05464989265441894,-0.6262742862701418,-11.19329005432129,0.041065,-0.2,0.0001883
-0.16401985172271727,-0.14324867191314694,-11.37602668762207,0.061270000000000005,-0.2,0.007817000000000001
-0.24248475475311282,-0.4520644830703735,-11.916348846435547,0.050710000000000005,-0.2,0.0061842
-0.2605003551483154,-0.6337392040252685,-11.044359741210938,0.04015,-0.2,0.0045513
-0.3724631376266476,-0.1487003478240968,-11.23447073364258,0.059953,-0.2,0.014225999999999999
-0.4645841762542724,-0.4621435993194578,-11.735262466430664,0.049456,-0.2,0.011545
-0.4647161289215087,-0.6403279876708985,-10.815415481567383,0.038959,-0.2,0.0088632
-4.03248751373291,-2.333624237060547,-1.5623776283264164,-0.12150999999999999,-0.2,-0.057444
-3.649963250732422,-2.566755330657959,-1.3691206275939942,-0.13096,-0.2,-0.06185499999999999
-4.3906280792236325,-1.6640018863677977,-1.743417236328126,-0.11205999999999999,-0.2,-0.053032
-4.329655093383789,-0.36275143255233766,-1.7346221069335943,-0.10260999999999999,-0.2,-0.048621
-4.306329920959473,-0.17086199781417855,-1.7331197868347168,-0.093159,-0.2,-0.044209
-4.2556336242675785,-0.21002723960876457,-1.7477768234252924,-0.083708,-0.2,-0.039798
-4.26732774810791,-0.17144351236343391,-1.8176154327392577,-0.07499,-0.2,-0.035727999999999996
-2.9259577201843263,-2.6001754302978517,-1.44106513748169,-0.13671,-0.2,-0.047827999999999996
-3.1890668601989747,-2.3590704216003417,-1.64086259841919,-0.12685,-0.2,-0.044427999999999995
-3.4281892906188967,-1.6747075954437256,-1.826511825561525,-0.11699000000000001,-0.2,-0.041029
-3.3645767303466796,-0.3637418083381653,-1.8142365112304688,-0.10712999999999999,-0.2,-0.037629
-3.3388026489257814,-0.1708051734542847,-1.8114793395996092,-0.097272,-0.2,-0.034230000000000003
-3.269370407104492,-0.2082580548286439,-1.8248862686157228,-0.08741399999999999,-0.2,-0.03083
-3.2311972686767576,-0.17041020233154303,-1.8949624786376944,-0.078319,-0.2,-0.027694
-2.1967089973449707,-2.631639079284668,-1.496347183990478,-0.14096,-0.2,-0.033277999999999995
-2.3207896316528323,-2.3835452255249026,-1.6997988090515133,-0.1308,-0.2,-0.030927999999999997
-2.4242923652648924,-1.6872877059936524,-1.8873393630981443,-0.12064000000000001,-0.2,-0.028576999999999998
-2.361888970184326,-0.37013034563064573,-1.8724440994262697,-0.11048,-0.2,-0.026226
-2.334553370666504,-0.1696287117385864,-1.8705508117675773,-0.10032999999999999,-0.2,-0.023875999999999998
-2.239964052581787,-0.2054581854820252,-1.8806726760864265,-0.090167,-0.2,-0.021525
-2.1431094955444334,-0.16802988807678232,-1.9495410690307615,-0.080795,-0.2,-0.019357
-1.4213204120635987,-2.6611736595153808,-1.535429788208008,-0.14368,-0.2,-0.018364
-1.4159539882659913,-2.4076733055114747,-1.7379481521606444,-0.13333,-0.2,-0.017088
-1.394285733795166,-1.7019590099334716,-1.9255308609008779,-0.12297999999999999,-0.2,-0.015811000000000002
-1.3332025737762452,-0.3813382946777344,-1.9097918548583994,-0.11263,-0.2,-0.014535
-1.3028122135162354,-0.16734508365631096,-1.9060921325683609,-0.10228,-0.2,-0.013259
-1.1857884082794188,-0.2017104352951049,-1.9133797302246105,-0.091929,-0.2,-0.011982
-1.0245367820739746,-0.16436576335906972,-1.979108276367187,-0.08238,-0.2,-0.010805
-0.5904705890274048,-2.688390892791748,-1.55658157196045,-0.14485,-0.2,-0.0032454999999999997
-0.47604936550140386,-2.4310872917175295,-1.7562543823242187,-0.13442,-0.2,-0.0030577
-0.3496130890274048,-1.7192722179412843,-1.940720542907716,-0.12399,-0.2,-0.0028698
-0.28911685720443725,-0.39794856397628786,-1.9248166656494146,-0.11355,-0.2,-0.0026819
-0.25410562047958374,-0.16396345775604249,-1.9186242675781244,-0.10312,-0.2,-0.0024941
-0.11793116019248961,-0.19737510080337528,-1.9223759536743152,-0.092684,-0.2,-0.0023061999999999996
-0.02068024248600006,-0.15964704353332526,-1.984163131713867,-0.083057,-0.2,-0.0021328000000000002
-0.04584106279373168,-2.7120201469421388,-1.55794821472168,-0.14445999999999998,-0.2,0.01192
-0.09111625169754023,-2.4527598083496094,-1.7532637222290042,-0.13405999999999998,-0.2,0.011015
-0.13503301111221322,-1.7385933780670166,-1.9326814346313466,-0.12365,-0.2,0.010111
-0.14490522817611695,-0.41918384712219237,-1.917131080627442,-0.11325,-0.2,0.009207
-0.1525003482627868,-0.15974956289291387,-1.9087830581665042,-0.10285,-0.2,0.008302799999999999
-0.18421266746521003,-0.19241372041702265,-1.9078980026245116,-0.092442,-0.2,0.0073985
-0.23966607322692868,-0.15409074010849,-1.9630345077514662,-0.082843,-0.2,0.006564399999999999
-4.434787049865722,-0.14994613843917848,-1.9078466262817386,-0.071784,-0.2,-0.034212
-4.574102825927734,-0.17070017900466916,-1.994654647827149,-0.068578,-0.2,-0.032695999999999996
-4.839501130676269,-0.34066787261962883,-2.093906860351563,-0.065372,-0.2,-0.031180000000000003
-3.3507517555236817,-0.15382717596054085,-1.99180495452881,-0.074972,-0.2,-0.026521
-3.4338984230041505,-0.1758410489082336,-2.082939743041994,-0.071625,-0.2,-0.025348
-3.6128721733093263,-0.3460644918441771,-2.185393791198731,-0.06827799999999999,-0.2,-0.024175
-2.211377185058594,-0.15610344625473027,-2.049301589965822,-0.07734400000000001,-0.2,-0.01854
-2.238864555358887,-0.17950227308273314,-2.1426515350341795,-0.073892,-0.2,-0.017723
-2.3344287773132324,-0.34882997875213606,-2.247921150207519,-0.07044,-0.2,-0.016906
-1.02693058052063,-0.15646877380371094,-2.0800106353759773,-0.07886,-0.2,-0.010353
-1.0036047584533692,-0.18185495309829713,-2.1748871536254892,-0.07534099999999999,-0.2,-0.0099005
-1.0268892562866212,-0.3494891485214233,-2.280514686584473,-0.07182100000000001,-0.2,-0.0094484
-0.03268624072551726,-0.15492136819839475,-2.0840173721313473,-0.07950700000000001,-0.2,-0.0020508
-0.04727626205921176,-0.18259840688705453,-2.1778192138671884,-0.075956,-0.2,-0.0019689
-0.05588888693809507,-0.3478021324157714,-2.283535034179687,-0.072406,-0.2,-0.001887
-0.2650740995407104,-0.1517938520812988,-2.0595457687377934,-0.07929800000000001,-0.2,0.0062745
-0.2907091815948486,-0.18154631710052493,-2.1521809463500965,-0.075754,-0.2,0.0059845
-0.31424047737121574,-0.34337555332183856,-2.2577731933593768,-0.07220900000000001,-0.2,0.0056946
-5.04113709564209,-0.6126135303497313,-2.081295043945312,-0.055504,-0.2,-0.026534
-4.778168696594238,-0.7642128883361821,-1.8626013565063477,-0.045635,-0.2,-0.021889
-4.03585302734375,-0.5907427345275877,-1.4856054740905762,-0.035767,-0.2,-0.017243
-2.7677687301635743,-0.30327727489471434,-1.0292567298889157,-0.025898,-0.2,-0.012598
-3.7785960128784177,-0.6212615207672121,-2.1801031112670906,-0.058013999999999996,-0.2,-0.020483
-3.583781954956055,-0.7738717346191404,-1.9631496505737296,-0.047749,-0.2,-0.016791
-3.039190560913086,-0.6023904781341551,-1.5725061058044432,-0.037485000000000004,-0.2,-0.013099000000000001
-1.978563656616211,-0.25535816276550294,-1.1002685577392581,-0.027219999999999998,-0.2,-0.0094076
-2.4688202827453614,-0.6261362735748293,-2.2516915435791027,-0.059941999999999995,-0.2,-0.014224
-2.347406770324707,-0.7822244632720947,-2.041966712951659,-0.049443,-0.2,-0.011542
-2.01054195022583,-0.624862105178833,-1.6457442687988273,-0.038945,-0.2,-0.008860799999999999
-1.193329263305664,-0.02407151745891571,-1.1677909568786617,-0.028447000000000004,-0.2,-0.0061792999999999996
-1.1311501235961914,-0.6270499813079833,-2.291682250976562,-0.06126,-0.2,-0.0078154
-1.0837999179840088,-0.7888682010650632,-2.095864089965822,-0.0507,-0.2,-0.0061824
-0.9469635633468627,-0.6546011188507079,-1.704828063201905,-0.040139,-0.2,-0.0045494
-0.39779691495895386,-0.10777756391525273,-1.2320391891479492,-0.029577999999999997,-0.2,-0.0029164
-0.04055305400848386,-0.6237567256927492,-2.30303653717041,-0.061956,-0.2,-0.0013201999999999999
-0.03492728814125062,-0.7932695571899417,-2.123950469970703,-0.051505999999999996,-0.2,-0.00075349
-0.023927854928970316,-0.6885592582702635,-1.7486892707824708,-0.041056,-0.2,-0.00018676
-0.08057624567985533,-0.23120822601318358,-1.2913218673706055,-0.030606,-0.2,0.00037997
-0.3064314277648925,-0.6163225788116455,-2.2845695343017596,-0.062038,-0.2,0.0051981
-0.2882361289978028,-0.7943357051849365,-2.1273302078247074,-0.051866999999999996,-0.2,0.0047016
-0.24475831413269056,-0.723340953063965,-1.77602459564209,-0.041697000000000005,-0.2,0.0042049999999999995
-0.2537640773773193,-0.36483922767639165,-1.3442245742797851,-0.031526,-0.2,0.0037085
-1.803774620437622,-3.4345479110717774,-0.691185336303711,-0.021123,-0.2,-0.010702
-1.0783700443267823,-3.439391399383545,-0.7552161785125735,-0.022504,-0.2,-0.007370699999999999
-0.36662206405639647,-3.1491587265014647,-0.8184067100524901,-0.023806,-0.2,-0.0040087
-0.06677813789367676,-2.5310098625183106,-0.8824616001129151,-0.025029,-0.2,-0.00061904
-0.21261337976455685,-1.5976696647644042,-0.949559850311279,-0.026168,-0.2,0.0027967
-0.3644837871551512,-0.42801774600982667,-1.0219760917663576,-0.027217,-0.2,0.006236600000000001
-1.4070101081848145,-4.922097157287598,-0.5035871810913086,-0.016296,-0.2,-0.0087634
-0.6705187303543091,-4.957672010803223,-0.5677438415527343,-0.017719,-0.2,-0.0053283
-0.011125534693002703,-4.742811051940918,-0.6247647350311278,-0.019081,-0.2,-0.0018698
-0.16335174554824827,-4.234712779235839,-0.676535647583008,-0.020381,-0.2,0.0016093
-0.31454694423675544,-3.355329389953613,-0.7300436126708982,-0.021615000000000002,-0.2,0.005107
-0.4692884620666504,-2.0663555725097655,-0.7943916648864748,-0.022778,-0.2,0.008621
-1.0153479789733886,-5.888449160766601,-0.3191337858200074,-0.011438,-0.2,-0.006795999999999999
-0.2522349926948547,-5.908908908081055,-0.38662445316314686,-0.012891,-0.2,-0.0032876
-0.10220344604492182,-5.675187760925293,-0.4453811080932617,-0.014301,-0.2,0.00023711
-0.25433868846893315,-5.184946936035156,-0.49476735992431653,-0.015666,-0.2,0.0037753
-0.4005991619110105,-4.376574356079101,-0.5383934150695802,-0.016982,-0.2,0.0073248
-0.5493965633392333,-3.1402495155334473,-0.5862420066833498,-0.018246000000000002,-0.2,0.010883
-0.6216366097640991,-6.426605856323242,-0.11207154180526735,-0.0065661999999999995,-0.2,-0.004806100000000001
-0.031396408925056435,-6.435746640014648,-0.18133218229293813,-0.0080387,-0.2,-0.0012503
-0.1946885645866394,-6.162099971008301,-0.24529422893524178,-0.0094849,-0.2,0.0023147
-0.3492619764328002,-5.642681198120117,-0.2996236051559449,-0.010903,-0.2,0.0058861
-0.4918626937866213,-4.835759419250488,-0.34567960147857657,-0.012291,-0.2,0.009461399999999998
-0.6329668571472169,-3.621947068023682,-0.38970159301757823,-0.013646,-0.2,0.013037
-0.19645366579055784,-6.434412562561035,-0.5069144215393067,-0.0016882000000000002,-0.2,-0.0027988
-0.12073542409896854,-6.444784120178222,-0.18432631254196166,-0.0031703000000000005,-0.2,0.00078081
-0.2845226053237915,-6.164059310913086,-0.030040035536289228,-0.0046434,-0.2,0.0043624
-0.43805531158447275,-5.633694189453125,-0.08971992127418515,-0.0061056999999999995,-0.2,0.007943500000000001
-0.5776292488098145,-4.811690133666993,-0.1423954390716553,-0.0075553,-0.2,0.011521
-0.7162951595306395,-3.5844255943298338,-0.19090273502349842,-0.0089911,-0.2,0.015091
-0.04801150868415832,-5.906051368713379,-1.5563671226501465,0.0031886999999999996,-0.2,-0.00077766
-0.20903119478225718,-5.919905575561524,-1.2446630710601807,0.0017067999999999999,-0.2,0.002802
-0.36608805351257323,-5.6568615432739255,-0.9267381053924562,0.00021659999999999998,-0.2,0.0063765
-0.512862278366089,-5.122040216064453,-0.6215223279571533,-0.0012797000000000002,-0.2,0.0099434
-0.6514668422698975,-4.268705256652832,-0.3431383539962769,-0.0027813000000000004,-0.2,0.013499
-0.8006776206970212,-2.99575431137085,-0.09197658344268797,-0.0042882,-0.2,0.01704
-0.1303956635856628,-4.839196315002441,-2.5904700271606447,0.0080569,-0.2,0.0012534
-0.28382409591674795,-4.857960688781739,-2.2833638175964355,0.0065851,-0.2,0.004809300000000001
-0.43339049739837643,-4.593579071044922,-1.9773446754455568,0.0050877,-0.2,0.0083529
-0.5795878993988035,-4.031666163635254,-1.6844749084472657,0.0035671,-0.2,0.011881999999999998
-0.7313427398681638,-3.122763196563721,-1.4186585956573485,0.0020235,-0.2,0.015392
-0.9063829399108885,-1.815622121810913,-1.185058615875244,0.00045534,-0.2,0.01888
-0.21434056224822995,-3.0906426467895507,-3.754170866394043,0.012909,-0.2,0.0032906999999999997
-0.36499790019989,-3.099782856750488,-3.4458927726745605,0.011457,-0.2,0.0067992
-0.5172869045257569,-2.819512587738037,-3.1603521560668946,0.0099625,-0.2,0.010288
-0.6766899307250975,-2.2362579010009767,-2.89552255859375,0.0084276,-0.2,0.013756
-0.8511803123474122,-1.333802805328369,-2.655166442871094,0.0068516,-0.2,0.017197
-1.046248963165283,-0.15863557645177842,-2.4338123504638673,0.005232,-0.2,0.020608
-0.3188272436141968,-0.7737990530395508,-5.186680026245117,0.017736000000000002,-0.2,0.005331399999999999
-0.4791685844421387,-0.7724834380340576,-4.843961987304687,0.016315,-0.2,0.0087667
-0.6440136035919188,-0.5217749927902222,-4.540481729125976,0.014833,-0.2,0.012175
-0.817386211776733,-0.02528930842876434,-4.259439944458008,0.013295,-0.2,0.015555000000000001
-1.0011417526245117,-0.15538252475738523,-3.9925909606933594,0.011696999999999999,-0.2,0.018902000000000002
-1.1917706733703612,-0.31815171089172356,-3.7307618377685543,0.010037,-0.2,0.02221
-0.4569461524963381,-0.3268893293380737,-6.885870416259766,0.022521,-0.2,0.0073736999999999995
-0.6242033435821535,-0.3278889253616333,-6.529940882873535,0.021143000000000002,-0.2,0.010705
-0.7925862358093259,-0.3570375295639039,-6.193609829711914,0.019687,-0.2,0.014003
-0.9624048820495608,-0.4115602462768555,-5.8656728576660155,0.018157,-0.2,0.017265
-1.133685589599609,-0.4839303710937499,-5.535702543640137,0.016551,-0.2,0.020487000000000002
-1.3028579940795897,-0.5623875984191895,-5.197518411254883,0.014862,-0.2,0.023662
-0.5804035377502443,-0.6065430583953857,-8.750797894287109,0.027237,-0.2,0.009410600000000002
-0.7512433578491207,-0.6094025310516358,-8.393050762939453,0.025918,-0.2,0.012601000000000001
-0.9187766342163082,-0.6204765941619872,-8.005952426147461,0.024503,-0.2,0.015750999999999998
-1.0818731025695802,-0.6391008262634279,-7.588448391723633,0.022997999999999998,-0.2,0.018858
-1.2400095092773435,-0.6623744300842285,-7.137801348876954,0.021398,-0.2,0.021918
-1.391727393341064,-0.6861157207489015,-6.649187353515625,0.019696,-0.2,0.024922
-0.6753886459350587,-2.544558403778076,-8.073811279296875,0.1255,-0.2,0.048132
-0.5839027793884277,-2.6100214462280276,-7.479704397583008,0.13537000000000002,-0.2,0.051749
-0.7314631778717038,-2.2913759170532226,-8.740677212524414,0.11562,-0.2,0.044515
-0.681715537261963,-1.39776393699646,-8.898521139526368,0.10574000000000001,-0.2,0.040898000000000004
-0.6490621536254881,-0.3531751856803894,-8.935717642211914,0.09586499999999999,-0.2,0.037281
-0.5820924350738523,-0.369667764377594,-8.77336279296875,0.085987,-0.2,0.033664
-0.5117821849822999,-0.80484557220459,-8.740454556274415,0.077299,-0.2,0.030487
-0.8300257259368893,-2.738438915252685,-7.677658462524414,0.11955999999999999,-0.2,0.061561000000000005
-0.7145363380432128,-2.83709402923584,-7.073538475036621,0.12893,-0.2,0.066307
-0.9074371994018557,-2.4205230323791502,-8.340575396728516,0.11018,-0.2,0.056815
-0.853397938537598,-1.4604168144226075,-8.493426739501952,0.1008,-0.2,0.052067999999999996
-0.8203340702056883,-0.3582979377555847,-8.522201504516602,0.091423,-0.2,0.047320999999999995
-0.7411659572601321,-0.35417194976806643,-8.344494772338868,0.082045,-0.2,0.042574
-0.6639499622344971,-0.7853198023605346,-8.340342150878906,0.07371799999999999,-0.2,0.038367
-0.9768812530517579,-2.926997386932373,-7.169804776000976,0.11212000000000001,-0.2,0.07422899999999999
-0.8460854335784909,-3.0774407859802246,-6.571525874328613,0.12086,-0.2,0.080032
-1.0687532638549806,-2.512060264587402,-7.8213964874267585,0.10338,-0.2,0.068426
-1.0142297866821286,-1.4784043365478516,-7.981771185302735,0.094639,-0.2,0.062623
-0.9821220794677732,-0.341126780166626,-8.01014566040039,0.085897,-0.2,0.05682
-0.8929591941833497,-0.3331693716812134,-7.8387116638183585,0.077155,-0.2,0.051016000000000006
-0.8105875675201419,-0.7598911614990235,-7.88065864868164,0.069319,-0.2,0.045823
-1.1044785293579098,-3.0571089714050292,-6.547717134094238,0.10334000000000002,-0.2,0.086001
-0.9608510879516601,-3.256797148895264,-5.929919746398926,0.11133,-0.2,0.092775
-1.2119949195861812,-2.549952208709717,-7.215675996398926,0.095355,-0.2,0.07922699999999999
-1.1623271759033207,-1.4547062072753907,-7.382851432800292,0.08737,-0.2,0.072453
-1.1316769760131837,-0.30022691593170164,-7.407910534667968,0.07938400000000001,-0.2,0.065678
-1.0351280860900873,-0.29821426593780515,-7.2593105667114255,0.071398,-0.2,0.058903
-0.949529957580566,-0.7227734860610961,-7.357867819213867,0.06417,-0.2,0.052782
-1.2094290161132815,-3.097602641296387,-5.80499794921875,0.093334,-0.2,0.096751
-1.0500417312622075,-3.3382638732910155,-5.149747271728516,0.10046000000000001,-0.2,0.1044
-1.3380205551147464,-2.5190422645568846,-6.509447430419922,0.086211,-0.2,0.089101
-1.297856332397461,-1.3898397617340088,-6.68393953704834,0.079088,-0.2,0.081451
-1.270338268280029,-0.2418289638519287,-6.709310487365722,0.071965,-0.2,0.073801
-1.1646677795410154,-0.2558411044692993,-6.605741757202148,0.064841,-0.2,0.066151
-1.0761081291198726,-0.6787628219985962,-6.771517346191406,0.058329,-0.2,0.05917000000000001
-1.3018447753906246,-3.0468590789794923,-5.026482075500488,0.08227999999999999,-0.2,0.10643
-1.1284067253112795,-3.3081820350646973,-4.323701622009278,0.08845700000000001,-0.2,0.11485999999999999
-1.4494057739257808,-2.4376357902526857,-5.767385948181152,0.076103,-0.2,0.097996
-1.4187584205627441,-1.3085456371307373,-5.936573051452637,0.069926,-0.2,0.089564
-1.395307120513916,-0.1825827150058746,-5.961446606445312,0.06375,-0.2,0.08113200000000001
-1.2825053276062013,-0.21115361876487732,-5.909914485168457,0.057573,-0.2,0.072701
-1.1937087188720703,-0.6300051536178589,-6.145549391174316,0.051865999999999995,-0.2,0.06493
-0.4898669597625731,-0.8978083492279052,-8.908294369506836,0.074296,-0.2,0.028383999999999996
-0.4679973335266112,-0.8435755717468263,-9.137474716186523,0.071293,-0.2,0.02628
-0.4717997268676757,-0.3932490069389343,-9.841631881713868,0.06829,-0.2,0.024177
-0.6504039253234861,-0.8726478281402588,-8.551178302001953,0.07094,-0.2,0.035972000000000004
-0.6331118976593015,-0.8208390130233766,-8.816735711669923,0.068163,-0.2,0.033576999999999996
-0.6507388568878172,-0.37058659940719607,-9.543336242675782,0.065385,-0.2,0.031181999999999998
-0.804718399429321,-0.8389950158309937,-8.130379443359375,0.066801,-0.2,0.043164
-0.7933753604888913,-0.7874826184082031,-8.426013424682617,0.06428400000000001,-0.2,0.040505
-0.8253354900360108,-0.3373283057022095,-9.162085485839844,0.061766999999999996,-0.2,0.037846
-0.9499801208496095,-0.7951281047058106,-7.63757020111084,0.061937,-0.2,0.049887
-0.9461937637329108,-0.7447802763748168,-7.958799453735352,0.05970399999999999,-0.2,0.046991000000000005
-0.9951813087463384,-0.2949194757270813,-8.699604672241211,0.057472,-0.2,0.044095999999999996
-1.0857947692871095,-0.7442251659011841,-7.077236372375488,0.056401,-0.2,0.05606799999999999
-1.0906836967468259,-0.6944260563659668,-7.4227486465454104,0.054474,-0.2,0.052965
-1.1580252517700194,-0.24454868030548094,-8.158788320922852,0.052547,-0.2,0.049863
-1.213678928375244,-0.6885650643157959,-6.4699765487670895,0.050259,-0.2,0.061647
-1.2287097167968746,-0.6380789637756348,-6.829578192138672,0.048652999999999995,-0.2,0.058365
-1.3140262718200688,-0.18704600348472594,-7.543906547546387,0.047047000000000005,-0.2,0.05508300000000001
-0.5782117149353025,-0.15479579036712643,-10.993419494628906,0.058026999999999995,-0.2,0.020485
-0.6832166934967039,-0.4716910827636718,-11.436965408325195,0.047763,-0.2,0.016794
-0.6650292793273924,-0.6466897243499754,-10.493146438598632,0.0375,-0.2,0.013102
-0.7792906352996827,-0.1615193204689025,-10.657465835571289,0.055518,-0.2,0.026537
-0.8963102416992186,-0.48035732269287124,-11.032399810791016,0.045652,-0.2,0.021892
-0.8600930034637448,-0.6526937999725337,-10.088208129882812,0.035785000000000004,-0.2,0.017247
-0.97565249710083,-0.1691679798126221,-10.216350158691407,0.052451,-0.2,0.032323000000000005
-1.1017849441528318,-0.48817160835266105,-10.53044874572754,0.043135,-0.2,0.026799
-1.0476911216735836,-0.6587200847625732,-9.615175933837891,0.033819,-0.2,0.021275
-1.1655721031188966,-0.17741764280319217,-9.678351165771485,0.048853,-0.2,0.037787
-1.2968409210205074,-0.49481367111206076,-9.92907241821289,0.040235,-0.2,0.031477
-1.2258601387023926,-0.6646830528259278,-9.0705166015625,0.031616000000000005,-0.2,0.025168
-1.3460507957458496,-0.18610097274780268,-9.049982415771485,0.04476,-0.2,0.042876
-1.4780856712341315,-0.500454182434082,-9.239328506469725,0.036972000000000005,-0.2,0.03589
-1.3925595138549802,-0.6702281665802001,-8.457426290893554,0.029185000000000003,-0.2,0.028904000000000003
-1.5135432296752924,-0.1953929636001588,-8.33928116760254,0.040208999999999995,-0.2,0.047543
-1.6420790855407716,-0.5047824829101564,-8.472616091918946,0.033371,-0.2,0.040001999999999996
-1.5466673606872554,-0.67451658782959,-7.780927026367188,0.026534,-0.2,0.032462
-0.2757513278961181,-2.4720741722106934,-1.7303206085205076,-0.13219,-0.2,0.024973
-0.2109185105323792,-2.7317542030334474,-1.5414198722839352,-0.14244,-0.2,0.02696
-0.3380618682861327,-1.7580598014831543,-1.9043244400024424,-0.12194,-0.2,0.022986000000000003
-0.34746569671630856,-0.44253373619079595,-1.8866923294067366,-0.11169000000000001,-0.2,0.020999
-0.35558935146331794,-0.1549612246894836,-1.87628500366211,-0.10142999999999999,-0.2,0.019013
-0.3894803014755248,-0.1865624711036682,-1.8698934249877919,-0.09118,-0.2,0.017026
-0.45363779373168933,-0.1475192047882079,-1.9165345306396482,-0.08172,-0.2,0.015193
-0.3750591985702516,-2.74925905456543,-1.5112042625427247,-0.13879,-0.2,0.041689
-0.45690183486938496,-2.4879573669433594,-1.690806182861328,-0.12880999999999998,-0.2,0.038643000000000004
-0.5355333717346191,-1.7730219066619872,-1.854552719116212,-0.11882999999999999,-0.2,0.035595999999999996
-0.5452814373016359,-0.4623236301422119,-1.834217834472657,-0.10884,-0.2,0.03255
-0.5536280811309813,-0.1504202646636963,-1.8232779235839853,-0.098857,-0.2,0.029502999999999998
-0.5887904239654542,-0.1800248227691651,-1.8094193267822263,-0.088872,-0.2,0.026456999999999998
-0.6613393543243409,-0.13981873527526856,-1.8454509658813478,-0.079661,-0.2,0.023646
-0.5521594692230223,-2.767512063598633,-1.4569554649353034,-0.13364,-0.2,0.055958
-0.648394173049927,-2.5041058883666993,-1.6260030868530269,-0.12403,-0.2,0.051886
-0.7416736473083496,-1.789330491256714,-1.7756582031249994,-0.11442999999999999,-0.2,0.047813999999999995
-0.7521791385650634,-0.4871165883255004,-1.75086001586914,-0.10482000000000001,-0.2,0.043742
-0.7601061622619625,-0.14455046926498416,-1.7390588012695307,-0.09521,-0.2,0.03967
-0.796610258483887,-0.17148390550613402,-1.7178332313537599,-0.085602,-0.2,0.035598000000000005
-0.8769523395538332,-0.12972337377548215,-1.7398248069763191,-0.076738,-0.2,0.031841
-0.4924940330505372,-0.1470159206199645,-2.0084260711669906,-0.078224,-0.2,0.014534
-0.5302697135925292,-0.177961560535431,-2.0974000015258802,-0.074728,-0.2,0.013875
-0.5678591079711914,-0.3358846790313721,-2.201580375671387,-0.07123099999999999,-0.2,0.013216
-0.7123049034118654,-0.1408764157295227,-1.9309302520751945,-0.07625599999999999,-0.2,0.022627
-0.7611556850433345,-0.1726726705551147,-2.014943450927735,-0.072851,-0.2,0.021606999999999998
-0.8130269504547121,-0.3261566774368285,-2.1170345535278337,-0.06944700000000001,-0.2,0.020587
-0.9387085411071778,-0.13187656379699708,-1.8152274169921867,-0.073461,-0.2,0.030472000000000003
-0.9985902076721187,-0.16336114805221547,-1.8909219360351557,-0.070184,-0.2,0.029102999999999997
-1.067144075012207,-0.31335938129425056,-1.9898760528564452,-0.06690700000000001,-0.2,0.027733999999999998
-0.5668798892974856,-0.6045087448120117,-2.2378916244506826,-0.061503999999999996,-0.2,0.011679
-0.5362756458282472,-0.7917482383728025,-2.1051699371337893,-0.051775999999999996,-0.2,0.010142
-0.46402616653442363,-0.7547709827423095,-1.7837010086059575,-0.042049,-0.2,0.0086053
-0.4318751834869383,-0.49036593322753896,-1.3875661262512207,-0.032322000000000004,-0.2,0.0070686
-0.8191838401794431,-0.5896756374359131,-2.1644621047973622,-0.060327,-0.2,0.018055
-0.7778841335296631,-0.7852488769531254,-2.059937538146974,-0.051207,-0.2,0.015524000000000001
-0.6857401065826414,-0.7804363906860354,-1.773456819915772,-0.042088,-0.2,0.012991999999999998
-0.6280782264709472,-0.6031579025268554,-1.423641625213623,-0.032968,-0.2,0.010459999999999999
-1.0821799949645996,-0.5763068126678466,-2.0493534088134773,-0.058539,-0.2,0.024271
-1.025856675720215,-0.7806927932739258,-1.9693610763549803,-0.050172,-0.2,0.020808
-0.9067271232604979,-0.7939647232055664,-1.7109575424194343,-0.041804,-0.2,0.017345
-0.7974027542114257,-0.6866057491302491,-1.4531666168212887,-0.033436,-0.2,0.013881999999999999
-0.5219101238250734,-0.1741379406166077,-1.0967318992614743,-0.028163,-0.2,0.0096992
-0.7060778274536132,-0.406808421897888,-1.1695966148376469,-0.028986,-0.2,0.013183000000000002
-0.913446365356446,-0.624471662902832,-1.2951430603027347,-0.029658999999999998,-0.2,0.016684
-0.6280897232055662,-0.5213717941474915,-0.872776104736328,-0.02386,-0.2,0.012149
-0.8215503795623782,-0.23559878768920894,-0.9557462249755861,-0.024842,-0.2,0.015688
-1.06468369140625,-0.5501998680114748,-1.0911421127319336,-0.025705000000000002,-0.2,0.019232
-0.7052995624542233,-1.513287788772583,-0.6506580806732178,-0.019451,-0.2,0.014445
-0.9086922088623046,-0.09074529115676877,-0.7314853214263914,-0.020581,-0.2,0.018009
-1.1934442115783694,-0.48576349411010744,-0.8707244304656978,-0.021621,-0.2,0.021565
-0.7857158256530763,-1.9752408409118651,-0.44432737922668464,-0.014962999999999999,-0.2,0.016609
-0.9981753402709961,-0.02157706505298615,-0.5169962959289554,-0.01623,-0.2,0.020171
-1.3127220710754397,-0.453697427368164,-0.6493329227447511,-0.017437,-0.2,0.023714
-0.8777037231445313,-1.8987068977355956,-0.24286352519989007,-0.010409999999999999,-0.2,0.018647999999999998
-1.1025220787048342,-0.03976988501548767,-0.3083799272537231,-0.011805,-0.2,0.022186
-1.4281732025146479,-0.46197664146423323,-0.42560177040100067,-0.013168000000000001,-0.2,0.025692000000000003
-0.9863912658691403,-1.2796393226623535,-0.030924573292732252,-0.0057997,-0.2,0.020559
-1.2202784172058108,-0.14020228139877322,-0.0939518025493622,-0.0073116,-0.2,0.024048
-1.535153986358642,-0.5052230152130126,-0.19430231689453126,-0.0088223,-0.2,0.027493
-1.115253849029541,-0.19978152019309997,-0.9534228763580321,-0.0011387,-0.2,0.022336
-1.341624199676514,-0.2926082059860229,-0.6336217906570435,-0.0027581999999999997,-0.2,0.025752999999999998
-1.6281675933837896,-0.5684384590148928,-0.21243847438812252,-0.0044059,-0.2,0.029113
-1.2543142333984374,-0.24081315269470216,-2.1859579803466795,0.0035652,-0.2,0.023979
-1.4527650840759279,-0.45942555847167954,-1.8145881771087646,0.0018479,-0.2,0.027299
-1.7018349212646484,-0.635726044845581,-1.444044261932373,7.290600000000001e-05,-0.2,0.030551
-1.3773846931457516,-0.47491519508361835,-3.43428154296875,0.008307799999999999,-0.2,0.025469
-1.5424531700134274,-0.59672043800354,-3.010869651031494,0.0065033999999999995,-0.2,0.028667
-1.7513498367309577,-0.688440584182739,-2.689372509765625,0.0046118,-0.2,0.031785
-1.4622282203674324,-0.6329752483367921,-4.821142120361328,0.013084,-0.2,0.026779
-1.6026649307250977,-0.6846338104248049,-4.329952722167969,0.011205,-0.2,0.029825
-1.7725009490966794,-0.7182781517028807,-4.0082228546142575,0.009209299999999998,-0.2,0.032779
-1.5358965507507332,-0.7056015556335451,-6.108999444580078,0.017884,-0.2,0.027860000000000003
-1.668422017669677,-0.7191654186248781,-5.496901037597656,0.015946000000000002,-0.2,0.030716000000000004
-1.7759226654052735,-0.7262329895019533,-5.001855928039551,0.013862000000000001,-0.2,0.033468
-1.3851220024108883,-2.9446672981262205,-4.346241555786133,0.072672,-0.2,0.11317
-1.202806518554688,-3.1943857917785645,-3.6568979560852055,0.078176,-0.2,0.12205
-1.545146806335449,-2.35120143661499,-5.057939987182618,0.06716799999999999,-0.2,0.1043
-1.5212435920715333,-1.2389898151397705,-5.20596964263916,0.061664,-0.2,0.095429
-1.5012645668029787,-0.13361355223655702,-5.220196713256836,0.05616,-0.2,0.086556
-1.3864454437255862,-0.16753093628883362,-5.222358261108399,0.050656,-0.2,0.077683
-1.301089191436768,-0.5782107886123657,-5.5187285705566405,0.045573,-0.2,0.069502
-1.4592012313842773,-2.854908644104004,-3.7000777854919438,0.06253500000000001,-0.2,0.1191
-1.2697765472412108,-3.081184028625488,-3.078637239074707,0.06734,-0.2,0.12837
-1.628657354736328,-2.2885035736083985,-4.342631823730469,0.05773,-0.2,0.10983
-1.6097769874572752,-1.1876008087158203,-4.480212930297852,0.052925,-0.2,0.10056
-1.5921168792724618,-0.09359606863975525,-4.477643029785156,0.048119999999999996,-0.2,0.09128700000000001
-1.4779818542480463,-0.12368194167137148,-4.53415803527832,0.043315,-0.2,0.08201599999999999
-1.39953059463501,-0.5223631540298462,-4.882545275878906,0.038879000000000004,-0.2,0.073466
-1.5303881103515629,-2.7954165962219237,-2.9107293701171875,0.051884000000000007,-0.2,0.12404000000000001
-1.334851440429687,-3.0118048774719237,-2.367241436767578,0.055958,-0.2,0.13364
-1.708537049865722,-2.236831075286865,-3.478439205932617,0.047810000000000005,-0.2,0.11442999999999999
-1.6941013793945316,-1.1362647853851318,-3.6056708038330076,0.043736000000000004,-0.2,0.10482999999999999
-1.677740272521973,-0.048587044109821315,-3.589417865753174,0.039662,-0.2,0.095223
-1.5669934173583986,-0.07488116514968872,-3.7100731994628906,0.035588,-0.2,0.085618
-1.4992679901123047,-0.46132797657012947,-4.116779057312011,0.031830000000000004,-0.2,0.07675599999999999
-1.331656131744385,-0.6301070452880859,-5.840695652770996,0.044059,-0.2,0.066235
-1.3596633705139158,-0.5782258883666992,-6.187922575378418,0.042545,-0.2,0.062967
-1.4621150856018064,-0.12396970790863038,-6.856455491638184,0.041031,-0.2,0.059699
-1.4415196800231938,-0.5683310501098633,-5.179074542236328,0.037441,-0.2,0.070198
-1.4823873138427732,-0.5159019832229614,-5.492936738586426,0.036003,-0.2,0.06692999999999999
-1.5999059585571285,-0.05709487926006318,-6.094078364562988,0.034565,-0.2,0.063662
-1.552109188842774,-0.5018423015213013,-4.388610006713868,0.03046,-0.2,0.07347999999999999
-1.6046740005493163,-0.4478917665863037,-4.67244928741455,0.029091000000000002,-0.2,0.070204
-1.7366903007507322,0.004748525188446047,-5.190404411315918,0.027721,-0.2,0.066929
-1.6678874580383294,-0.20531767301559456,-7.547397380065918,0.035244,-0.2,0.051739999999999994
-1.789075435638427,-0.5082483688354493,-7.644050842285155,0.029457,-0.2,0.04378
-1.6890693832397456,-0.6772637714385987,-7.055724266052246,0.023671,-0.2,0.03582
-1.8082567474365234,-0.21536602144241335,-6.680455679321289,0.029910000000000003,-0.2,0.055425999999999996
-1.922392524719239,-0.5103180511474608,-6.763838246154785,0.025256,-0.2,0.047189
-1.8208929275512702,-0.6787394382476806,-6.3008118362426755,0.020600999999999998,-0.2,0.038952999999999995
-1.9446087646484376,-0.23582058391571037,-5.648667225646973,0.024256,-0.2,0.058563
-2.043845474243165,-0.5244243076324464,-5.721753533935547,0.020791999999999998,-0.2,0.050198
-1.9329191207885739,-0.6860731204986572,-5.402197567749023,0.017327000000000002,-0.2,0.041832999999999995
-0.8515601760864255,-2.527786770629883,-1.5214914863586433,-0.11534000000000001,-0.2,0.068986
-0.7342652652740478,-2.7883266357421874,-1.3670564102172849,-0.12426,-0.2,0.074379
-0.9668657363891597,-1.8257116134643554,-1.6539163772583017,-0.10642,-0.2,0.063593
-0.9781610450744633,-0.5411523894882202,-1.6257123977661134,-0.097497,-0.2,0.0582
-0.9842915145874027,-0.13346788789749142,-1.6133648666381841,-0.088576,-0.2,0.05280700000000001
-1.02027710723877,-0.1592095189857482,-1.5822085266113284,-0.079654,-0.2,0.047414
-1.1058996719360348,-0.11612341276168825,-1.5849222106933603,-0.071423,-0.2,0.042439
-1.0473477828979494,-2.5550542015075686,-1.377731885528564,-0.10447000000000001,-0.2,0.084797
-0.9046803268432617,-2.8077673767089846,-1.2411082603454586,-0.11255,-0.2,0.091419
-1.1873021369934085,-1.8733195098876951,-1.492549079895019,-0.096388,-0.2,0.078175
-1.1974075584411619,-0.609598466873169,-1.4632055137634286,-0.088308,-0.2,0.07155299999999999
-1.2007628738403318,-0.11931315029144285,-1.4495718170166008,-0.080229,-0.2,0.064932
-1.232671154022217,-0.14374211832046513,-1.408348672485352,-0.072149,-0.2,0.05831
-1.3181336761474611,-0.09931828119277952,-1.3924269668579106,-0.064694,-0.2,0.0522
-1.2261701980590818,-2.580701554107666,-1.2080156349182127,-0.09122999999999999,-0.2,0.098682
-1.0647768135070805,-2.827341360473633,-1.0933855651855469,-0.098271,-0.2,0.10637
-1.382983674621582,-1.9157994606018067,-1.3009559753417967,-0.08419,-0.2,0.090994
-1.389147857666015,-0.6723051258468628,-1.2714708702087405,-0.077149,-0.2,0.08330599999999999
-1.3879323524475096,-0.10506390609741212,-1.2585551246643067,-0.070109,-0.2,0.07561799999999999
-1.4103754783630373,-0.12617747333526608,-1.2073688514709469,-0.063068,-0.2,0.06792999999999999
-1.4915371932983401,-0.07947745438575748,-1.1727145660400389,-0.056572000000000004,-0.2,0.060837
-1.3779413833618168,-2.6058723472595213,-1.0183338600158693,-0.076283,-0.2,0.11069000000000001
-1.2008378700256346,-2.847177197265625,-0.9300616653442386,-0.082162,-0.2,0.11930999999999999
-1.54745470275879,-1.9576040832519532,-1.086423514556885,-0.070405,-0.2,0.10207999999999999
-1.5489822769165045,-0.7367850531768799,-1.0574577819824222,-0.064527,-0.2,0.09346
-1.5450479537963862,-0.08989341533660888,-1.0460053718566895,-0.058648,-0.2,0.084843
-1.5545337532043462,-0.10714439774513251,-0.9849066688537595,-0.052770000000000004,-0.2,0.076227
-1.6251988456726068,-0.05737121907711029,-0.9311003196716312,-0.047346,-0.2,0.068277
-1.4975710464477547,-2.6290181640625,-0.8081799121856692,-0.059771000000000005,-0.2,0.12045
-1.3064038299560545,-2.8627483627319337,-0.7484745292663577,-0.064364,-0.2,0.12982
-1.6777473861694343,-1.998478067779541,-0.8509318428039547,-0.055177,-0.2,0.11108
-1.6754670463562018,-0.7998534129333497,-0.8241962814331059,-0.050582999999999996,-0.2,0.10171000000000001
-1.6694937034606934,-0.07467438418388367,-0.8147181983947753,-0.045989999999999996,-0.2,0.092347
-1.6638430389404295,-0.08736154271125796,-0.7470983474731447,-0.041395999999999995,-0.2,0.082979
-1.7205356636047355,-0.034042387442588806,-0.6757753173828127,-0.037158,-0.2,0.074337
-1.5899950416564934,-2.6490752532958983,-0.5883017551422118,-0.042005,-0.2,0.12768
-1.3860963783264166,-2.875459272003174,-0.563078266143799,-0.045215,-0.2,0.13759000000000002
-1.776021438598633,-2.035176280975342,-0.6001313762664795,-0.038794999999999996,-0.2,0.11775999999999999
-1.7674479873657223,-0.8583861734390259,-0.5758888320922853,-0.035585000000000006,-0.2,0.10785
-1.7584068786621092,-0.059943593564033504,-0.5688873699188233,-0.032375,-0.2,0.09792999999999999
-1.7355359924316414,-0.06741127923488616,-0.4984167507171633,-0.029164999999999996,-0.2,0.088013
-1.7757821151733406,-0.009986566795468332,-0.41278692131042494,-0.026202999999999997,-0.2,0.078865
-1.6469853515625008,-2.66661568069458,-0.3547728345870971,-0.023424,-0.2,0.13246
-1.4369788673400876,-2.885684037017822,-0.3606985815048218,-0.025192,-0.2,0.14274
-1.836661880493164,-2.06927268371582,-0.33911253261566165,-0.021656,-0.2,0.12217
-1.8249161758422865,-0.9130215902328491,-0.316689322090149,-0.019888999999999997,-0.2,0.11188
-1.8134205322265622,-0.04603477562665939,-0.3124676858901978,-0.018121,-0.2,0.1016
-1.7710256210327149,-0.048328755254745476,-0.2434690759658813,-0.016353,-0.2,0.091309
-1.7914236053466794,-0.06763275163650512,-0.14868441987991332,-0.014722,-0.2,0.081818
-1.6663222534179685,-2.68297451171875,-0.11028185712814331,-0.0043338000000000005,-0.2,0.13437000000000002
-1.4605857955932624,-2.895895858001709,-0.14249592897415164,-0.0046187,-0.2,0.14479
-1.8551632156372087,-2.101003307342529,-0.07128076643943787,-0.0040488,-0.2,0.12394000000000001
-1.8450927429199222,-0.9624794868469237,-0.05057142513275148,-0.0037639,-0.2,0.11352000000000001
-1.830951950073242,-0.03401603741669655,-0.05035229248523709,-0.0034789,-0.2,0.10309000000000001
-1.7693922988891604,-0.03219687898397447,-0.076241769865036,-0.0031940000000000002,-0.2,0.09267
-1.7679887657165523,-0.18459630291938783,-0.5698602237319946,-0.002931,-0.2,0.083053
-1.6523524719238285,-2.702826564025879,-0.6715114630889892,0.014834,-0.2,0.13364
-1.4527236961364753,-2.913577429199219,-0.37300168636322023,0.016036,-0.2,0.14400000000000002
-1.837355491638185,-2.131942586517334,-1.000041833114624,0.013631,-0.2,0.12327
-1.8276039505004888,-1.009406224822998,-1.1102333206176758,0.012429,-0.2,0.11291
-1.8111445999145506,-0.023947301882207395,-1.10439554977417,0.011227,-0.2,0.10255
-1.7304710952758793,-0.017848717041254042,-1.3677973495483398,0.010025,-0.2,0.092182
-1.7045851875305171,-0.29228609935760497,-1.8545891902923586,0.008915799999999998,-0.2,0.082621
-1.6006529037475588,-2.7406805549621582,-1.8732568786621093,0.033697000000000005,-0.2,0.13015
-1.4026369606018063,-2.9531215965270996,-1.4436780418395996,0.036362,-0.2,0.14023
-1.7837821884155272,-2.178233896636963,-2.3271888748168945,0.031032999999999998,-0.2,0.12005999999999999
-1.7730517578124996,-1.0697617164611817,-2.443290447998047,0.028368,-0.2,0.10998
-1.7567793426513667,-0.01973698908138275,-2.427421300506592,0.025704,-0.2,0.09989400000000001
-1.6567946289062494,-0.016285711669445035,-2.6206011680603027,0.023038999999999997,-0.2,0.089809
-1.6072380989074713,-0.3868364506530762,-3.078321433258057,0.020581,-0.2,0.08050399999999999
-1.1768879440307618,-0.11833012325286862,-1.647037580871583,-0.068379,-0.2,0.040619999999999996
-1.2476756004333494,-0.14759727830886837,-1.711730452728272,-0.065335,-0.2,0.038801
-1.3375304046630863,-0.29569237976074225,-1.8054758193969729,-0.062291,-0.2,0.036982999999999995
-1.3954794837951656,-0.10117213921546941,-1.4388915748596194,-0.06193099999999999,-0.2,0.049960000000000004
-1.4739475914001456,-0.12781947441101071,-1.4889914665222168,-0.059167,-0.2,0.047719
-1.5848179756164544,-0.27567245635986337,-1.574981708526611,-0.056403999999999996,-0.2,0.045478
-1.5743096023559566,-0.08096540760040277,-1.2049849838256836,-0.054166,-0.2,0.058236
-1.6584876884460442,-0.1055302815818786,-1.2393029800415043,-0.051759000000000006,-0.2,0.055635000000000004
-1.7858946868896481,-0.25394400978088383,-1.3114887313842765,-0.049352999999999994,-0.2,0.053035
-1.7118923721313486,-0.05814906470298764,-0.9512834556579586,-0.045333,-0.2,0.065358
-1.7998312255859368,-0.08039271472930903,-0.9702617294311526,-0.043318999999999996,-0.2,0.062438
-1.9404038009643543,-0.22803036231994622,-1.0222707359313965,-0.041305,-0.2,0.059519
-1.8077632629394529,-0.03385812600612639,-0.6823010189056395,-0.035579,-0.2,0.07115700000000001
-1.8964780273437505,-0.053255533323287974,-0.6870797061920166,-0.034,-0.2,0.067978
-2.0469779052734385,-0.19825919017791738,-0.7166436016082764,-0.03242,-0.2,0.06479800000000001
-1.8607976150512702,-0.00845144850790501,-0.40491205558776855,-0.025093999999999998,-0.2,0.07549700000000001
-1.9490553970336926,-0.025385692343711852,-0.39595838603973377,-0.023985,-0.2,0.072129
-2.107285133361815,-0.16523489603042596,-0.40243554801940906,-0.022875,-0.2,0.06876
-1.8726248626708983,-0.06919627367019653,-0.1281881640625,-0.014102000000000002,-0.2,0.078318
-1.9557569580078127,0.0023533087495923033,-0.10607347703933723,-0.013482,-0.2,0.074818
-2.118935691833496,-0.12971146379470833,-0.0876726226615906,-0.012862,-0.2,0.07131799999999999
-1.8416206359863274,-0.1972316488170624,-0.7289336660003662,-0.0028156999999999995,-0.2,0.07950700000000001
-1.9191392822265634,-0.11150558300971983,-0.8951384773254394,-0.0027004,-0.2,0.075962
-2.0808710021972665,-0.09305344102859503,-1.101761678314209,-0.0025851,-0.2,0.072416
-1.7729629623413086,-0.314326829032898,-2.059941488647461,0.0085251,-0.2,0.079093
-1.843867027282716,-0.24032080047607424,-2.2747894096374512,0.0081344,-0.2,0.075565
-2.000627815246583,-0.05703711804389955,-2.596955284881592,0.007743600000000001,-0.2,0.072038
-1.6698697029113774,-0.41858430990219114,-3.323151358795166,0.019691999999999998,-0.2,0.077069
-1.7327872711181644,-0.35589003585815426,-3.578097320556641,0.018803,-0.2,0.073633
-1.8789479751586917,-0.022012736694812768,-4.00238950805664,0.017914,-0.2,0.07019700000000001
-1.3651423980712893,-0.5665296226501466,-1.8718613586425779,-0.05413300000000001,-0.2,0.031908
-1.2854668754577636,-0.7807669441223144,-1.8056514465332025,-0.045975,-0.2,0.026833999999999997
-1.120990888214111,-0.7884343490600587,-1.5603516304016107,-0.037817,-0.2,0.021759
-1.6319904350280758,-0.5559634872436523,-1.6441157287597647,-0.048729,-0.2,0.038917
-1.53496058883667,-0.7791854976654049,-1.5854151618957513,-0.041055,-0.2,0.032355
-1.3248998962402343,-0.7732487712860108,-1.3532736701965336,-0.03338,-0.2,0.025793
-1.8568027572631838,-0.5410024784088137,-1.3787203216552735,-0.04242,-0.2,0.045167
-1.756498361206054,-0.7725592365264893,-1.3320395973205565,-0.035487,-0.2,0.0373
-1.509510559844971,-0.7593929569244384,-1.1216998908996585,-0.028554000000000003,-0.2,0.029432999999999997
-2.036593826293945,-0.5198756858825684,-1.0817642227172852,-0.035338,-0.2,0.050568
-1.943989196777343,-0.7605059001922605,-1.0486000846862789,-0.029370999999999998,-0.2,0.041617
-1.671216401672364,-0.7499215648651125,-0.8725521495819093,-0.023403999999999998,-0.2,0.032665
-2.168168563842773,-0.49293204879760744,-0.7625675487518313,-0.027607,-0.2,0.055022
-2.0926592330932614,-0.7433844444274902,-0.7407342441558837,-0.022794,-0.2,0.045245
-1.8075626602172843,-0.7457418956756587,-0.6066459617614748,-0.017981,-0.2,0.035468
-2.2509473648071303,-0.4603759010314943,-0.4300403453826904,-0.019362,-0.2,0.058444
-2.1979264831542977,-0.7211709579467773,-0.4159873151779174,-0.015849000000000002,-0.2,0.048126999999999996
-1.9158914413452166,-0.7448149810791014,-0.32524516067504883,-0.012336,-0.2,0.03781
-2.281082351684569,-0.4216177858352661,-0.09303346825599673,-0.010748,-0.2,0.060766999999999995
-2.2544482269287123,-0.6928583152770997,-0.08311551521301269,-0.008633799999999999,-0.2,0.050216000000000004
-1.9918770675659179,-0.744005238723755,-0.03366541987729073,-0.0065198999999999995,-0.2,0.039664
-2.2606622772216785,-0.3776468280792238,-1.1884759429931642,-0.0019206,-0.2,0.06195
-2.265401069641113,-0.6580562732696533,-1.2274461296081542,-0.0012561,-0.2,0.051484
-2.0337901763916015,-0.7403242538452153,-1.2836882053375245,-0.00059158,-0.2,0.041017000000000005
-2.1950812454223634,-0.32960780105590826,-2.8076217834472654,0.0069607,-0.2,0.061975
-2.230638206481933,-0.6159985363006593,-2.849328172302246,0.0061777,-0.2,0.051912
-2.037623138427735,-0.7289928161621093,-2.7405415992736817,0.0053948,-0.2,0.041848
-2.0832134552001964,-0.27821308460235605,-4.330950833129883,0.015738,-0.2,0.06084199999999999
-2.1527721862792966,-0.565464594268799,-4.387728262329102,0.013562000000000001,-0.2,0.051488
-2.0066622009277353,-0.7069258548736572,-4.17267427520752,0.011386,-0.2,0.042133
