"U:0","U:1","U:2","Points:0","Points:1","Points:2"
-11.896159,-3.2860446,4.5582404,-0.051881,-0.2,-0.12404000000000001
-10.511576,-3.5186224,3.5822632,-0.055958,-0.2,-0.13364
-12.286758,-3.220315,2.8277574,-0.033694,-0.2,-0.13015
-10.834982,-3.4302995,2.0063922,-0.036362,-0.2,-0.14023
-13.357962,-2.55183,5.388522,-0.047803,-0.2,-0.11442999999999999
-13.825766,-2.5419664,3.471354,-0.031025999999999998,-0.2,-0.12005999999999999
-13.428,-0.90278643,5.316224,-0.043726,-0.2,-0.10482999999999999
-13.920564,-0.959829,3.3671193,-0.028359,-0.2,-0.10998
-13.4277525,0.8959758,5.3650365,-0.039648,-0.2,-0.09522
-13.943033,0.8065106,3.4267516,-0.025691000000000002,-0.2,-0.099892
-13.427299,1.3425392,5.317831,-0.035571,-0.2,-0.085615
-13.952912,1.2495022,3.3716283,-0.023023,-0.2,-0.089806
-13.684895,0.9695652,5.433518,-0.031809,-0.2,-0.076752
-14.202224,0.8618235,3.4144185,-0.020562,-0.2,-0.080501
-10.972784,-3.3217094,0.30881733,-0.016036,-0.2,-0.14400000000000002
-12.463283,-3.1382272,0.9460515,-0.014831,-0.2,-0.13364
-14.0463505,-2.5242906,1.3715343,-0.013626,-0.2,-0.12327
-14.17022,-1.021091,1.2270108,-0.01242,-0.2,-0.11291
-14.225934,0.70408356,1.2945518,-0.011215000000000001,-0.2,-0.10254
-14.242451,1.1413231,1.2362986,-0.01001,-0.2,-0.09218
-14.47274,0.7415072,1.2242177,-0.0088985,-0.2,-0.082618
-10.844129,-3.2013366,-1.3201662,0.0046186000000000005,-0.2,-0.14479
-12.359683,-3.0477533,-0.8925274,0.004336199999999999,-0.2,-0.13437000000000002
-13.969484,-2.5050879,-0.69449645,0.0040539,-0.2,-0.12394000000000001
-14.1182575,-1.0854907,-0.8739185,0.0037715000000000005,-0.2,-0.11352000000000001
-14.214689,0.5989055,-0.8078778,0.0034891999999999996,-0.2,-0.10309000000000001
-14.236551,1.0311439,-0.8567738,0.0032069000000000004,-0.2,-0.092668
-14.4349575,0.6219852,-0.9054452,0.0029463000000000002,-0.2,-0.08305
-10.514301,-3.0733654,-2.911688,0.025192,-0.2,-0.14274
-12.028182,-2.9504204,-2.6600573,0.023426,-0.2,-0.13246
-13.624607,-2.478482,-2.6595662,0.021661,-0.2,-0.12217
-13.772783,-1.1405993,-2.873892,0.019895,-0.2,-0.11188
-13.903734,0.5006825,-2.805014,0.01813,-0.2,-0.10159
-13.941907,0.9221629,-2.8427825,0.016364,-0.2,-0.091307
-14.110758,0.5021429,-2.9165475,0.014735,-0.2,-0.081816
-10.003226,-2.941142,-4.3550887,0.045214,-0.2,-0.13759000000000002
-11.4706955,-2.8493118,-4.316776,0.042006,-0.2,-0.12768
-13.014195,-2.445592,-4.5409703,0.038798,-0.2,-0.11775999999999999
-13.15981,-1.1840754,-4.7835665,0.03559,-0.2,-0.10784
-13.319048,0.41181657,-4.7187753,0.032382,-0.2,-0.097928
-13.380213,0.813834,-4.747326,0.029174000000000002,-0.2,-0.088012
-13.519806,0.3779597,-4.837674,0.026215,-0.2,-0.078863
-9.306883,-2.8078287,-5.6581745,0.064364,-0.2,-0.12982
-10.694102,-2.7481956,-5.851724,0.059772000000000006,-0.2,-0.12045
-12.1531315,-2.4117634,-6.310832,0.05517999999999999,-0.2,-0.11108
-12.298429,-1.2193774,-6.575522,0.050588,-0.2,-0.10171000000000001
-12.486356,0.3302149,-6.5225153,0.045995999999999995,-0.2,-0.092346
-12.571238,0.7023278,-6.546154,0.041404,-0.2,-0.082978
-12.682165,0.24494289,-6.6323733,0.037167,-0.2,-0.074335
-8.464841,-2.6810741,-6.9075246,0.082161,-0.2,-0.11930999999999999
-9.74029,-2.6532245,-7.290226,0.076284,-0.2,-0.11069000000000001
-11.074052,-2.381883,-7.9374614,0.07040700000000001,-0.2,-0.10207999999999999
-11.207888,-1.2505388,-8.221599,0.06452999999999999,-0.2,-0.093459
-11.421737,0.2522304,-8.190069,0.058653,-0.2,-0.084842
-11.5294485,0.5832576,-8.206208,0.052775999999999997,-0.2,-0.076226
-11.616991,0.09857425,-8.2694025,0.047354,-0.2,-0.068276
-7.448315,-2.5655046,-8.023151,0.098271,-0.2,-0.10637
-8.589415,-2.5700574,-8.57484,0.09123099999999999,-0.2,-0.098682
-9.7786255,-2.3629336,-9.392274,0.08419199999999999,-0.2,-0.090994
-9.903567,-1.2855133,-9.700208,0.077152,-0.2,-0.08330599999999999
-10.140397,0.17226838,-9.700112,0.070112,-0.2,-0.07561699999999999
-10.269866,0.4544797,-9.695483,0.063073,-0.2,-0.067929
-10.34378,-0.059116367,-9.72636,0.056577999999999996,-0.2,-0.060836
-6.294824,-2.4798558,-9.039942,0.11255,-0.2,-0.091419
-7.277833,-2.5093818,-9.7241535,0.10447000000000001,-0.2,-0.084797
-8.294816,-2.359275,-10.670497,0.09639,-0.2,-0.078175
-8.404032,-1.3309917,-10.993221,0.08831,-0.2,-0.07155299999999999
-8.659766,0.08801053,-11.020603,0.080231,-0.2,-0.06493099999999999
-8.803394,0.31769082,-10.989481,0.072152,-0.2,-0.058309
-8.875719,-0.22469474,-10.979681,0.064697,-0.2,-0.0522
-5.098951,-2.4259698,-9.910723,0.12426,-0.2,-0.074379
-5.874809,-2.4733512,-10.697798,0.11534000000000001,-0.2,-0.068986
-6.6671386,-2.3669176,-11.734576,0.10642,-0.2,-0.063593
-6.748567,-1.375932,-12.061547,0.097498,-0.2,-0.0582
-7.008374,0.0029638293,-12.115973,0.088577,-0.2,-0.05280700000000001
-7.171503,0.17274432,-12.066727,0.07965599999999999,-0.2,-0.047414
-7.259076,-0.40028,-12.010617,0.071425,-0.2,-0.042438
-3.816584,-2.3976176,-10.537588,0.13364,-0.2,-0.055958
-4.41112,-2.4616287,-11.40847,0.12403,-0.2,-0.051886
-5.01244,-2.3947816,-12.527145,0.11442999999999999,-0.2,-0.047813999999999995
-5.071724,-1.4319721,-12.864769,0.10482000000000001,-0.2,-0.043742
-5.329524,-0.08566975,-12.938101,0.09521,-0.2,-0.03967
-5.526864,0.03108731,-12.875207,0.085602,-0.2,-0.035598000000000005
-5.643031,-0.56854504,-12.777589,0.076738,-0.2,-0.031841
-11.38719,-3.334814,6.0221987,-0.064555,-0.2,-0.11792000000000001
-10.088958,-3.5903885,4.9539075,-0.069613,-0.2,-0.12704000000000001
-12.7439375,-2.545548,6.965409,-0.059497,-0.2,-0.10879000000000001
-12.786027,-0.839952,6.911261,-0.054438,-0.2,-0.09966599999999999
-12.76885,0.9739252,6.9497113,-0.04938,-0.2,-0.09054
-12.757707,1.4128712,6.9274344,-0.044322,-0.2,-0.081415
-13.01628,1.0545975,7.119401,-0.039655,-0.2,-0.072996
-9.561659,-3.6577952,6.1692224,-0.082504,-0.2,-0.11905999999999999
-10.763344,-3.3787963,7.3098636,-0.076521,-0.2,-0.11051
-12.0022955,-2.537206,8.338229,-0.070538,-0.2,-0.10197
-12.0125265,-0.7824171,8.291918,-0.064555,-0.2,-0.093421
-11.983024,1.041184,8.319504,-0.058571000000000005,-0.2,-0.084876
-11.959304,1.4697163,8.332405,-0.052588,-0.2,-0.07633
-12.202556,1.1274445,8.58833,-0.047068,-0.2,-0.068445
-8.929261,-3.7205598,7.2794814,-0.094493,-0.2,-0.10977999999999999
-10.018316,-3.4210186,8.505524,-0.08765,-0.2,-0.1019
-11.123659,-2.5343475,9.631558,-0.080808,-0.2,-0.09403099999999999
-11.102262,-0.7377403,9.589396,-0.073965,-0.2,-0.086158
-11.062173,1.0953139,9.601555,-0.067123,-0.2,-0.07828500000000001
-11.025782,1.5163286,9.635646,-0.06027999999999999,-0.2,-0.070412
-11.241532,1.1918012,9.951798,-0.053967999999999995,-0.2,-0.063149
-8.194548,-3.7785928,8.295688,-0.10545,-0.2,-0.09929600000000001
-9.15799,-3.460796,9.60619,-0.09782,-0.2,-0.092181
-10.117961,-2.5345974,10.825805,-0.090192,-0.2,-0.085066
-10.067971,-0.70229423,10.781207,-0.082565,-0.2,-0.07795099999999999
-10.020766,1.1377981,10.774884,-0.074937,-0.2,-0.070836
-9.970219,1.5500621,10.820943,-0.06731000000000001,-0.2,-0.063722
-10.144844,1.2428498,11.192131,-0.060273,-0.2,-0.05715800000000001
-7.3530917,-3.831756,9.212425,-0.11525,-0.2,-0.08772999999999999
-8.181507,-3.4979343,10.599672,-0.10692,-0.2,-0.08145
-8.990381,-2.5376182,11.899053,-0.098587,-0.2,-0.075171
-8.918432,-0.6756182,11.845165,-0.090258,-0.2,-0.068892
-8.866824,1.1687075,11.8217325,-0.081929,-0.2,-0.062612
-8.8007145,1.5708265,11.873123,-0.0736,-0.2,-0.056333
-8.923341,1.2793036,12.28963,-0.065916,-0.2,-0.050539999999999995
-6.4142103,-3.880283,10.023743,-0.12378,-0.2,-0.075204
-7.0995,-3.5327208,11.478521,-0.11484000000000001,-0.2,-0.069829
-7.754481,-2.5434763,12.840481,-0.1059,-0.2,-0.064455
-7.667707,-0.657494,12.769084,-0.096964,-0.2,-0.059079999999999994
-7.6134024,1.1885313,12.730796,-0.088026,-0.2,-0.053704999999999996
-7.5305204,1.5795975,12.7811985,-0.079087,-0.2,-0.04833
-7.593071,1.3012064,13.231186,-0.070841,-0.2,-0.043371
-14.618677,0.506641,3.4966488,-0.019672,-0.2,-0.077065
-14.125601,0.6364246,5.608236,-0.030438,-0.2,-0.073476
-14.657845,0.92310035,5.821159,-0.029067000000000003,-0.2,-0.0702
-15.147232,0.7591901,3.6252108,-0.018782,-0.2,-0.073629
-15.517648,2.0787177,6.0395637,-0.027696,-0.2,-0.066924
-16.053635,1.8898665,3.733402,-0.017891999999999998,-0.2,-0.07019299999999999
-14.850906,0.3674265,1.2387973,-0.0085068,-0.2,-0.07909
-15.346626,0.56790644,1.2891814,-0.008115100000000002,-0.2,-0.075562
-16.294683,1.6757332,1.2504821,-0.0077235,-0.2,-0.072034
-14.764433,0.2319509,-0.94362944,0.0028318,-0.2,-0.07950399999999999
-15.202799,0.36690873,-0.9563169,0.0027174,-0.2,-0.075959
-16.182806,1.4388815,-1.1333796,0.0026030000000000003,-0.2,-0.072413
-14.39081,0.10133228,-2.9925127,0.014116,-0.2,-0.078316
-14.762471,0.16872332,-3.0489168,0.013497,-0.2,-0.074816
-15.741305,1.1920601,-3.3599515,0.012877000000000001,-0.2,-0.071315
-13.748497,-0.02270851,-4.9227924,0.025106,-0.2,-0.075495
-14.055762,-0.015898256,-5.00302,0.023997,-0.2,-0.072126
-14.996106,0.9411033,-5.4457245,0.022889,-0.2,-0.068758
-12.863016,-0.14639096,-6.700795,0.035588999999999996,-0.2,-0.071156
-13.114853,-0.18422042,-6.794345,0.034010000000000006,-0.2,-0.067976
-13.985268,0.6938396,-7.3519735,0.032431,-0.2,-0.06479700000000001
-11.761447,-0.27947778,-8.323357,0.04534,-0.2,-0.065357
-11.969543,-0.34307736,-8.428432,0.043327,-0.2,-0.062437
-12.7442875,0.45548964,-9.050513,0.041314,-0.2,-0.059516999999999994
-10.465615,-0.42373574,-9.7739,0.054172000000000005,-0.2,-0.058235
-10.637791,-0.49586183,-9.885481,0.051766,-0.2,-0.055635000000000004
-11.304655,0.22594786,-10.535268,0.04936,-0.2,-0.053034000000000005
-8.996624,-0.5751921,-11.018491,0.061935000000000004,-0.2,-0.049958999999999996
-9.137434,-0.6440385,-11.135156,0.059172,-0.2,-0.047718
-9.693575,0.003165481,-11.797488,0.056409,-0.2,-0.045477
-7.3883476,-0.7320266,-12.026651,0.068381,-0.2,-0.040619999999999996
-7.507627,-0.7861401,-12.148192,0.065337,-0.2,-0.038801
-7.953545,-0.2046314,-12.814014,0.062292999999999994,-0.2,-0.036982
-5.77928,-0.88083124,-12.767341,0.073461,-0.2,-0.030472000000000003
-5.8900094,-0.91523737,-12.894057,0.070184,-0.2,-0.029102999999999997
-6.252863,-0.38021967,-13.561231,0.06690700000000001,-0.2,-0.027733999999999998
-13.470512,0.7482442,7.3774285,-0.037951,-0.2,-0.069883
-13.988159,1.0543469,7.676011,-0.036246,-0.2,-0.066771
-14.798014,2.2536218,7.9726048,-0.034542,-0.2,-0.063658
-12.656311,0.84896857,8.905575,-0.045049,-0.2,-0.06552899999999999
-13.146116,1.1576604,9.284689,-0.043029000000000005,-0.2,-0.062612
-13.906388,2.406158,9.672646,-0.041009,-0.2,-0.059696000000000006
-11.678342,0.94185495,10.339207,-0.051654,-0.2,-0.060459000000000006
-12.126204,1.2401458,10.790119,-0.049339999999999995,-0.2,-0.05776900000000001
-12.831022,2.5290337,11.270963,-0.047027,-0.2,-0.055078999999999996
-10.548459,1.0262796,11.652229,-0.05769199999999999,-0.2,-0.054725
-10.943176,1.3109808,12.1650915,-0.05511,-0.2,-0.052292
-11.582712,2.6292505,12.726205,-0.052529,-0.2,-0.04986
-9.279794,1.0981685,12.818482,-0.063096,-0.2,-0.048391
-9.612692,1.3717165,13.381962,-0.060275999999999996,-0.2,-0.046242
-10.175214,2.7113397,14.010597,-0.05745499999999999,-0.2,-0.044093
-7.8910823,1.1549021,13.8231735,-0.067811,-0.2,-0.041529
-8.15717,1.4219832,14.428383,-0.06478099999999999,-0.2,-0.039686
-8.634499,2.7781253,15.109433,-0.061752,-0.2,-0.037844
-16.710451,3.50081,3.358393,-0.015713,-0.2,-0.060837999999999996
-16.158783,3.6700423,5.733141,-0.024229,-0.2,-0.058559
-15.818849,5.05353,4.9504004,-0.020761,-0.2,-0.050193
-16.280354,4.9207325,2.6673217,-0.013534000000000001,-0.2,-0.051483
-14.128021,5.337247,3.8072999,-0.017293,-0.2,-0.041828
-14.402407,5.192497,1.7503654,-0.011355,-0.2,-0.042128
-12.334622,4.5832,2.8452828,-0.013825,-0.2,-0.033462
-11.957812,3.9342084,1.2710029,-0.0091757,-0.2,-0.032773000000000004
-16.982588,3.3497796,0.75736463,-0.006938,-0.2,-0.061971000000000005
-16.4335,4.81415,0.11137148,-0.0061525,-0.2,-0.051907
-14.331377,5.006023,-0.5654089,-0.0053671000000000005,-0.2,-0.041844
-11.5347805,3.2674243,-0.65541524,-0.0045816,-0.2,-0.03178
-16.915222,3.1745837,-1.7438644,0.0019407,-0.2,-0.061946
-16.283903,4.692859,-2.3237011,0.0012785000000000001,-0.2,-0.05148
-14.062121,4.853077,-2.6945112,0.00061623,-0.2,-0.041013
-11.061754,2.792345,-2.3453946,-4.6009e-05,-0.2,-0.030545999999999997
-16.480652,2.9799562,-4.139467,0.010765,-0.2,-0.060764
-15.812125,4.5639067,-4.717001,0.008653399999999999,-0.2,-0.050212
-13.58567,4.741776,-4.791023,0.0065414,-0.2,-0.039661
-10.530949,2.5879917,-4.0541544,0.0044294,-0.2,-0.029108999999999996
-15.713817,2.764334,-6.409459,0.019377000000000002,-0.2,-0.058441
-15.054424,4.425336,-7.011872,0.015865999999999998,-0.2,-0.048124
-12.912215,4.6980395,-6.824397,0.012354,-0.2,-0.037806
-9.944242,2.6928022,-5.7787156,0.0088425,-0.2,-0.027489
-14.651178,2.5286229,-8.50101,0.02762,-0.2,-0.055020000000000006
-14.030111,4.2695155,-9.157228,0.022808000000000002,-0.2,-0.045243
-12.042876,4.71352,-8.768967,0.017997,-0.2,-0.035466000000000004
-9.283417,3.0552227,-7.527653,0.013184999999999999,-0.2,-0.025689
-13.324315,2.2745388,-10.360611,0.035348000000000004,-0.2,-0.050566
-12.760477,4.090218,-11.103229,0.029382,-0.2,-0.041615
-10.988321,4.7496767,-10.573401,0.023416,-0.2,-0.032663
-8.533714,3.6040378,-9.268087,0.01745,-0.2,-0.023712
-11.781338,2.003785,-11.96488,0.042428,-0.2,-0.045166000000000005
-11.285476,3.883363,-12.807,0.035496,-0.2,-0.037299
-9.769392,4.7675476,-12.206084,0.028562999999999998,-0.2,-0.029431
-7.6950808,4.2039976,-10.955495,0.021631,-0.2,-0.021564
-10.065162,1.7188078,-13.301111,0.048734,-0.2,-0.038916
-9.650694,3.6466274,-14.235033,0.04106,-0.2,-0.032354
-8.41037,4.7321877,-13.635049,0.033386,-0.2,-0.025792000000000002
-6.7535405,4.6974797,-12.52954,0.025712,-0.2,-0.019231
-8.21902,1.424248,-14.347873,0.054136000000000004,-0.2,-0.031908
-7.9072256,3.3829584,-15.377353,0.045978,-0.2,-0.026833
-6.9463415,4.630786,-14.835827,0.03782,-0.2,-0.021758
-5.6209855,4.9678855,-13.864102,0.029663,-0.2,-0.016684
-6.4122095,1.1906811,-15.104655,0.058539,-0.2,-0.024271
-6.182149,3.1824684,-16.204851,0.050172,-0.2,-0.020808
-5.4805384,4.534791,-15.693648,0.041804,-0.2,-0.017345
-4.7459846,5.0230985,-14.7466545,0.033436,-0.2,-0.013881999999999999
-15.395377,3.894759,7.663156,-0.029883999999999997,-0.2,-0.055421000000000005
-15.037615,5.230178,6.6980715,-0.025227,-0.2,-0.047184
-13.367123,5.316046,5.2442117,-0.020569,-0.2,-0.038947
-11.375532,3.9050167,3.577488,-0.015912,-0.2,-0.03071
-14.455057,4.125069,9.3456545,-0.03522,-0.2,-0.051735
-14.040234,5.392803,8.181425,-0.029431,-0.2,-0.043775
-12.332527,5.1600175,6.4487057,-0.023641,-0.2,-0.035815
-10.202614,2.975102,4.464105,-0.017852,-0.2,-0.027854000000000004
-13.3385,4.324348,10.951315,-0.040187,-0.2,-0.047539
-12.898161,5.5217032,9.61782,-0.033347,-0.2,-0.039998
-11.214526,4.959846,7.61546,-0.026507,-0.2,-0.032457
-8.962824,1.9814446,5.229633,-0.019667,-0.2,-0.024916999999999998
-12.049357,4.4957366,12.434372,-0.044739,-0.2,-0.042873
-11.607924,5.6307034,10.967518,-0.03695,-0.2,-0.035886
-10.011699,4.7544823,8.701158,-0.029160000000000002,-0.2,-0.0289
-7.731463,1.0761309,5.940722,-0.02137,-0.2,-0.021913
-10.595725,4.640917,13.762391,-0.048835,-0.2,-0.037783
-10.172564,5.7257533,12.193467,-0.040214,-0.2,-0.031474
-8.719071,4.5830216,9.684375,-0.031594,-0.2,-0.025164
-6.5105,0.3456201,6.6009374,-0.022973,-0.2,-0.018854
-9.0022545,4.7605047,14.914119,-0.052434,-0.2,-0.03232
-8.613255,5.811563,13.276658,-0.043116,-0.2,-0.026795999999999997
-7.353128,4.4810424,10.559694,-0.033799,-0.2,-0.021272
-5.3022184,-0.14589147,7.2116337,-0.024481,-0.2,-0.015747
-10.20882,2.0845912,1.8143519,-0.011173,-0.2,-0.02982
-8.8715925,0.3390853,2.527426,-0.013054,-0.2,-0.026774
-7.492249,-1.2994224,3.0674639,-0.014834,-0.2,-0.023657
-6.1844983,-2.6868124,3.608085,-0.016525,-0.2,-0.020483
-4.9583974,-3.7630017,4.1350875,-0.018134,-0.2,-0.017261000000000002
-3.795897,-4.5039344,4.640051,-0.019665000000000002,-0.2,-0.013999999999999999
-9.491451,0.75645256,0.11594355,-0.0064747,-0.2,-0.028662
-8.089972,-1.3107778,0.8722831,-0.008280599999999999,-0.2,-0.025463999999999997
-6.735763,-3.1541333,1.4707339,-0.010011,-0.2,-0.022205000000000003
-5.4736023,-4.6902905,2.0719666,-0.011673000000000001,-0.2,-0.018897999999999998
-4.2954707,-5.860809,2.6413045,-0.013271999999999999,-0.2,-0.015550999999999999
-3.1710885,-6.654198,3.1789727,-0.014812,-0.2,-0.012172
-8.815021,-0.11416519,-1.3450396,-0.0018221000000000001,-0.2,-0.027294
-7.3771915,-2.3137898,-0.5702379,-0.0035405000000000002,-0.2,-0.023974000000000002
-6.058946,-4.280632,0.061080575,-0.005208399999999999,-0.2,-0.020604
-4.836693,-5.943089,0.68458503,-0.0068292000000000005,-0.2,-0.017194
-3.6939526,-7.207821,1.2496421,-0.008406299999999998,-0.2,-0.013752
-2.5885305,-8.058458,1.7877327,-0.009942399999999999,-0.2,-0.010284999999999999
-8.189975,-0.45710242,-2.8780417,0.0027811,-0.2,-0.025749
-6.734146,-2.7532876,-2.054545,0.0011607999999999998,-0.2,-0.022331999999999998
-5.438658,-4.8201556,-1.3816289,-0.00043382,-0.2,-0.018876
-4.231463,-6.583832,-0.77519405,-0.0020025999999999998,-0.2,-0.015388999999999998
-3.1119277,-7.9117546,-0.25051633,-0.003547,-0.2,-0.011878
-2.015113,-8.804464,0.26762664,-0.005068199999999999,-0.2,-0.008349500000000001
-7.615372,-0.27812463,-4.4808655,0.007331600000000001,-0.2,-0.024044
-6.1474566,-2.59192,-3.5952325,0.0058194,-0.2,-0.020555
-4.8530374,-4.6997185,-2.859338,0.0043077,-0.2,-0.017037
-3.637015,-6.509517,-2.2305214,0.0028006,-0.2,-0.013496000000000001
-2.517077,-7.8658543,-1.7123364,0.0012988,-0.2,-0.0099401
-1.4102728,-8.778761,-1.2294676,-0.00019777,-0.2,-0.0063733
-7.0578394,0.37064248,-6.201816,0.011822,-0.2,-0.022183
-5.5919003,-1.8377604,-5.279377,0.010426999999999999,-0.2,-0.018645
-4.289568,-3.9001482,-4.467731,0.0090086,-0.2,-0.015087999999999999
-3.0454602,-5.704272,-3.780478,0.007573000000000001,-0.2,-0.011518
-1.8991274,-7.065464,-3.2325063,0.006123600000000001,-0.2,-0.0079404
-0.7734756,-7.978694,-2.7543807,0.0046615,-0.2,-0.0043593
-6.4763594,1.4557632,-8.040577,0.016244,-0.2,-0.020169
-5.028018,-0.5042497,-7.1502943,0.014977,-0.2,-0.016606
-3.7318733,-2.3791223,-6.287296,0.013661000000000001,-0.2,-0.013034
-2.4652698,-4.099227,-5.5082107,0.012306999999999998,-0.2,-0.0094587
-1.2962921,-5.439038,-4.8728456,0.010920000000000001,-0.2,-0.0058832
-0.16375718,-6.3520393,-4.3385143,0.0095024,-0.2,-0.0023117
-5.857337,2.750875,-9.942417,0.020592,-0.2,-0.018007
-4.437575,1.2715638,-9.185023,0.019463,-0.2,-0.014443000000000001
-3.1587675,-0.26382157,-8.363959,0.018259,-0.2,-0.010879999999999999
-1.8745314,-1.7136245,-7.546295,0.016996,-0.2,-0.0073222999999999995
-0.6809499,-2.9041424,-6.8241687,0.015681,-0.2,-0.0037726
0.49048027,-3.7510889,-6.203185,0.014318,-0.2,-0.00023423
-5.1773634,3.9426553,-11.793648,0.02485,-0.2,-0.015686000000000002
-3.7942266,3.0657032,-11.230336,0.023869,-0.2,-0.012147
-2.5386224,2.076622,-10.562428,0.022789,-0.2,-0.008619100000000001
-1.2478762,1.0479176,-9.837443,0.021628,-0.2,-0.0051048000000000005
-0.020009922,0.15403968,-9.125185,0.020395,-0.2,-0.0016067999999999998
1.2366976,-0.48593533,-8.461213,0.019097,-0.2,0.0018725000000000002
-4.2310433,4.733428,-13.364012,0.028991000000000003,-0.2,-0.013182
-2.8565912,4.3727884,-13.000383,0.028170999999999998,-0.2,-0.0096979
-1.6152444,3.9299073,-12.549477,0.027226,-0.2,-0.006235
-0.34190685,3.442996,-12.033994,0.026180000000000002,-0.2,-0.0027947
0.9456855,2.994928,-11.4768,0.025042,-0.2,0.00062134
2.242147,2.6501968,-10.910162,0.023821000000000002,-0.2,0.0040113
-3.5920854,5.004046,-14.735377,0.03297,-0.2,-0.010459999999999999
-2.2058246,4.94627,-14.654709,0.032326,-0.2,-0.0070677
-0.91022664,4.8575115,-14.475214,0.031533,-0.2,-0.0037071999999999995
0.4216713,4.752583,-14.210026,0.030616,-0.2,-0.00037829
1.7836397,4.65198,-13.86286,0.029589999999999998,-0.2,0.0029185
3.13482,4.5770335,-13.449486,0.028461,-0.2,0.0061818
-2.5407515,-2.4021745,-10.946363,0.13908,-0.2,-0.040838
-3.0001233,-2.4788907,-11.877893,0.12905999999999998,-0.2,-0.037850999999999996
-3.4734027,-2.4469676,-13.058526,0.11904,-0.2,-0.034863
-3.528861,-1.5060439,-13.395386,0.10902,-0.2,-0.031876
-3.7828126,-0.17090492,-13.467235,0.098995,-0.2,-0.028888
-4.014802,-0.08893029,-13.388753,0.088973,-0.2,-0.0259
-4.1699424,-0.70892924,-13.264416,0.079819,-0.2,-0.023169
-1.6576558,-2.5362737,-12.2187,0.13243,-0.2,-0.02333
-1.3583896,-2.4523141,-11.244342,0.14274,-0.2,-0.025190999999999998
-1.99138,-2.5217547,-13.422521,0.12212999999999999,-0.2,-0.021469
-2.0611737,-1.582479,-13.728357,0.11182,-0.2,-0.019608
-2.3100314,-0.25031292,-13.785341,0.10151,-0.2,-0.017747
-2.5755372,-0.19712739,-13.682154,0.091199,-0.2,-0.015885
-2.7783527,-0.8309744,-13.538685,0.081875,-0.2,-0.014197999999999999
-0.3087894,-2.6594791,-12.488275,0.13413,-0.2,-0.008524799999999999
-0.18932089,-2.5786486,-11.500042,0.14458,-0.2,-0.0092322
-0.49414,-2.634885,-13.6577,0.12367,-0.2,-0.0078175
-0.5907066,-1.669499,-13.908141,0.11320999999999999,-0.2,-0.0071101
-0.82754654,-0.33078745,-13.949784,0.10275999999999999,-0.2,-0.0064027
-1.1260508,-0.30306524,-13.808544,0.092297,-0.2,-0.0056954
-1.3870368,-0.94186866,-13.647942,0.082929,-0.2,-0.0050571999999999995
1.0790584,-2.8639855,-12.606102,0.13421,-0.2,0.0063696000000000004
1.0052538,-2.8054008,-11.649876,0.14469,-0.2,0.0068263
1.0485156,-2.7920012,-13.700369,0.12372999999999999,-0.2,0.005913
0.9146639,-1.7737149,-13.90781,0.11325,-0.2,0.0054563
0.68377244,-0.4119615,-13.939584,0.10275999999999999,-0.2,0.0049996
0.33261865,-0.39775693,-13.760745,0.092279,-0.2,0.0045429
-0.0131487055,-1.0333244,-13.596133,0.082975,-0.2,0.0041424999999999995
2.4435568,-3.1041899,-12.3706665,0.13269,-0.2,0.021185
2.1089506,-3.0711465,-11.373753,0.14307,-0.2,0.022803999999999998
2.6312525,-2.962882,-13.498469,0.1223,-0.2,0.019566
2.4438243,-1.8690765,-13.708158,0.11192,-0.2,0.017947
2.213371,-0.4778171,-13.746315,0.10153,-0.2,0.016329
1.8080531,-0.4800371,-13.547389,0.091147,-0.2,0.014709
1.383748,-1.1113983,-13.401601,0.082014,-0.2,0.013291999999999998
3.8846595,-3.3814673,-12.074203,0.12958,-0.2,0.034928
3.339333,-3.402682,-11.129516,0.13995,-0.2,0.03758
4.210987,-3.135693,-13.145291,0.11921,-0.2,0.032276
3.921276,-1.9563584,-13.363201,0.10884,-0.2,0.029624
3.6745937,-0.523009,-13.40795,0.09847,-0.2,0.026972000000000003
3.206659,-0.5396976,-13.192447,0.088101,-0.2,0.024319999999999998
2.7078562,-1.1719352,-13.076794,0.07912000000000001,-0.2,0.02203
-4.3261905,-1.001887,-13.242231,0.076362,-0.2,-0.022308
-4.449912,-1.018958,-13.372145,0.072905,-0.2,-0.021447
-4.764063,-0.49013537,-14.053682,0.069448,-0.2,-0.020587
-2.956831,-1.10194,-13.521402,0.078328,-0.2,-0.013869999999999999
-3.1005757,-1.1014618,-13.659336,0.074781,-0.2,-0.013543000000000001
-3.3817055,-0.5563543,-14.374807,0.071235,-0.2,-0.013215000000000001
-1.5865577,-1.1892078,-13.65196,0.07935700000000001,-0.2,-0.0052694
-1.7488971,-1.1724799,-13.809762,0.075786,-0.2,-0.0054816000000000005
-1.9947466,-0.60923254,-14.56601,0.072214,-0.2,-0.005693800000000001
-0.23565769,-1.2583059,-13.637589,0.079454,-0.2,0.0033909999999999995
-0.4165204,-1.2285836,-13.824067,0.075933,-0.2,0.0026395
-0.6148014,-0.64685935,-14.622197,0.072412,-0.2,0.0018881
1.1403291,-1.3072062,-13.494201,0.07861900000000001,-0.2,0.012010999999999999
0.94372517,-1.2615858,-13.711198,0.075224,-0.2,0.01073
0.79815394,-0.66434085,-14.549085,0.07182999999999999,-0.2,0.0094498
2.4796157,-1.3351717,-13.220487,0.07622999999999999,-0.2,0.020322
2.2871552,-1.270809,-13.470875,0.07334,-0.2,0.018615
2.2168164,-0.66104907,-14.353427,0.07045,-0.2,0.016907
-4.822763,1.1018478,-15.618727,0.060328999999999994,-0.2,-0.018055
-4.5888753,3.1590428,-16.722593,0.051209000000000005,-0.2,-0.015522999999999999
-4.022811,4.543013,-16.141104,0.042089999999999995,-0.2,-0.012991999999999998
-3.344661,1.1004363,-15.975028,0.06150800000000001,-0.2,-0.011678000000000001
-3.051268,3.2399204,-17.045158,0.051780999999999994,-0.2,-0.010140999999999999
-2.5558221,4.6151013,-16.335827,0.042054,-0.2,-0.0086046
-1.8436468,1.1105559,-16.202322,0.06204400000000001,-0.2,-0.0051972
-1.4745785,3.322187,-17.237389,0.051874,-0.2,-0.004700500000000001
-1.0869689,4.680615,-16.398268,0.041703,-0.2,-0.004203899999999999
-0.3283518,1.1291451,-16.289433,0.061963,-0.2,0.0013215
0.1418375,3.4014444,-17.284956,0.051514,-0.2,0.00075489
0.42850915,4.7393565,-16.327984,0.041065,-0.2,0.0001883
1.2497677,1.1557183,-16.24064,0.061270000000000005,-0.2,0.007817000000000001
1.8378991,3.4766562,-17.187605,0.050710000000000005,-0.2,0.0061842
1.9965829,4.791567,-16.126488,0.04015,-0.2,0.0045513
2.8343658,1.1912686,-16.041245,0.059953,-0.2,0.014225999999999999
3.526968,3.5484877,-16.930252,0.049456,-0.2,0.011545
3.5526378,4.839319,-15.801264,0.038959,-0.2,0.0088632
-5.929029,-3.5652785,12.227548,-0.12150999999999999,-0.2,-0.057444
-5.396779,-3.9243011,10.718329,-0.13096,-0.2,-0.06185499999999999
-6.42543,-2.552164,13.636255,-0.11205999999999999,-0.2,-0.053032
-6.3311625,-0.6475674,13.545432,-0.10260999999999999,-0.2,-0.048621
-6.2765317,1.1979679,13.49364,-0.093159,-0.2,-0.044209
-6.1781545,1.5770352,13.536403,-0.083708,-0.2,-0.039798
-6.173892,1.3092532,14.008138,-0.07499,-0.2,-0.035727999999999996
-4.3337426,-3.9642246,11.280791,-0.13671,-0.2,-0.047827999999999996
-4.6927958,-3.595923,12.841509,-0.12685,-0.2,-0.044427999999999995
-5.019044,-2.5639117,14.283775,-0.11699000000000001,-0.2,-0.041029
-4.9256654,-0.6458369,14.165206,-0.10712999999999999,-0.2,-0.037629
-4.87249,1.1974444,14.107956,-0.097272,-0.2,-0.034230000000000003
-4.749701,1.5641376,14.136891,-0.08741399999999999,-0.2,-0.03083
-4.6746964,1.3053639,14.609749,-0.078319,-0.2,-0.027694
-3.259362,-4.0008006,11.713355,-0.14096,-0.2,-0.033277999999999995
-3.4181113,-3.625104,13.302894,-0.1308,-0.2,-0.030927999999999997
-3.5526502,-2.5788732,14.76426,-0.12064000000000001,-0.2,-0.028576999999999998
-3.465549,-0.6521928,14.624895,-0.11048,-0.2,-0.026226
-3.4146137,1.1876578,14.563278,-0.10032999999999999,-0.2,-0.023875999999999998
-3.2594051,1.5428331,14.573133,-0.090167,-0.2,-0.021525
-3.1007066,1.2913376,15.0273285,-0.080795,-0.2,-0.019357
-2.11591,-4.034233,12.019793,-0.14368,-0.2,-0.018364
-2.089328,-3.6530905,13.601834,-0.13333,-0.2,-0.017088
-2.0480664,-2.5968316,15.059192,-0.12297999999999999,-0.2,-0.015811000000000002
-1.9671412,-0.66578203,14.917077,-0.11263,-0.2,-0.014535
-1.9163976,1.169853,14.843047,-0.10228,-0.2,-0.013259
-1.7329966,1.5147412,14.82688,-0.091929,-0.2,-0.011982
-1.4826145,1.2673682,15.256958,-0.08238,-0.2,-0.010805
-0.891204,-4.063835,12.184049,-0.14485,-0.2,-0.0032454999999999997
-0.7091158,-3.6798995,13.745202,-0.13442,-0.2,-0.0030577
-0.52214795,-2.6185625,15.178139,-0.12399,-0.2,-0.0028698
-0.44651684,-0.6874216,15.02906,-0.11355,-0.2,-0.0026819
-0.3935028,1.1440135,14.941407,-0.10312,-0.2,-0.0024941
-0.18660052,1.4807502,14.8949585,-0.092684,-0.2,-0.0023061999999999996
0.15213932,1.234426,15.292557,-0.083057,-0.2,-0.0021328000000000002
0.3656707,-4.088405,12.194423,-0.14445999999999998,-0.2,0.01192
0.7144415,-3.704284,13.721879,-0.13405999999999998,-0.2,0.011015
1.057452,-2.6431718,15.121649,-0.12365,-0.2,0.010111
1.131732,-0.7161952,14.966628,-0.11325,-0.2,0.009207
1.1900355,1.1109964,14.863058,-0.10285,-0.2,0.008302799999999999
1.4251449,1.4411299,14.780194,-0.092442,-0.2,0.0073985
1.8457458,1.1940756,15.130019,-0.082843,-0.2,0.006564399999999999
-6.400976,1.1981584,14.65612,-0.071784,-0.2,-0.034212
-6.5986886,1.4633905,15.296548,-0.068578,-0.2,-0.032695999999999996
-6.9730444,2.8297393,16.015615,-0.065372,-0.2,-0.031180000000000003
-4.833943,1.2285429,15.302114,-0.074972,-0.2,-0.026521
-4.9510126,1.4939102,15.96863,-0.071625,-0.2,-0.025348
-5.2006407,2.862895,16.712246,-0.06827799999999999,-0.2,-0.024175
-3.1865277,1.2464033,15.744807,-0.07734400000000001,-0.2,-0.01854
-3.2219408,1.5123672,16.425812,-0.073892,-0.2,-0.017723
-3.3513777,2.8757656,17.183506,-0.07044,-0.2,-0.016906
-1.4736893,1.2506495,15.980593,-0.07886,-0.2,-0.010353
-1.4348992,1.5199629,16.665411,-0.07534099999999999,-0.2,-0.0099005
-1.4600546,2.8699381,17.428787,-0.07182100000000001,-0.2,-0.0094484
0.26396435,1.2410069,16.00685,-0.07950700000000001,-0.2,-0.0020508
0.3861635,1.5160776,16.686453,-0.075956,-0.2,-0.0019689
0.46562767,2.8447742,17.451128,-0.072406,-0.2,-0.001887
2.0532246,1.2190244,15.820186,-0.07929800000000001,-0.2,0.0062745
2.2556877,1.4993649,16.484154,-0.075754,-0.2,0.0059845
2.4460905,2.7989588,17.246931,-0.07220900000000001,-0.2,0.0056946
-7.281679,4.853715,15.875276,-0.055504,-0.2,-0.026534
-6.952932,5.891203,14.206614,-0.045635,-0.2,-0.021889
-5.9306836,4.4718804,11.330369,-0.035767,-0.2,-0.017243
-4.1121535,-0.36396632,7.7833066,-0.025898,-0.2,-0.012598
-5.4542274,4.9186435,16.631233,-0.058013999999999996,-0.2,-0.020483
-5.210736,5.965009,14.974,-0.047749,-0.2,-0.016791
-4.4619484,4.5599265,11.996755,-0.037485000000000004,-0.2,-0.013099000000000001
-2.939486,-0.28881794,8.325396,-0.027219999999999998,-0.2,-0.0094076
-3.557379,4.9542055,17.169462,-0.059941999999999995,-0.2,-0.014224
-3.4071531,6.030666,15.5717945,-0.049443,-0.2,-0.011542
-2.9450612,4.7311034,12.558067,-0.038945,-0.2,-0.008860799999999999
-1.7708194,0.101970226,8.845755,-0.028447000000000004,-0.2,-0.0061792999999999996
-1.6193396,4.9596224,17.479246,-0.06126,-0.2,-0.0078154
-1.5645311,6.0836163,15.984808,-0.0507,-0.2,-0.0061824
-1.37817,4.9617195,13.012029,-0.040139,-0.2,-0.0045494
-0.5869224,0.81740427,9.346521,-0.029577999999999997,-0.2,-0.0029164
0.348544,4.93298,17.558813,-0.061956,-0.2,-0.0013201999999999999
0.3069543,6.1191173,16.201729,-0.051505999999999996,-0.2,-0.00075349
0.2303696,5.2263565,13.347495,-0.041056,-0.2,-0.00018676
0.65817684,1.7407036,9.81333,-0.030606,-0.2,0.00037997
2.384012,4.8730083,17.412985,-0.062038,-0.2,0.0051981
2.2469618,6.1317115,16.221638,-0.051866999999999996,-0.2,0.0047016
1.9237396,5.499175,13.5544615,-0.041697000000000005,-0.2,0.0042049999999999995
1.9884006,2.7465947,10.23046,-0.031526,-0.2,0.0037085
-2.6844401,-4.891289,5.129788,-0.021123,-0.2,-0.010702
-1.607093,-4.897526,5.6115966,-0.022504,-0.2,-0.007370699999999999
-0.550307,-4.4695272,6.0967216,-0.023806,-0.2,-0.0040087
0.52297103,-3.560171,6.5990453,-0.025029,-0.2,-0.00061904
1.6393623,-2.193884,7.139083,-0.026168,-0.2,0.0027967
2.814632,-0.49542272,7.723777,-0.027217,-0.2,0.006236600000000001
-2.0723765,-7.074289,3.690684,-0.016296,-0.2,-0.0087634
-0.986877,-7.132015,4.1640277,-0.017719,-0.2,-0.0053283
0.0961173,-6.8155174,4.5925555,-0.019081,-0.2,-0.0018698
1.2303069,-6.0592194,4.9957376,-0.020381,-0.2,0.0016093
2.37216,-4.753032,5.4303017,-0.021615000000000002,-0.2,0.005107
3.5672395,-2.8585274,5.956021,-0.022778,-0.2,0.008621
-1.4812598,-8.491936,2.3100085,-0.011438,-0.2,-0.006795999999999999
-0.36372957,-8.524153,2.8041437,-0.012891,-0.2,-0.0032876
0.77609575,-8.18177,3.241691,-0.014301,-0.2,0.00023711
1.9014343,-7.455795,3.6160173,-0.015666,-0.2,0.0037753
2.997445,-6.2496896,3.9643345,-0.016982,-0.2,0.0073248
4.142809,-4.415461,4.3569484,-0.018246000000000002,-0.2,0.010883
-0.9027982,-9.264759,0.7826496,-0.0065661999999999995,-0.2,-0.004806100000000001
0.25043407,-9.279422,1.2884351,-0.0080387,-0.2,-0.0012503
1.4489394,-8.879342,1.7593099,-0.0094849,-0.2,0.0023147
2.594615,-8.114118,2.165262,-0.010903,-0.2,0.0058861
3.6696043,-6.9109983,2.520632,-0.012291,-0.2,0.009461399999999998
4.7650623,-5.1038065,2.872731,-0.013646,-0.2,0.013037
-0.2852998,-9.252383,-0.76250595,-0.0016882000000000002,-0.2,-0.0027988
0.9056748,-9.269579,-0.2935367,-0.0031703000000000005,-0.2,0.00078081
2.107515,-8.860425,0.1756744,-0.0046434,-0.2,0.0043624
3.2470818,-8.076911,0.6159406,-0.0061056999999999995,-0.2,0.007943500000000001
4.3080206,-6.849497,1.0102298,-0.0075553,-0.2,0.011521
5.395952,-5.021874,1.381931,-0.0089911,-0.2,0.015091
0.3719256,-8.441413,-2.3037274,0.0031886999999999996,-0.2,-0.00077766
1.5579822,-8.467794,-1.8481377,0.0017067999999999999,-0.2,0.002802
2.7184176,-8.080971,-1.3891746,0.00021659999999999998,-0.2,0.0063765
3.8187945,-7.2864866,-0.95197356,-0.0012797000000000002,-0.2,0.0099434
4.8872495,-6.0112624,-0.5548942,-0.0027813000000000004,-0.2,0.013499
6.0648837,-4.125932,-0.19650227,-0.0042882,-0.2,0.01704
0.99132115,-6.8188577,-3.862134,0.0080569,-0.2,0.0012534
2.136828,-6.85373,-3.406217,0.0065851,-0.2,0.004809300000000001
3.2602363,-6.4638715,-2.9632032,0.0050877,-0.2,0.0083529
4.3760567,-5.630239,-2.5457873,0.0035671,-0.2,0.011881999999999998
5.556988,-4.2868075,-2.170194,0.0020235,-0.2,0.015392
6.931713,-2.3858888,-1.8399252,0.00045534,-0.2,0.01888
1.654529,-4.1917644,-5.6718507,0.012909,-0.2,0.0032906999999999997
2.8012078,-4.212885,-5.2049146,0.011457,-0.2,0.0067992
3.9626286,-3.8083642,-4.783613,0.0099625,-0.2,0.010288
5.1877084,-2.9621618,-4.399774,0.0084276,-0.2,0.013756
6.5382013,-1.6652989,-4.0516915,0.0068516,-0.2,0.017197
8.051135,-0.0030883995,-3.7271178,0.005232,-0.2,0.020608
2.4698477,-0.8263667,-7.8698893,0.017736000000000002,-0.2,0.005331399999999999
3.701639,-0.8293412,-7.3530135,0.016315,-0.2,0.0087667
4.968085,-0.48038098,-6.8949833,0.014833,-0.2,0.012175
6.3020306,0.21013115,-6.473185,0.013295,-0.2,0.015555000000000001
7.717663,1.2355742,-6.0682225,0.011696999999999999,-0.2,0.018902000000000002
9.185345,2.4251869,-5.667037,0.010037,-0.2,0.02221
3.5284195,2.468956,-10.356917,0.022521,-0.2,0.0073736999999999995
4.8150864,2.4825566,-9.828872,0.021143000000000002,-0.2,0.010705
6.111293,2.7023675,-9.32429,0.019687,-0.2,0.014003
7.420007,3.1082778,-8.8285265,0.018157,-0.2,0.017265
8.735593,3.644443,-8.325147,0.016551,-0.2,0.020487000000000002
10.032291,4.226782,-7.80947,0.014862,-0.2,0.023662
4.4654007,4.546583,-12.978659,0.027237,-0.2,0.009410600000000002
5.7735424,4.572405,-12.457354,0.025918,-0.2,0.012601000000000001
7.054544,4.659056,-11.887501,0.024503,-0.2,0.015750999999999998
8.301712,4.800917,-11.268908,0.022997999999999998,-0.2,0.018858
9.506781,4.9783263,-10.599317,0.021398,-0.2,0.021918
10.663543,5.1600385,-9.874081,0.019696,-0.2,0.024922
5.2634,-3.6683326,-11.778805,0.1255,-0.2,0.048132
4.5427847,-3.7438872,-10.926914,0.13537000000000002,-0.2,0.051749
5.704979,-3.3302584,-12.726524,0.11562,-0.2,0.044515
5.323051,-2.068312,-12.924312,0.10574000000000001,-0.2,0.040898000000000004
5.0563765,-0.553087,-12.9534,0.09586499999999999,-0.2,0.037281
4.513476,-0.5452505,-12.701374,0.085987,-0.2,0.033664
3.956215,-1.1798322,-12.610733,0.077299,-0.2,0.030487
6.469725,-3.9512687,-11.21136,0.11955999999999999,-0.2,0.061561000000000005
5.560925,-4.0741596,-10.340851,0.12893,-0.2,0.066307
7.077685,-3.5181959,-12.150628,0.11018,-0.2,0.056815
6.6606193,-2.1569676,-12.338244,0.1008,-0.2,0.052067999999999996
6.3863096,-0.555898,-12.358574,0.091423,-0.2,0.047320999999999995
5.744958,-0.5189448,-12.079409,0.082045,-0.2,0.042574
5.130157,-1.1509771,-12.02593,0.07371799999999999,-0.2,0.038367
7.6169014,-4.2305965,-10.477665,0.11212000000000001,-0.2,0.07422899999999999
6.5911164,-4.4291615,-9.616803,0.12086,-0.2,0.080032
8.336767,-3.6535008,-11.397052,0.10338,-0.2,0.068426
7.9153166,-2.1792388,-11.597919,0.094639,-0.2,0.062623
7.642458,-0.52410185,-11.622608,0.085897,-0.2,0.05682
6.9199824,-0.48547164,-11.342748,0.077155,-0.2,0.051016000000000006
6.2542562,-1.1141582,-11.34975,0.069319,-0.2,0.045823
8.615423,-4.427264,-9.574713,0.10334000000000002,-0.2,0.086001
7.490319,-4.6981697,-8.685549,0.11133,-0.2,0.092775
9.455737,-3.711257,-10.518423,0.095355,-0.2,0.07922699999999999
9.06818,-2.140219,-10.732922,0.08737,-0.2,0.072453
8.802878,-0.45739838,-10.754598,0.07938400000000001,-0.2,0.065678
8.017668,-0.43216315,-10.49846,0.071398,-0.2,0.058903
7.3186507,-1.0602849,-10.582439,0.06417,-0.2,0.052782
9.43497,-4.49387,-8.484473,0.093334,-0.2,0.096751
8.189344,-4.825302,-7.5301585,0.10046000000000001,-0.2,0.1044
10.439664,-3.6682522,-9.494177,0.086211,-0.2,0.089101
10.124267,-2.0398867,-9.724007,0.079088,-0.2,0.081451
9.879988,-0.3649327,-9.746459,0.071965,-0.2,0.073801
9.021443,-0.3689012,-9.545694,0.064841,-0.2,0.066151
8.297661,-0.9971367,-9.724288,0.058329,-0.2,0.05917000000000001
10.155725,-4.4248695,-7.3452444,0.08227999999999999,-0.2,0.10643
8.799017,-4.788175,-6.313891,0.08845700000000001,-0.2,0.11485999999999999
11.309485,-3.5493772,-8.418163,0.076103,-0.2,0.097996
11.064811,-1.9162761,-8.642702,0.069926,-0.2,0.089564
10.850058,-0.27358618,-8.661519,0.06375,-0.2,0.08113200000000001
9.932133,-0.30472502,-8.53011,0.057573,-0.2,0.072701
9.200843,-0.9296041,-8.807745,0.051865999999999995,-0.2,0.06493
3.7719238,-1.3286214,-12.806812,0.074296,-0.2,0.028383999999999996
3.598327,-1.258426,-13.10378,0.071293,-0.2,0.02628
3.6155384,-0.64235735,-14.036408,0.06829,-0.2,0.024177
5.004603,-1.2923918,-12.284241,0.07094,-0.2,0.035972000000000004
4.8639336,-1.2250537,-12.631704,0.068163,-0.2,0.033576999999999996
4.9813466,-0.6091338,-13.603138,0.065385,-0.2,0.031181999999999998
6.1816883,-1.2426498,-11.6682,0.066801,-0.2,0.043164
6.0867834,-1.1749197,-12.057338,0.06428400000000001,-0.2,0.040505
6.3121924,-0.559818,-13.05334,0.061766999999999996,-0.2,0.037846
7.295688,-1.1771405,-10.948871,0.061937,-0.2,0.049887
7.257645,-1.1106017,-11.375002,0.05970399999999999,-0.2,0.046991000000000005
7.604946,-0.49723375,-12.387549,0.057472,-0.2,0.044095999999999996
8.340197,-1.101865,-10.131285,0.056401,-0.2,0.05606799999999999
8.363321,-1.0366691,-10.592652,0.054474,-0.2,0.052965
8.842417,-0.42419416,-11.611528,0.052547,-0.2,0.049863
9.3178835,-1.0226245,-9.244076,0.050259,-0.2,0.061647
9.411794,-0.9559906,-9.728532,0.048652999999999995,-0.2,0.058365
10.0229645,-0.34184074,-10.733149,0.047047000000000005,-0.2,0.05508300000000001
4.398766,1.2337067,-15.698869,0.058026999999999995,-0.2,0.020485
5.1910524,3.6163993,-16.510004,0.047763,-0.2,0.016794
5.081194,4.8853683,-15.346128,0.0375,-0.2,0.013102
5.9278207,1.2820306,-15.223602,0.055518,-0.2,0.026537
6.8127894,3.6794276,-15.941927,0.045652,-0.2,0.021892
6.5676465,4.9316688,-14.768649,0.035785000000000004,-0.2,0.017247
7.418818,1.3377517,-14.603234,0.052451,-0.2,0.032323000000000005
8.376003,3.7369058,-15.228146,0.043135,-0.2,0.026799
7.997662,4.9784975,-14.083416,0.033819,-0.2,0.021275
8.860612,1.3991586,-13.844288,0.048853,-0.2,0.037787
9.860725,3.7876391,-14.373218,0.040235,-0.2,0.031477
9.356024,5.0256214,-13.293029,0.031616000000000005,-0.2,0.025168
10.230694,1.4648907,-12.956194,0.04476,-0.2,0.042876
11.243284,3.8304906,-13.389399,0.036972000000000005,-0.2,0.03589
10.626399,5.070403,-12.402843,0.029185000000000003,-0.2,0.028904000000000003
11.509272,1.534752,-11.950283,0.040208999999999995,-0.2,0.047543
12.501684,3.8654726,-12.293637,0.033371,-0.2,0.040001999999999996
11.801209,5.108059,-11.419783,0.026534,-0.2,0.032462
2.160293,-3.7252605,13.540818,-0.13219,-0.2,0.024973
1.6583697,-4.107784,12.063697,-0.14244,-0.2,0.02696
2.6462274,-2.6681542,14.892468,-0.12194,-0.2,0.022986000000000003
2.7155554,-0.748476,14.732593,-0.11169000000000001,-0.2,0.020999
2.7731123,1.0729111,14.613158,-0.10142999999999999,-0.2,0.019013
3.018839,1.3945754,14.484106,-0.09118,-0.2,0.017026
3.5009863,1.1449925,14.76918,-0.08172,-0.2,0.015193
2.9435887,-4.1242976,11.825594,-0.13879,-0.2,0.041689
3.5788274,-3.7415807,13.231514,-0.12880999999999998,-0.2,0.038643000000000004
4.19215,-2.6865718,14.500285,-0.11882999999999999,-0.2,0.035595999999999996
4.26173,-0.77569395,14.320885,-0.10884,-0.2,0.03255
4.31588,1.0360023,14.191738,-0.098857,-0.2,0.029502999999999998
4.566141,1.3413441,14.014622,-0.088872,-0.2,0.026456999999999998
5.105765,1.0864654,14.220855,-0.079661,-0.2,0.023646
4.328852,-4.141006,11.398459,-0.13364,-0.2,0.055958
5.078471,-3.7577713,12.7213745,-0.12403,-0.2,0.051886
5.805806,-2.70694,13.880839,-0.11442999999999999,-0.2,0.047813999999999995
5.878823,-0.8101172,13.66611,-0.10482000000000001,-0.2,0.043742
5.92348,0.98867166,13.537418,-0.09521,-0.2,0.03967
6.176016,1.2719549,13.302423,-0.085602,-0.2,0.035598000000000005
6.77039,1.0072271,13.399425,-0.076738,-0.2,0.031841
3.8043602,1.1842369,15.420348,-0.078224,-0.2,0.014534
4.0943265,1.4672194,16.055649,-0.074728,-0.2,0.013875
4.388816,2.7303898,16.810616,-0.07123099999999999,-0.2,0.013216
5.4956264,1.138644,14.821772,-0.07625599999999999,-0.2,0.022627
5.866296,1.423097,15.416816,-0.072851,-0.2,0.021606999999999998
6.264563,2.6476042,16.158016,-0.06944700000000001,-0.2,0.020587
7.236968,1.0689933,13.9306555,-0.073461,-0.2,0.030472000000000003
7.6862187,1.34908,14.46726,-0.070184,-0.2,0.029102999999999997
8.207349,2.5394049,15.182898,-0.06690700000000001,-0.2,0.027733999999999998
4.376328,4.779121,17.051691,-0.061503999999999996,-0.2,0.011679
4.1465845,6.116309,16.047941,-0.051775999999999996,-0.2,0.010142
3.603879,5.7470255,13.608927,-0.042049,-0.2,0.0086053
3.3571784,3.697695,10.5763645,-0.032322000000000004,-0.2,0.0070686
6.30553,4.661173,16.488674,-0.060327,-0.2,0.018055
5.994981,6.0715446,15.693899,-0.051207,-0.2,0.015524000000000001
5.3028684,5.9518385,13.521942,-0.042088,-0.2,0.012991999999999998
4.865286,4.5581284,10.857796,-0.032968,-0.2,0.010459999999999999
8.3161,4.5504956,15.597953,-0.058539,-0.2,0.024271
7.8916507,6.03747,14.997296,-0.050172,-0.2,0.020808
6.9949727,6.057389,13.042249,-0.041804,-0.2,0.017345
6.163993,5.1989436,11.08005,-0.033436,-0.2,0.013881999999999999
4.0346446,1.3206959,8.332622,-0.028163,-0.2,0.0096992
5.461977,3.063602,8.917401,-0.028986,-0.2,0.013183000000000002
7.056794,4.719121,9.864418,-0.029658999999999998,-0.2,0.016684
4.80574,-0.6162701,6.594872,-0.02386,-0.2,0.012149
6.319431,1.7901647,7.2631955,-0.024842,-0.2,0.015688
8.210262,4.155717,8.283268,-0.025705000000000002,-0.2,0.019232
5.3639684,-2.0356176,4.884594,-0.019451,-0.2,0.014445
6.9663687,0.72594047,5.5369496,-0.020581,-0.2,0.018009
9.193165,3.6715574,6.593097,-0.021621,-0.2,0.021565
5.9744453,-2.686237,3.3137164,-0.014962999999999999,-0.2,0.016609
7.6541076,0.21864063,3.8963764,-0.01623,-0.2,0.020171
10.11055,3.432943,4.8986444,-0.017437,-0.2,0.023714
6.685659,-2.5520437,1.7852589,-0.010409999999999999,-0.2,0.018647999999999998
8.464711,0.3671693,2.2962143,-0.011805,-0.2,0.022186
10.995612,3.497755,3.181963,-0.013168000000000001,-0.2,0.025692000000000003
7.5423737,-1.6376349,0.16956691,-0.0057997,-0.2,0.020559
9.381883,1.1107528,0.64762414,-0.0073116,-0.2,0.024048
11.814824,3.818805,1.4042386,-0.0088223,-0.2,0.027493
8.571796,-0.084005296,-1.5076907,-0.0011387,-0.2,0.022336
10.3318205,2.2345064,-1.0418338,-0.0027581999999999997,-0.2,0.025752999999999998
12.528895,4.2897644,-0.42846122,-0.0044059,-0.2,0.029113
9.663077,1.8559679,-3.358283,0.0035652,-0.2,0.023979
11.191318,3.4603348,-2.8039634,0.0018479,-0.2,0.027299
13.0826845,4.79057,-2.2483203,7.290600000000001e-05,-0.2,0.030551
10.613081,3.578384,-5.213195,0.008307799999999999,-0.2,0.025469
11.874834,4.484677,-4.5728736,0.0065033999999999995,-0.2,0.028667
13.447,5.191768,-4.077035,0.0046118,-0.2,0.031785
11.253772,4.7567234,-7.238493,0.013084,-0.2,0.026779
12.320857,5.1487393,-6.4978466,0.011205,-0.2,0.029825
13.589592,5.421755,-5.9928603,0.009209299999999998,-0.2,0.032779
11.761015,5.3121676,-9.073348,0.017884,-0.2,0.027860000000000003
12.770202,5.4207025,-8.164294,0.015946000000000002,-0.2,0.030716000000000004
13.58625,5.4846716,-7.4233937,0.013862000000000001,-0.2,0.033468
10.805217,-4.277214,-6.3587008,0.072672,-0.2,0.11317
9.377491,-4.6247087,-5.3496585,0.078176,-0.2,0.12205
12.0560255,-3.42235,-7.3855944,0.06716799999999999,-0.2,0.1043
11.863858,-1.812078,-7.58227,0.061664,-0.2,0.095429
11.675555,-0.20092104,-7.582756,0.05616,-0.2,0.086556
10.729025,-0.2446145,-7.525229,0.050656,-0.2,0.077683
10.018158,-0.85948175,-7.8932605,0.045573,-0.2,0.069502
11.384625,-4.148167,-5.4175663,0.06253500000000001,-0.2,0.1191
9.902316,-4.4613385,-4.508214,0.06734,-0.2,0.12837
12.709476,-3.3318892,-6.3436246,0.05773,-0.2,0.10983
12.555327,-1.7375224,-6.526561,0.052925,-0.2,0.10056
12.385404,-0.14481398,-6.4990726,0.048119999999999996,-0.2,0.09128700000000001
11.435843,-0.1864327,-6.519525,0.043315,-0.2,0.08201599999999999
10.76838,-0.7841605,-6.970871,0.038879000000000004,-0.2,0.073466
11.944306,-4.065579,-4.2651973,0.051884000000000007,-0.2,0.12404000000000001
10.411134,-4.3645277,-3.4719648,0.055958,-0.2,0.13364
13.337271,-3.2601604,-5.081475,0.047810000000000005,-0.2,0.11442999999999999
13.215041,-1.6662877,-5.2521305,0.043736000000000004,-0.2,0.10482999999999999
13.054744,-0.08457469,-5.20197,0.039662,-0.2,0.095223
12.12333,-0.122656226,-5.321609,0.035588,-0.2,0.085618
11.523224,-0.70172477,-5.8715734,0.031830000000000004,-0.2,0.07675599999999999
10.216134,-0.94179636,-8.329497,0.044059,-0.2,0.066235
10.399396,-0.87189686,-8.805052,0.042545,-0.2,0.062967
11.143901,-0.25220042,-9.761807,0.041031,-0.2,0.059699
11.048085,-0.8567913,-7.379127,0.037441,-0.2,0.070198
11.326751,-0.7852272,-7.8166203,0.036003,-0.2,0.06692999999999999
12.188546,-0.15693423,-8.694599,0.034565,-0.2,0.063662
11.881288,-0.76502764,-6.2536087,0.03046,-0.2,0.07347999999999999
12.252425,-0.69053876,-6.654272,0.029091000000000002,-0.2,0.070204
13.23042,-0.025936494,-7.427383,0.027721,-0.2,0.066929
12.688135,1.6090875,-10.835577,0.035244,-0.2,0.051739999999999994
13.629534,3.8932815,-11.1062565,0.029457,-0.2,0.04378
12.884732,5.135383,-10.363478,0.023671,-0.2,0.03582
13.756595,1.6861488,-9.6156435,0.029910000000000003,-0.2,0.055425999999999996
14.638274,3.912893,-9.843586,0.025256,-0.2,0.047189
13.888371,5.152594,-9.2628,0.020600999999999998,-0.2,0.038952999999999995
14.804287,1.84445,-8.163161,0.024256,-0.2,0.058563
15.5733185,4.022534,-8.351782,0.020791999999999998,-0.2,0.050198
14.748686,5.213109,-7.957937,0.017327000000000002,-0.2,0.041832999999999995
6.668084,-3.7838645,11.899603,-0.11534000000000001,-0.2,0.068986
5.7505603,-4.1600614,10.688318,-0.12426,-0.2,0.074379
7.5678034,-2.7557654,12.931461,-0.10642,-0.2,0.063593
7.6445775,-0.8869055,12.686895,-0.097497,-0.2,0.0582
7.669824,0.90152204,12.557501,-0.088576,-0.2,0.05280700000000001
7.9111686,1.17325,12.249746,-0.079654,-0.2,0.047414
8.536393,0.8982769,12.202766,-0.071423,-0.2,0.042439
8.196524,-3.8149085,10.770312,-0.10447000000000001,-0.2,0.084797
7.081198,-4.1774874,9.69596,-0.11255,-0.2,0.091419
9.290509,-2.8201349,11.666734,-0.096388,-0.2,0.078175
9.356116,-0.984018,11.415836,-0.088308,-0.2,0.07155299999999999
9.352778,0.79106015,11.283935,-0.080229,-0.2,0.064932
9.550513,1.0498668,10.903751,-0.072149,-0.2,0.05831
10.169082,0.7625004,10.712283,-0.064694,-0.2,0.0522
9.592854,-3.8431432,9.439856,-0.09122999999999999,-0.2,0.098682
8.328565,-4.1947846,8.535938,-0.098271,-0.2,0.10637
10.81872,-2.8759356,10.168165,-0.08419,-0.2,0.090994
10.850615,-1.0717314,9.918951,-0.077149,-0.2,0.08330599999999999
10.807562,0.679287,9.796827,-0.070109,-0.2,0.07561799999999999
10.921653,0.90970623,9.344555,-0.063068,-0.2,0.06792999999999999
11.497357,0.60160714,9.013932,-0.056572000000000004,-0.2,0.060837
10.776917,-3.8699038,7.953724,-0.076283,-0.2,0.11069000000000001
9.388569,-4.2118764,7.2522807,-0.082162,-0.2,0.11930999999999999
12.101647,-2.9292862,8.491383,-0.070405,-0.2,0.10207999999999999
12.097952,-1.1601704,8.24853,-0.064527,-0.2,0.09346
12.026355,0.561196,8.141679,-0.058648,-0.2,0.084843
12.028916,0.7578353,7.6219525,-0.052770000000000004,-0.2,0.076227
12.5197935,0.4227761,7.1514406,-0.047346,-0.2,0.068277
11.7094345,-3.892527,6.3095074,-0.059771000000000005,-0.2,0.12045
10.210817,-4.221848,5.8281794,-0.064364,-0.2,0.12982
13.117788,-2.9795656,6.651209,-0.055177,-0.2,0.11108
13.084197,-1.2441875,6.427981,-0.050582999999999996,-0.2,0.10171000000000001
12.994129,0.44353443,6.344897,-0.045989999999999996,-0.2,0.092347
12.866889,0.6004976,5.782563,-0.041395999999999995,-0.2,0.082979
13.238272,0.23308833,5.1820397,-0.037158,-0.2,0.074337
12.426852,-3.9095848,4.589312,-0.042005,-0.2,0.12768
10.831331,-4.2267466,4.3769975,-0.045215,-0.2,0.13759000000000002
13.884225,-3.021922,4.690726,-0.038794999999999996,-0.2,0.11775999999999999
13.800792,-1.3193345,4.489263,-0.035585000000000006,-0.2,0.10785
13.689676,0.33104798,4.4342613,-0.032375,-0.2,0.09792999999999999
13.417804,0.44398823,3.8590386,-0.029164999999999996,-0.2,0.088013
13.6488,0.039206028,3.154188,-0.026202999999999997,-0.2,0.078865
12.868106,-3.9219325,2.7649288,-0.023424,-0.2,0.13246
11.225126,-4.2269483,2.7969532,-0.025192,-0.2,0.14274
14.349793,-3.059233,2.6511233,-0.021656,-0.2,0.12217
14.248094,-1.3867954,2.4666827,-0.019888999999999997,-0.2,0.11188
14.120245,0.22873813,2.4413576,-0.018121,-0.2,0.1016
13.684105,0.29619434,1.8872924,-0.016353,-0.2,0.091309
13.749963,-0.14566533,1.1176124,-0.014722,-0.2,0.081818
13.018817,-3.9323604,0.85599476,-0.0043338000000000005,-0.2,0.13437000000000002
11.4045315,-4.2273674,1.0943882,-0.0046187,-0.2,0.14479
14.495801,-3.0923843,0.5589302,-0.0040488,-0.2,0.12394000000000001
14.405309,-1.4457216,0.39029393,-0.0037639,-0.2,0.11352000000000001
14.255593,0.14157869,0.39945027,-0.0034789,-0.2,0.10309000000000001
13.661318,0.16401224,-0.09001662,-0.0031940000000000002,-0.2,0.09267
13.546826,-0.3144763,-0.84424496,-0.002931,-0.2,0.083053
12.905619,-3.9485998,-0.9870913,0.014834,-0.2,0.13364
11.340013,-4.2396703,-0.55516064,0.016036,-0.2,0.14400000000000002
14.353839,-3.1251073,-1.4564918,0.013631,-0.2,0.12327
14.260636,-1.5009656,-1.611619,0.012429,-0.2,0.11291
14.098387,0.067012735,-1.5754404,0.011227,-0.2,0.10255
13.364691,0.048774626,-1.9459734,0.010025,-0.2,0.092182
13.064554,-0.4682502,-2.668677,0.008915799999999998,-0.2,0.082621
12.497303,-3.9929547,-2.7480876,0.033697000000000005,-0.2,0.13015
10.94386,-4.2861824,-2.123226,0.036362,-0.2,0.14023
13.931045,-3.1820805,-3.398311,0.031032999999999998,-0.2,0.12005999999999999
13.834647,-1.5772423,-3.556683,0.028368,-0.2,0.10998
13.675247,-0.008903879,-3.5053244,0.025704,-0.2,0.09989400000000001
12.813808,-0.047577936,-3.7481024,0.023038999999999997,-0.2,0.089809
12.336978,-0.6006679,-4.39861,0.020581,-0.2,0.08050399999999999
9.066313,0.9607644,12.635552,-0.068379,-0.2,0.040619999999999996
9.595419,1.2228569,13.087612,-0.065335,-0.2,0.038801
10.271285,2.3922067,13.764684,-0.062291,-0.2,0.036982999999999995
10.743016,0.8212234,11.031775,-0.06193099999999999,-0.2,0.049960000000000004
11.327333,1.0632386,11.378005,-0.059167,-0.2,0.047719
12.157317,2.228428,11.996382,-0.056403999999999996,-0.2,0.045478
12.111675,0.65533173,9.231092,-0.054166,-0.2,0.058236
12.736085,0.88168275,9.463174,-0.051759000000000006,-0.2,0.055635000000000004
13.686858,2.0494397,9.97845,-0.049352999999999994,-0.2,0.053035
13.1611,0.4686343,7.2788706,-0.045333,-0.2,0.065358
13.813712,0.67643636,7.399078,-0.043318999999999996,-0.2,0.062438
14.863148,1.838806,7.7656302,-0.041305,-0.2,0.059519
13.884513,0.2687915,5.2117863,-0.035579,-0.2,0.07115700000000001
14.546907,0.4547203,5.2263703,-0.034,-0.2,0.067978
15.669495,1.5961531,5.426545,-0.03242,-0.2,0.06479800000000001
14.278884,0.06057318,3.0802803,-0.025093999999999998,-0.2,0.07549700000000001
14.929622,0.2261744,2.9945793,-0.023985,-0.2,0.072129
16.114056,1.3299515,3.0218985,-0.022875,-0.2,0.06876
14.349263,-0.14290853,0.9508419,-0.014102000000000002,-0.2,0.078318
14.97128,0.00014518801,0.7694433,-0.013482,-0.2,0.074818
16.189192,1.047603,0.61385673,-0.012862,-0.2,0.07131799999999999
14.101301,-0.33063436,-1.0797571,-0.0028156999999999995,-0.2,0.07950700000000001
14.6824465,-0.20797369,-1.3335601,-0.0027004,-0.2,0.075962
15.893855,0.75447696,-1.6605651,-0.0025851,-0.2,0.072416
13.565508,-0.49941933,-2.970341,0.0085251,-0.2,0.079093
14.09293,-0.39484608,-3.293603,0.0081344,-0.2,0.075565
15.271604,0.46767247,-3.7891097,0.007743600000000001,-0.2,0.072038
12.772295,-0.648427,-4.7518535,0.019691999999999998,-0.2,0.077069
13.230125,-0.56107724,-5.12342,0.018803,-0.2,0.073633
14.329025,0.19386311,-5.7679896,0.017914,-0.2,0.07019700000000001
10.475469,4.4618855,14.236964,-0.05413300000000001,-0.2,0.031908
9.874881,6.0298038,13.74121,-0.045975,-0.2,0.026833999999999997
8.633709,6.0087624,11.884322,-0.037817,-0.2,0.021759
12.507771,4.3680296,12.488607,-0.048729,-0.2,0.038917
11.778805,6.006212,12.051935,-0.041055,-0.2,0.032355
10.196713,5.8841987,10.284907,-0.03338,-0.2,0.025793
14.21461,4.241205,10.455307,-0.04242,-0.2,0.045167
13.467012,5.9463277,10.108942,-0.035487,-0.2,0.0373
11.610661,5.771542,8.51072,-0.028554000000000003,-0.2,0.029432999999999997
15.577904,4.0695744,8.182908,-0.035338,-0.2,0.050568
14.89205,5.84768,7.935015,-0.029370999999999998,-0.2,0.041617
12.847718,5.6952024,6.6000237,-0.023403999999999998,-0.2,0.032665
16.576492,3.8507016,5.7442565,-0.027607,-0.2,0.055022
16.018984,5.709537,5.575089,-0.022794,-0.2,0.045245
13.886231,5.660477,4.558982,-0.017981,-0.2,0.035468
17.197048,3.5891397,3.2055056,-0.019362,-0.2,0.058444
16.807253,5.5315623,3.0899916,-0.015849000000000002,-0.2,0.048126999999999996
14.702945,5.6515775,2.4001586,-0.012336,-0.2,0.03781
17.413586,3.2854817,0.634754,-0.010748,-0.2,0.060766999999999995
17.225735,5.3111734,0.54797757,-0.008633799999999999,-0.2,0.050216000000000004
15.272808,5.645618,0.16751723,-0.0065198999999999995,-0.2,0.039664
17.247057,2.9406013,-1.8176233,-0.0019206,-0.2,0.06195
17.288454,5.041878,-1.8967817,-0.0012561,-0.2,0.051484
15.5690565,5.6177206,-1.9986167,-0.00059158,-0.2,0.041017000000000005
16.741535,2.5666418,-4.135419,0.0069607,-0.2,0.061975
17.01516,4.717657,-4.2373104,0.0061777,-0.2,0.051912
15.585999,5.5339622,-4.1184072,0.0053948,-0.2,0.041848
15.876813,2.1695182,-6.303564,0.015738,-0.2,0.06084199999999999
16.413813,4.3331213,-6.4448524,0.013562000000000001,-0.2,0.051488
15.326349,5.370111,-6.185874,0.011386,-0.2,0.042133
