,Points:0,Points:1,Points:2,U:0,U:1,U:2
0,-0.051881,-0.2,-0.12404000000000001,0.021578999999999127,-0.005495199999999922,-0.0532967000000002
1,-0.055958,-0.2,-0.13364,-0.03964269999999903,-0.010323200000000643,0.04280029999999968
2,-0.033694,-0.2,-0.13015,0.5702179999999988,0.08175950000000043,0.017386600000000474
3,-0.036362,-0.2,-0.14023,0.5596189999999996,0.10273500000000002,0.02079169999999997
4,-0.047803,-0.2,-0.11442999999999999,0.23912300000000108,0.08204010000000017,-0.15387170000000028
5,-0.031025999999999998,-0.2,-0.12005999999999999,0.31647400000000125,0.024229600000000184,0.013073299999999843
6,-0.043726,-0.2,-0.10482999999999999,0.2870720000000002,0.02053780000000005,-0.1663669999999997
7,-0.028359,-0.2,-0.10998,0.08311599999999864,-0.0008168000000000619,-0.01015229999999967
8,-0.039648,-0.2,-0.09522,0.2784880000000012,-0.03631580000000001,-0.11360320000000002
9,-0.025691000000000002,-0.2,-0.099892,0.18253400000000042,0.014614670000000052,-0.03900699999999979
10,-0.035571,-0.2,-0.085615,0.18604500000000002,0.005906999999999996,-0.048504000000000325
11,-0.023023,-0.2,-0.089806,0.14167400000000185,0.021635999999999878,-0.014033399999999752
12,-0.031809,-0.2,-0.076752,0.0750479999999989,-0.010943999999999954,0.0008859999999999424
13,-0.020562,-0.2,-0.080501,0.02892199999999967,-0.0003836699999999471,0.02311469999999982
14,-0.016036,-0.2,-0.14400000000000002,0.03614299999999915,0.0821357000000007,-0.0038927499999999726
15,-0.014831,-0.2,-0.13364,-0.07942099999999996,0.026934600000000142,0.011542199999999947
16,-0.013626,-0.2,-0.12327,-0.42559099999999894,-0.05481040000000004,0.054475700000000016
17,-0.01242,-0.2,-0.11291,-0.8675870000000003,-0.053368729999999975,0.056089500000000014
18,-0.011215000000000001,-0.2,-0.10254,-0.4361739999999994,0.026779999999999915,-0.020259599999999933
19,-0.01001,-0.2,-0.09218,-0.05443099999999923,-0.0060312500000000435,-0.05207644999999994
20,-0.0088985,-0.2,-0.082618,0.0592649999999999,-0.011898769999999947,-0.028005169999999913
21,0.0046186000000000005,-0.2,-0.14479,0.09655000000000058,0.11500449999999995,0.005306040000000012
22,0.004336199999999999,-0.2,-0.13437000000000002,0.17460499999999968,0.07948680000000019,-0.00023560000000000247
23,0.0040539,-0.2,-0.12394000000000001,0.2492460000000012,0.026247300000000306,-0.005615339999999969
24,0.0037715000000000005,-0.2,-0.11352000000000001,0.14061399999999935,-0.02208729999999992,-0.017341600000000068
25,0.0034891999999999996,-0.2,-0.10309000000000001,-0.4065580000000004,0.051099300000000014,-0.01893239999999996
26,0.0032069000000000004,-0.2,-0.092668,-0.011181000000000552,0.028231500000000076,-0.004484999999999961
27,0.0029463000000000002,-0.2,-0.08305,0.15119999999999933,-0.010526230000000025,-0.01635719999999996
28,0.025192,-0.2,-0.14274,0.4160104000000011,0.1468875999999999,0.07240899999999995
29,0.023426,-0.2,-0.13246,0.42315700000000156,0.1214814999999998,0.05978379999999994
30,0.021661,-0.2,-0.12217,0.3655229999999996,0.07121330000000015,0.040228199999999825
31,0.019895,-0.2,-0.11188,0.21657100000000007,0.005914100000000033,0.011809999999999654
32,0.01813,-0.2,-0.10159,-0.28260799999999797,0.010263400000000034,-0.048108700000000226
33,0.016364,-0.2,-0.091307,-0.09382100000000015,0.03793330000000006,0.004283500000000107
34,0.014735,-0.2,-0.081816,0.10637599999999914,0.018617580000000022,-0.03747949999999989
35,0.045214,-0.2,-0.13759000000000002,-0.013140299999998994,0.030133600000000094,0.005712699999999682
36,0.042006,-0.2,-0.12768,-0.05118699999999876,0.005998799999999527,-0.009863499999999803
37,0.038798,-0.2,-0.11775999999999999,-0.06633500000000048,-0.01279700000000017,-0.02013430000000005
38,0.03559,-0.2,-0.10784,-0.04639799999999816,-0.010125599999999957,-0.029116000000000586
39,0.032382,-0.2,-0.097928,-0.29957300000000053,0.014561319999999989,-0.06081200000000031
40,0.029174000000000002,-0.2,-0.088012,-0.000878999999999408,0.03010019999999991,0.09467629999999971
41,0.026215,-0.2,-0.078863,0.1813919999999989,0.031877869999999975,0.07350869999999965
42,0.064364,-0.2,-0.12982,-0.032410000000000494,-0.044749700000000114,-0.03182599999999969
43,0.059772000000000006,-0.2,-0.12045,-0.06371000000000038,-0.062192000000000025,-0.04675199999999968
44,0.05517999999999999,-0.2,-0.11108,-0.07209999999999894,-0.05370969999999975,-0.05453339999999951
45,0.050588,-0.2,-0.10171000000000001,-0.04516600000000004,0.008581200000000067,-0.07506699999999977
46,0.045995999999999995,-0.2,-0.092346,-0.2627410000000001,0.0020642800000000017,-0.05064769999999985
47,0.041404,-0.2,-0.082978,0.060399999999999565,0.023558549999999956,0.18949640000000034
48,0.037167,-0.2,-0.074335,0.16080499999999986,0.00047377000000001224,0.17012699999999992
49,0.082161,-0.2,-0.11930999999999999,0.10311930000000036,-0.03453499999999998,0.023206599999999966
50,0.076284,-0.2,-0.11069000000000001,0.07446499999999912,-0.054575999999999514,0.015033299999999805
51,0.07040700000000001,-0.2,-0.10207999999999999,0.06598900000000008,-0.049131600000000386,0.024489599999999
52,0.06452999999999999,-0.2,-0.093459,0.08219499999999869,0.016938600000000026,0.007319400000000087
53,0.058653,-0.2,-0.084842,-0.09260399999999969,-0.0017818800000000135,0.044617999999999824
54,0.052775999999999997,-0.2,-0.076226,0.22361199999999926,0.016293400000000013,0.28946200000000033
55,0.047354,-0.2,-0.068276,0.19190599999999947,0.002908869999999994,0.23096640000000068
56,0.098271,-0.2,-0.10637,0.057396299999999734,-0.0198259999999999,0.019178599999999157
57,0.09123099999999999,-0.2,-0.098682,0.012480000000000047,-0.04173719999999981,0.01160300000000003
58,0.08419199999999999,-0.2,-0.090994,0.0037639999999994345,-0.04246660000000024,0.04331150000000061
59,0.077152,-0.2,-0.08330599999999999,0.04858999999999902,0.009207549999999953,0.06870080000000023
60,0.070112,-0.2,-0.07561699999999999,-0.03436799999999973,-0.0028336300000000036,0.08495170000000041
61,0.063073,-0.2,-0.067929,0.23936529999999845,-0.0008085999999999927,0.21403250000000007
62,0.056577999999999996,-0.2,-0.060836,0.1533301999999992,-0.012146547999999993,0.12648599999999988
63,0.11255,-0.2,-0.091419,-0.0419230000000006,-0.015997600000000167,-0.0662710000000013
64,0.10447000000000001,-0.2,-0.084797,-0.0510540000000006,-0.027480100000000007,-0.0009855999999999199
65,0.09639,-0.2,-0.078175,-0.011118499999999365,-0.008426499999999892,0.08154640000000146
66,0.08831,-0.2,-0.07155299999999999,0.06683099999999964,0.033280999999999894,0.08045150000000056
67,0.080231,-0.2,-0.06493099999999999,0.01474859999999989,-0.008658944000000002,0.04673500000000175
68,0.072152,-0.2,-0.058309,0.08398530000000015,-0.022889660000000006,-0.020289999999999253
69,0.064697,-0.2,-0.0522,-0.047601799999999805,-0.007085649999999999,-0.084225
70,0.12426,-0.2,-0.074379,-0.24204499999999918,0.030377399999999888,-0.4601735999999992
71,0.11534000000000001,-0.2,-0.068986,-0.16360499999999956,0.01334930000000023,-0.2729720000000011
72,0.10642,-0.2,-0.063593,-0.027980600000000244,-0.009908499999999876,-0.024663999999999575
73,0.097498,-0.2,-0.0582,0.0579187000000001,0.02012410000000009,0.14165700000000037
74,0.088577,-0.2,-0.05280700000000001,0.03141700000000025,-0.005365908999999999,-0.09856500000000068
75,0.07965599999999999,-0.2,-0.047414,-0.13220869999999962,0.00010006999999999378,-0.2913990000000002
76,0.071425,-0.2,-0.042438,-0.12667500000000054,-0.01476559999999999,-0.17403300000000144
77,0.13364,-0.2,-0.055958,-0.23691660000000025,0.00487599999999988,-0.5302759999999997
78,0.12403,-0.2,-0.051886,-0.1870763999999996,0.027606300000000195,-0.36615399999999987
79,0.11442999999999999,-0.2,-0.047813999999999995,-0.0777019999999995,-0.0018781000000003267,-0.18804100000000012
80,0.10482000000000001,-0.2,-0.043742,0.03109699999999993,-0.04229850000000024,-0.0397350000000003
81,0.09521,-0.2,-0.03967,-0.0009746000000001587,-0.005428180000000005,-0.08836900000000014
82,0.085602,-0.2,-0.035598000000000005,-0.11212230000000023,0.016350194999999998,-0.3678000000000008
83,0.076738,-0.2,-0.031841,-0.08080100000000012,-0.03738559999999996,-0.1568929999999984
84,-0.064555,-0.2,-0.11792000000000001,-0.012102000000000501,0.027277399999999563,-0.0463584999999993
85,-0.069613,-0.2,-0.12704000000000001,-0.35739959999999993,-0.026059299999999563,0.09857770000000032
86,-0.059497,-0.2,-0.10879000000000001,0.11038549999999958,0.04357370000000027,-0.1249589999999996
87,-0.054438,-0.2,-0.09966599999999999,-0.056880000000001374,0.018225500000000006,-0.1038250000000005
88,-0.04938,-0.2,-0.09054,-0.08976900000000043,-0.028052850000000018,-0.013467700000000526
89,-0.044322,-0.2,-0.081415,-0.11498899999999956,0.02123150000000007,0.030834999999999724
90,-0.039655,-0.2,-0.072996,-0.11620600000000003,-0.007342599999999977,0.04930699999999977
91,-0.082504,-0.2,-0.11905999999999999,0.07943699999999954,0.07574029999999965,0.02473330000000029
92,-0.076521,-0.2,-0.11051,0.1597559999999998,0.0759694999999998,-0.04586130000000033
93,-0.070538,-0.2,-0.10197,0.057605999999999824,0.016634500000000108,-0.06972959999999961
94,-0.064555,-0.2,-0.093421,-0.19315399999999983,0.009713500000000042,-0.022819999999999396
95,-0.058571000000000005,-0.2,-0.084876,-0.25247899999999923,-0.0020839000000000274,0.0764125
96,-0.052588,-0.2,-0.07633,-0.2575730000000007,0.02864769999999983,0.11320659999999982
97,-0.047068,-0.2,-0.068445,-0.18505900000000075,-0.00809244000000009,0.08354130000000026
98,-0.094493,-0.2,-0.10977999999999999,0.05843699999999963,0.059933399999999803,0.09117200000000025
99,-0.08765,-0.2,-0.1019,0.042410199999999953,0.023831700000000122,0.039037999999999684
100,-0.080808,-0.2,-0.09403099999999999,-0.004544000000000992,-0.009057400000000104,-0.030541799999999952
101,-0.073965,-0.2,-0.086158,-0.11365900000000018,0.005793249999999972,-0.045163500000000134
102,-0.067123,-0.2,-0.07828500000000001,-0.11679199999999845,0.03650810000000004,0.02122759999999957
103,-0.06027999999999999,-0.2,-0.070412,-0.16529900000000097,0.01604960000000033,0.1100494000000003
104,-0.053967999999999995,-0.2,-0.063149,-0.09645599999999988,-0.013825250000000011,0.05827730000000031
105,-0.10545,-0.2,-0.09929600000000001,-0.09199640000000109,-0.019921500000000147,0.11365099999999995
106,-0.09782,-0.2,-0.092181,-0.06015000000000015,-0.029926499999999745,0.008392999999998985
107,-0.090192,-0.2,-0.085066,-0.003417999999999921,-0.002013600000000171,-0.1276969999999995
108,-0.082565,-0.2,-0.07795099999999999,0.023941000000000656,0.004468900000000109,-0.16998599999999975
109,-0.074937,-0.2,-0.070836,0.043932499999999486,0.022996449999999946,-0.09447570000000027
110,-0.06731000000000001,-0.2,-0.063722,-0.05558759999999907,0.011256500000000225,0.06447100000000017
111,-0.060273,-0.2,-0.05715800000000001,-0.03492430000000013,-0.015806199999999992,0.027190000000000936
112,-0.11525,-0.2,-0.08772999999999999,-0.09778840000000066,-0.0357883999999995,0.05731549999999963
113,-0.10692,-0.2,-0.08145,-0.06439030000000034,-0.0331062000000002,-0.03137650000000036
114,-0.098587,-0.2,-0.075171,-0.0015377000000009744,0.004425300000000076,-0.1559089999999994
115,-0.090258,-0.2,-0.068892,0.06162169999999989,0.008515370000000022,-0.22741599999999984
116,-0.081929,-0.2,-0.062612,0.0968119999999999,-0.030386000000000135,-0.14489900000000056
117,-0.0736,-0.2,-0.056333,0.026564000000000476,0.010251999999999928,-0.006366999999999123
118,-0.065916,-0.2,-0.050539999999999995,0.0007009999999993966,-0.016791,-0.01097799999999971
119,-0.12378,-0.2,-0.075204,-0.08586969999999994,-0.0284624,0.07899550000000044
120,-0.11484000000000001,-0.2,-0.069829,-0.07580899999999957,-0.03452010000000039,0.025287000000000504
121,-0.1059,-0.2,-0.064455,-0.02503030000000006,0.00045339999999982616,-0.09027100000000132
122,-0.096964,-0.2,-0.059079999999999994,0.05517530000000015,0.009740599999999877,-0.21191800000000072
123,-0.088026,-0.2,-0.053704999999999996,0.11937499999999979,0.013496199999999958,-0.1776289999999996
124,-0.079087,-0.2,-0.04833,0.07879800000000081,0.008847600000000178,-0.09225899999999854
125,-0.070841,-0.2,-0.043371,0.007662999999999975,-0.014729699999999846,-0.03220500000000115
126,-0.019672,-0.2,-0.077065,-0.008250000000000313,-0.0012627000000000055,0.03283099999999983
127,-0.030438,-0.2,-0.073476,0.05165299999999995,-0.006032349999999964,0.013459400000000343
128,-0.029067000000000003,-0.2,-0.0702,0.037256499999999804,0.004765099999999967,0.02849700000000066
129,-0.018782,-0.2,-0.073629,-0.039591000000001486,0.011717160000000115,0.04380760000000006
130,-0.027696,-0.2,-0.066924,0.03449799999999925,0.012999899999999842,0.040413999999999284
131,-0.017891999999999998,-0.2,-0.07019299999999999,-0.06288599999999889,0.03185820000000006,0.04852470000000064
132,-0.0085068,-0.2,-0.07909,0.07980700000000063,-0.008210870000000037,-0.02191489999999996
133,-0.008115100000000002,-0.2,-0.075562,0.09310350000000156,0.002527080000000015,-0.013501900000000067
134,-0.0077235,-0.2,-0.072034,0.10526000000000124,0.009383099999999978,-0.005332699999999968
135,0.0028318,-0.2,-0.07950399999999999,0.13961100000000037,-0.008973740000000008,-0.01935500000000001
136,0.0027174,-0.2,-0.075959,0.1122059999999987,0.0010239699999999852,-0.01727965999999992
137,0.0026030000000000003,-0.2,-0.072413,0.10137399999999985,0.010936199999999952,-0.018033400000000088
138,0.014116,-0.2,-0.078316,0.12011600000000122,-0.0021470299999999942,-0.06529499999999988
139,0.013497,-0.2,-0.074816,0.030345999999999762,0.0019485700000000106,-0.0815513999999995
140,0.012877000000000001,-0.2,-0.071315,-0.03514900000000054,0.001832600000000073,-0.10174780000000005
141,0.025106,-0.2,-0.075495,0.26580099999999796,-0.011891791999999998,0.03715869999999999
142,0.023997,-0.2,-0.072126,0.19640300000000188,-0.013432317,-0.006105999999999501
143,0.022889,-0.2,-0.068758,0.054303999999998354,-0.004345800000000066,-0.051964499999999525
144,0.035588999999999996,-0.2,-0.071156,0.2464770000000005,-0.009608699999999998,0.13686299999999907
145,0.034010000000000006,-0.2,-0.067976,0.2226820000000007,-0.007808769999999993,0.09989329999999974
146,0.032431,-0.2,-0.06479700000000001,0.12125700000000172,0.06552976999999993,0.06312029999999957
147,0.04534,-0.2,-0.065357,0.23340300000000092,-0.007883680000000004,0.19716470000000097
148,0.043327,-0.2,-0.062437,0.2154050000000005,-0.02323729999999999,0.16714800000000096
149,0.041314,-0.2,-0.059516999999999994,0.15222799999999914,0.030099419999999988,0.14738650000000053
150,0.054172000000000005,-0.2,-0.058235,0.14946270000000084,0.00500582000000005,0.1240679999999994
151,0.051766,-0.2,-0.055635000000000004,0.1485929999999991,-0.04836157999999996,0.10504800000000003
152,0.04936,-0.2,-0.053034000000000005,0.12218200000000046,0.008804270000000003,0.1025380000000009
153,0.061935000000000004,-0.2,-0.049958999999999996,-0.022975699999999932,0.003833399999999987,-0.056277000000001465
154,0.059172,-0.2,-0.047718,0.02029100000000028,-0.010357899999999975,-0.0481189999999998
155,0.056409,-0.2,-0.045477,0.023628999999999678,0.0030990808000000004,-0.028230000000000643
156,0.068381,-0.2,-0.040619999999999996,-0.07413399999999992,-0.009229399999999943,-0.09497799999999934
157,0.065337,-0.2,-0.038801,-0.017145700000000375,0.015071030000000096,-0.028434999999999988
158,0.062292999999999994,-0.2,-0.036982,0.020575599999999916,-0.009574410000000005,-0.016780999999999935
159,0.073461,-0.2,-0.030472000000000003,-0.05226199999999981,-0.03517152999999995,-0.023391999999999413
160,0.070184,-0.2,-0.029102999999999997,-0.025625499999999413,-0.0066285999999999845,0.11708500000000122
161,0.06690700000000001,-0.2,-0.027733999999999998,0.00029460000000014475,0.02472692999999998,0.16517799999999916
162,-0.037951,-0.2,-0.069883,-0.08977700000000155,-0.005008799999999924,0.0442544999999992
163,-0.036246,-0.2,-0.066771,-0.04517899999999919,0.0035728000000000426,0.03833740000000052
164,-0.034542,-0.2,-0.063658,0.016151999999998168,0.003684600000000149,0.027630000000000265
165,-0.045049,-0.2,-0.06552899999999999,-0.12577499999999908,-0.006294770000000005,0.056844999999999146
166,-0.043029000000000005,-0.2,-0.062612,-0.050202000000000524,0.0006178700000000203,0.028391199999999728
167,-0.041009,-0.2,-0.059696000000000006,0.035468999999999085,-0.005628100000000247,-0.0022077000000004787
168,-0.051654,-0.2,-0.060459000000000006,-0.04206999999999894,-0.009381760000000017,0.023772999999999378
169,-0.049339999999999995,-0.2,-0.05776900000000001,0.0217509999999983,-0.00287930000000014,-0.013488399999999956
170,-0.047027,-0.2,-0.055078999999999996,0.09107800000000132,-0.015579100000000068,-0.05382799999999932
171,-0.05769199999999999,-0.2,-0.054725,0.008781299999999881,-0.011834099999999959,-0.012163499999999772
172,-0.05511,-0.2,-0.052292,0.060910000000001574,-0.006350960000000128,-0.0569279999999992
173,-0.052529,-0.2,-0.04986,0.11769699999999972,-0.02349610000000002,-0.10617799999999988
174,-0.063096,-0.2,-0.048391,0.030165700000000406,-0.014019140000000041,-0.046948999999999685
175,-0.060275999999999996,-0.2,-0.046242,0.0671823000000007,-0.009277399999999991,-0.09001600000000032
176,-0.05745499999999999,-0.2,-0.044093,0.10802140000000104,-0.025308600000000014,-0.13709400000000116
177,-0.067811,-0.2,-0.041529,0.01971549999999933,-0.011862540000000088,-0.052543000000000006
178,-0.06478099999999999,-0.2,-0.039686,0.03980270000000008,-0.006576799999999938,-0.08328100000000127
179,-0.061752,-0.2,-0.037844,0.06427370000000021,-0.01623050000000026,-0.12076799999999999
180,-0.015713,-0.2,-0.060837999999999996,-0.04655499999999968,0.03332690000000005,0.03989989999999999
181,-0.024229,-0.2,-0.058559,0.08562499999999851,0.019666199999999634,0.06061600000000045
182,-0.020761,-0.2,-0.050193,0.19116200000000028,0.04217799999999983,0.06669839999999949
183,-0.013534000000000001,-0.2,-0.051483,0.0909059999999986,0.01093429999999973,0.007582099999999814
184,-0.017293,-0.2,-0.041828,0.1912199999999995,0.07597929999999975,0.0557751999999998
185,-0.011355,-0.2,-0.042128,0.15320499999999804,0.03580019999999973,-0.003098800000000068
186,-0.013825,-0.2,-0.033462,0.08515799999999984,0.06508979999999998,0.007534699999999894
187,-0.0091757,-0.2,-0.032773000000000004,0.07179499999999983,0.006947499999999884,-0.01992790000000011
188,-0.006938,-0.2,-0.061971000000000005,0.12341499999999961,-0.01825399999999977,0.011902330000000072
189,-0.0061525,-0.2,-0.051907,0.0911729999999995,-0.028562100000000257,0.019372959999999995
190,-0.0053671000000000005,-0.2,-0.041844,-0.12031300000000122,-0.11780170000000023,-0.09672249999999999
191,-0.0045816,-0.2,-0.03178,-0.19411099999999948,0.16651209999999983,-0.026750900000000022
192,0.0019407,-0.2,-0.061946,0.10916799999999682,0.009697000000000067,0.009891100000000153
193,0.0012785000000000001,-0.2,-0.05148,0.040632000000000446,-0.00011100000000041632,0.05679949999999989
194,0.00061623,-0.2,-0.041013,-0.10602649999999869,0.01975970000000027,0.11534679999999997
195,-4.6009e-05,-0.2,-0.030545999999999997,-0.06433999999999962,0.04694900000000013,0.12499079999999996
196,0.010765,-0.2,-0.060764,0.023106000000000293,0.044599299999999786,-0.08010159999999988
197,0.008653399999999999,-0.2,-0.050212,0.034488000000001406,0.0034161999999997583,-0.019532799999999906
198,0.0065414,-0.2,-0.039661,-0.11980599999999875,0.08272529999999945,0.03777370000000024
199,0.0044294,-0.2,-0.029108999999999996,-0.12683400000000056,0.02246180000000031,0.11012909999999998
200,0.019377000000000002,-0.2,-0.058441,0.11519000000000013,0.06371560000000032,-0.13182949999999938
201,0.015865999999999998,-0.2,-0.048124,0.10314999999999941,-0.07610479999999997,-0.06967400000000001
202,0.012354,-0.2,-0.037806,-0.08475099999999891,0.07748900000000036,-0.0395859999999999
203,0.0088425,-0.2,-0.027489,-0.1608065999999999,-0.1209351000000003,0.06414200000000037
204,0.02762,-0.2,-0.055020000000000006,0.23876600000000003,0.07445360000000001,-0.04596770000000028
205,0.022808000000000002,-0.2,-0.045243,0.23588400000000043,-0.17437840000000016,0.02162320000000051
206,0.017997,-0.2,-0.035466000000000004,-0.017557000000000045,-0.10216479999999972,-0.025959299999999352
207,0.013184999999999999,-0.2,-0.025689,-0.12251000000000012,-0.036586999999999925,0.04163569999999961
208,0.035348000000000004,-0.2,-0.050566,0.28432800000000036,0.08140159999999996,0.03467599999999926
209,0.029382,-0.2,-0.041615,0.2018949999999986,-0.27999019999999986,0.15086400000000033
210,0.023416,-0.2,-0.032663,0.01918799999999976,-0.29402170000000005,0.16137850000000054
211,0.01745,-0.2,-0.023712,-0.05947459999999971,0.1503464000000001,0.06677199999999939
212,0.042428,-0.2,-0.045166000000000005,0.25567400000000085,0.07573549999999996,0.029849000000002235
213,0.035496,-0.2,-0.037299,0.07832299999999925,-0.34612869999999996,0.20336299999999952
214,0.028562999999999998,-0.2,-0.029431,-0.04398129999999956,-0.38246840000000004,0.3220880000000008
215,0.021631,-0.2,-0.021564,-0.027918999999999805,0.17015899999999995,0.15067400000000042
216,0.048734,-0.2,-0.038916,0.16861999999999977,0.10880840000000003,-0.07986799999999938
217,0.04106,-0.2,-0.032354,-0.020243599999999695,-0.2524275,0.12444900000000025
218,0.033386,-0.2,-0.025792000000000002,-0.12634899999999938,-0.33557000000000015,0.34408999999999956
219,0.025712,-0.2,-0.019231,-0.04433859999999967,0.07171520000000031,0.23533000000000115
220,0.054136000000000004,-0.2,-0.031908,0.1058899999999996,0.10934639999999995,-0.08805500000000066
221,0.045978,-0.2,-0.026833,-0.05016439999999989,-0.03300089999999978,-0.023996999999999602
222,0.03782,-0.2,-0.021758,-0.16613099999999914,-0.15844879999999995,0.24445099999999975
223,0.029663,-0.2,-0.016684,-0.056204400000000376,-0.0032730000000005255,0.25956700000000055
224,0.058539,-0.2,-0.024271,0.016543399999999764,0.03952430000000007,0.035327999999999804
225,0.050172,-0.2,-0.020808,-0.06700100000000031,0.12246839999999981,-0.06635399999999869
226,0.041804,-0.2,-0.017345,-0.1113350000000004,0.0016095000000002635,0.14686600000000105
227,0.033436,-0.2,-0.013881999999999999,-0.022254600000000124,-0.04912129999999992,0.25282499999999963
228,-0.029883999999999997,-0.2,-0.055421000000000005,0.20769000000000126,-0.0078125,0.01625100000000046
229,-0.025227,-0.2,-0.047184,0.2877269999999985,0.018603000000000147,0.05583630000000017
230,-0.020569,-0.2,-0.038947,0.1900270000000006,0.06645199999999951,0.07903249999999984
231,-0.015912,-0.2,-0.03071,0.03032699999999977,0.04791849999999975,0.013485999999999887
232,-0.03522,-0.2,-0.051735,0.2425720000000009,-0.03087889999999982,-0.038096400000001474
233,-0.029431,-0.2,-0.043775,0.286467,-0.007967799999999858,0.024337400000000287
234,-0.023641,-0.2,-0.035815,0.14400299999999966,0.054101299999999686,0.09086540000000021
235,-0.017852,-0.2,-0.027854000000000004,-0.040489,0.015600000000000058,0.015353700000000359
236,-0.040187,-0.2,-0.047539,0.23552699999999938,-0.05107369999999989,-0.10163299999999964
237,-0.033347,-0.2,-0.039998,0.2252989999999997,-0.026228600000000046,-0.011217000000000255
238,-0.026507,-0.2,-0.032457,0.061636999999999276,0.047675799999999935,0.1029239999999998
239,-0.019667,-0.2,-0.024916999999999998,-0.11808369999999968,-0.0192245000000002,0.019613000000000103
240,-0.044739,-0.2,-0.042873,0.2142559999999989,-0.06337020000000049,-0.15936400000000006
241,-0.03695,-0.2,-0.035886,0.15282600000000102,-0.03367539999999991,-0.041896000000001266
242,-0.029160000000000002,-0.2,-0.0289,-0.030803500000000206,0.044716499999999826,0.11486299999999972
243,-0.02137,-0.2,-0.021913,-0.18521319999999974,-0.019351899999999977,0.04376829999999998
244,-0.048835,-0.2,-0.037783,0.16777899999999946,-0.06116540000000015,-0.18563999999999936
245,-0.040214,-0.2,-0.031474,0.08795770000000047,-0.03194250000000043,-0.06063600000000058
246,-0.031594,-0.2,-0.025164,-0.10764159999999912,0.040543100000000276,0.12249700000000008
247,-0.022973,-0.2,-0.018854,-0.2039769999999992,0.03841694000000001,0.07871699999999926
248,-0.052434,-0.2,-0.03232,0.10451100000000046,-0.045715400000000184,-0.1716969999999982
249,-0.043116,-0.2,-0.026795999999999997,0.033312999999999704,-0.025648399999999683,-0.06413399999999925
250,-0.033799,-0.2,-0.021272,-0.15732299999999988,0.03338049999999981,0.12305240000000062
251,-0.024481,-0.2,-0.015747,-0.15598940000000017,-0.027141139999999994,0.08041270000000011
252,-0.011173,-0.2,-0.02982,0.026066599999999163,-0.05123610000000012,-0.021547100000000263
253,-0.013054,-0.2,-0.026774,-0.036589000000000205,0.003369700000000031,-0.005985200000000024
254,-0.014834,-0.2,-0.023657,-0.08134730000000001,-0.18781499999999995,-0.006453000000000042
255,-0.016525,-0.2,-0.020483,-0.11570449999999965,0.09594900000000006,-0.02057449999999994
256,-0.018134,-0.2,-0.017261000000000002,-0.11114939999999995,0.19425999999999988,-0.034826299999999755
257,-0.019665000000000002,-0.2,-0.013999999999999999,-0.06619490000000017,0.14710299999999998,-0.02905409999999975
258,-0.0064747,-0.2,-0.028662,-0.04030430000000074,0.049202129999999955,0.01306814500000001
259,-0.008280599999999999,-0.2,-0.025463999999999997,0.0032239999999994495,-0.03628845999999997,-0.03478183999999995
260,-0.010011,-0.2,-0.022205000000000003,-0.06191499999999994,0.17745350000000037,-0.060526639999999965
261,-0.011673000000000001,-0.2,-0.018897999999999998,-0.10469349999999977,0.1825044,-0.07494730000000005
262,-0.013271999999999999,-0.2,-0.015550999999999999,-0.0896982000000004,0.20138299999999987,-0.07721670000000014
263,-0.014812,-0.2,-0.012172,-0.03883570000000036,0.26342,-0.06053609999999976
264,-0.0018221000000000001,-0.2,-0.027294,-0.006392999999999205,-0.02881522000000001,0.059241549999999976
265,-0.0035405000000000002,-0.2,-0.023974000000000002,-0.12584499999999998,-0.19431330000000036,-0.003843849999999982
266,-0.005208399999999999,-0.2,-0.020604,-0.17483299999999957,-0.4662232999999998,0.018537938
267,-0.0068292000000000005,-0.2,-0.017194,-0.1526017999999998,0.12305230000000034,-0.05629109999999993
268,-0.008406299999999998,-0.2,-0.013752,-0.09089499999999973,0.32092450000000117,-0.06938080000000002
269,-0.009942399999999999,-0.2,-0.010284999999999999,-0.0147872,0.36612199999999984,-0.03562870000000018
270,0.0027811,-0.2,-0.025749,0.0048504000000004766,-0.0049091,0.08989990000000025
271,0.0011607999999999998,-0.2,-0.022331999999999998,-0.00200699999999987,0.0048552000000001705,0.06714690000000001
272,-0.00043382,-0.2,-0.018876,-0.0322647000000007,-0.08254370000000044,0.007610600000000245
273,-0.0020025999999999998,-0.2,-0.015388999999999998,-0.05762020000000012,-0.11851050000000019,-0.02695000000000003
274,-0.003547,-0.2,-0.011878,-0.04273899999999964,-0.07888649999999942,-0.032855999999999996
275,-0.005068199999999999,-0.2,-0.008349500000000001,-0.0013616000000000739,0.20675859999999968,0.0016282800000000097
276,0.007331600000000001,-0.2,-0.024044,-0.05884429999999963,-0.03775624999999999,0.04875530000000028
277,0.0058194,-0.2,-0.020555,-0.05347659999999976,-0.02321620000000002,0.047661000000000175
278,0.0043077,-0.2,-0.017037,-0.04274929999999966,-0.14878470000000021,-0.02017499999999961
279,0.0028006,-0.2,-0.013496000000000001,-0.01501399999999986,-0.1723726000000001,-0.04059719999999967
280,0.0012988,-0.2,-0.0099401,0.015020000000000033,-0.05370899999999956,-0.030709099999999934
281,-0.00019777,-0.2,-0.0063733,0.026268500000000028,0.07796259999999933,-0.023579899999999876
282,0.011822,-0.2,-0.022183,-0.093337,0.020501979999999975,0.027700499999999906
283,0.010426999999999999,-0.2,-0.018645,-0.07616800000000001,-0.012014100000000028,0.03439100000000028
284,0.0090086,-0.2,-0.015087999999999999,-0.04683120000000063,-0.1374527999999997,-0.036199500000000384
285,0.007573000000000001,-0.2,-0.011518,-0.00717670000000048,-0.22134499999999946,-0.05013269999999981
286,0.006123600000000001,-0.2,-0.0079404,0.019198600000000177,-0.19196999999999953,-0.032962799999999515
287,0.0046615,-0.2,-0.0043593,0.0302848,-0.010787999999999798,-0.012064800000000098
288,0.016244,-0.2,-0.020169,-0.08120959999999933,-0.05123639999999985,0.016191000000000066
289,0.014977,-0.2,-0.016606,-0.06945420000000002,-0.0021669699999999903,-0.019720699999999702
290,0.013661000000000001,-0.2,-0.013034,-0.03970359999999973,-0.05316220000000005,0.015465299999999793
291,0.012306999999999998,-0.2,-0.0094587,0.00573519999999994,-0.10110040000000042,0.005504000000000175
292,0.010920000000000001,-0.2,-0.0058832,0.030372999999999872,-0.11054399999999998,0.020531399999999866
293,0.0095024,-0.2,-0.0023117,0.005996900000000013,0.08608499999999975,0.08717529999999973
294,0.020592,-0.2,-0.018007,-0.061039000000000065,0.04122610000000004,-0.013020000000000032
295,0.019463,-0.2,-0.014443000000000001,-0.06562400000000013,-0.0013971299999999687,-0.10454060000000087
296,0.018259,-0.2,-0.010879999999999999,-0.019025700000000256,-0.03568727999999999,-0.0814054000000004
297,0.016996,-0.2,-0.0073222999999999995,0.011924600000000174,0.03325020000000012,0.04376299999999933
298,0.015681,-0.2,-0.0037726,0.02962700000000007,0.02148949999999994,0.15084949999999964
299,0.014318,-0.2,-0.00023423,0.03689557999999998,-0.07117239999999958,0.2592402999999992
300,0.02485,-0.2,-0.015686000000000002,-0.058110000000000106,0.10274150000000004,-0.022235000000000227
301,0.023869,-0.2,-0.012147,-0.04273300000000013,0.028982399999999853,-0.21856600000000093
302,0.022789,-0.2,-0.008619100000000001,-0.010018699999999825,-0.03812800000000016,-0.2570709999999998
303,0.021628,-0.2,-0.0051048000000000005,0.015011900000000078,-0.005720699999999912,-0.15394119999999933
304,0.020395,-0.2,-0.0016067999999999998,0.0005095839999999987,-0.013423199999999996,0.25253459999999883
305,0.019097,-0.2,0.0018725000000000002,-0.08420759999999994,-0.0035210999999999992,0.20074400000000026
306,0.028991000000000003,-0.2,-0.013182,-0.03606259999999972,0.03291900000000014,0.03568899999999964
307,0.028170999999999998,-0.2,-0.0096979,-0.013409999999999922,0.03840399999999988,-0.12131899999999973
308,0.027226,-0.2,-0.006235,-0.002752600000000216,0.023497999999999575,-0.15768500000000074
309,0.026180000000000002,-0.2,-0.0027947,-0.01475515999999999,0.02165449999999991,0.05442500000000017
310,0.025042,-0.2,0.00062134,-0.0642311499999999,-0.13460600000000023,0.15946399999999983
311,0.023821000000000002,-0.2,0.0040113,-0.01341760000000014,-0.031753300000000095,-0.20267899999999806
312,0.03297,-0.2,-0.010459999999999999,0.017658499999999577,-0.047952399999999784,0.14383849999999931
313,0.032326,-0.2,-0.0070677,0.01878499999999983,-0.0160165000000001,0.1019710000000007
314,0.031533,-0.2,-0.0037071999999999995,-0.013510759999999955,0.10030250000000018,0.24692199999999964
315,0.030616,-0.2,-0.00037829,-0.005014499999999977,0.007098999999999744,0.6188100000000016
316,0.029589999999999998,-0.2,0.0029185,-0.02667149999999996,0.13619100000000062,-0.17396400000000156
317,0.028461,-0.2,0.0061818,0.048086699999999816,0.15642330000000015,-0.3235759999999992
318,0.13908,-0.2,-0.040838,-0.09685810000000017,0.05506830000000007,-0.18095899999999965
319,0.12905999999999998,-0.2,-0.037850999999999996,-0.04393160000000007,0.00928580000000001,-0.08062600000000053
320,0.11904,-0.2,-0.034863,0.01986599999999994,-0.07028279999999998,0.010721999999999454
321,0.10902,-0.2,-0.031876,0.045247999999999955,-0.05152129999999988,0.010375999999999053
322,0.098995,-0.2,-0.028888,0.055333899999999936,-0.008140250000000016,-0.012872999999999024
323,0.088973,-0.2,-0.0259,0.0656247999999997,-0.006128376000000005,0.20930599999999977
324,0.079819,-0.2,-0.023169,0.007796799999999493,-0.019097330000000023,0.103491
325,0.13243,-0.2,-0.02333,0.022461600000000193,-0.0037743999999997335,0.21813599999999944
326,0.14274,-0.2,-0.025190999999999998,0.009975100000000126,-0.002210199999999718,0.1856939999999998
327,0.12212999999999999,-0.2,-0.021469,0.02617219999999998,-0.03569080000000002,0.21873399999999954
328,0.11182,-0.2,-0.019608,0.028721400000000008,-0.01488630000000013,0.04982400000000098
329,0.10151,-0.2,-0.017747,0.06684180000000017,-0.0015948800000000207,0.2382679999999997
330,0.091199,-0.2,-0.015885,0.10861949999999987,-0.0010959200000000002,0.3993359999999999
331,0.081875,-0.2,-0.014197999999999999,0.0791122999999998,-0.00288670000000002,0.2949590000000004
332,0.13413,-0.2,-0.008524799999999999,-0.002350640000000015,-0.13405099999999992,-0.007289000000000101
333,0.14458,-0.2,-0.0092322,0.0008304299999999931,-0.13860980000000023,0.1328940000000003
334,0.12367,-0.2,-0.0078175,-0.006844929999999971,-0.07969099999999996,-0.2123589999999993
335,0.11320999999999999,-0.2,-0.0071101,-0.0016508199999999973,-0.02402009999999999,-0.1999960000000005
336,0.10275999999999999,-0.2,-0.0064027,0.011537800000000042,-0.008291060000000017,-0.05577699999999908
337,0.092297,-0.2,-0.0056954,0.028754999999999864,-0.005608839999999976,0.10598999999999847
338,0.082929,-0.2,-0.0050571999999999995,0.02784209999999998,-0.006421540000000059,0.13238399999999828
339,0.13421,-0.2,0.0063696000000000004,0.005385949999999973,-0.0060755000000001225,-0.040032000000001844
340,0.14469,-0.2,0.0068263,0.01836475000000004,-0.009563999999999684,0.04405999999999999
341,0.12372999999999999,-0.2,0.005913,-0.010817500000000035,0.001567000000000096,-0.0564440000000026
342,0.11325,-0.2,0.0054563,-0.02624043999999992,0.009460800000000047,0.039733000000001795
343,0.10275999999999999,-0.2,0.0049996,-0.03270249999999997,-0.001230299999999962,0.243822999999999
344,0.092279,-0.2,0.0045429,-0.013749810000000029,0.004198099999999982,0.46174300000000024
345,0.082975,-0.2,0.0041424999999999995,0.006704832000000001,0.02195159999999996,0.5234900000000007
346,0.13269,-0.2,0.021185,0.03162200000000004,0.07904169999999988,0.08307899999999968
347,0.14307,-0.2,0.022803999999999998,0.03593339999999978,0.06928120000000026,0.07418999999999976
348,0.1223,-0.2,0.019566,0.022293500000000188,0.07568370000000035,0.060846999999998985
349,0.11192,-0.2,0.017947,0.005908100000000305,0.03654299999999999,-0.002457999999998961
350,0.10153,-0.2,0.016329,-0.012357000000000173,0.0002307500000000018,-0.02870099999999809
351,0.091147,-0.2,0.014709,-0.022286699999999993,0.0019082799999999844,-0.0026300000000016865
352,0.082014,-0.2,0.013291999999999998,-0.017869050000000053,0.00812859999999982,-0.05737899999999918
353,0.12958,-0.2,0.034928,0.04831150000000006,0.10388400000000031,0.06179200000000051
354,0.13995,-0.2,0.03758,0.06184849999999997,0.08335500000000007,0.025014499999999273
355,0.11921,-0.2,0.032276,0.029376899999999928,0.11118170000000038,0.10772300000000001
356,0.10884,-0.2,0.029624,0.010036799999999957,0.06211460000000013,0.10622400000000098
357,0.09847,-0.2,0.026972000000000003,-0.019954699999999992,0.0027519599999999977,-0.01317000000000057
358,0.088101,-0.2,0.024319999999999998,-0.05136300000000027,-0.003892799999999974,-0.2034540000000007
359,0.07912000000000001,-0.2,0.02203,-0.038231000000000126,-0.007682600000000095,-0.24676700000000018
360,0.076362,-0.2,-0.022308,-0.016326999999999536,-0.03635299999999997,0.0835019999999993
361,0.072905,-0.2,-0.021447,-0.035291000000000405,-0.01214599999999999,0.2099454999999999
362,0.069448,-0.2,-0.020587,-0.04565230000000042,0.03327020000000003,0.32335400000000014
363,0.078328,-0.2,-0.013869999999999999,0.03509070000000003,-0.018568540000000078,0.20748800000000145
364,0.074781,-0.2,-0.013543000000000001,-0.019702999999999804,-0.0013428000000001994,0.27242999999999995
365,0.071235,-0.2,-0.013215000000000001,-0.04444099999999995,0.019895830000000003,0.2462409999999995
366,0.07935700000000001,-0.2,-0.0052694,0.015996699999999864,-0.015617839999999883,0.09086300000000058
367,0.075786,-0.2,-0.0054816000000000005,-0.013633999999999924,-0.021650700000000023,0.08659199999999956
368,0.072214,-0.2,-0.005693800000000001,-0.0344793000000001,0.012752600000000003,0.013219000000001202
369,0.079454,-0.2,0.0033909999999999995,-0.029641970000000017,0.02616235,0.3371359999999992
370,0.075933,-0.2,0.0026395,0.005881070000000044,0.01358830000000022,0.0456190000000003
371,0.072412,-0.2,0.0018881,0.010939430000000083,0.0026836299999999924,-0.3741410000000016
372,0.07861900000000001,-0.2,0.012010999999999999,-0.015094799999999964,0.009174850000000068,-0.07563249999999933
373,0.075224,-0.2,0.01073,-0.015376849999999997,0.006471849999999946,-0.06579699999999988
374,0.07182999999999999,-0.2,0.0094498,-0.007950039999999992,0.0039034000000000013,-0.010196000000000538
375,0.07622999999999999,-0.2,0.020322,-0.02166570000000001,-0.00957180000000002,-0.2212600000000009
376,0.07334,-0.2,0.018615,-0.0007371999999998824,-0.013896249999999943,-0.19460199999999972
377,0.07045,-0.2,0.016907,0.030509499999999967,0.0050192000000000014,-0.22749600000000036
378,0.060328999999999994,-0.2,-0.018055,-0.029272299999999696,0.05251450000000002,0.08690499999999979
379,0.051209000000000005,-0.2,-0.015522999999999999,-0.048179600000000544,0.11917940000000016,-0.05189900000000236
380,0.042089999999999995,-0.2,-0.012991999999999998,0.004778799999999528,-0.00711050000000002,0.17844900000000052
381,0.06150800000000001,-0.2,-0.011678000000000001,-0.005052600000000407,0.07646900000000001,-0.04298900000000039
382,0.051780999999999994,-0.2,-0.010140999999999999,0.03352300000000019,0.07461040000000008,-0.09449600000000125
383,0.042054,-0.2,-0.0086046,0.06882389999999994,-0.083793,0.21821499999999894
384,0.06204400000000001,-0.2,-0.0051972,0.017900399999999816,0.06103046000000001,-0.24794299999999936
385,0.051874,-0.2,-0.004700500000000001,0.05363830000000003,-0.023419700000000265,-0.0819920000000014
386,0.041703,-0.2,-0.004203899999999999,0.01972480000000021,2.9999999999752447e-06,0.336684
387,0.061963,-0.2,0.0013215,-0.00485842000000003,0.06758140000000001,-0.2578969999999998
388,0.051514,-0.2,0.00075489,0.013139565000000006,-0.06924520000000012,0.9244650000000014
389,0.041065,-0.2,0.0001883,-0.02403143000000002,-0.1043867000000005,1.0177829999999997
390,0.061270000000000005,-0.2,0.007817000000000001,0.03153299999999992,0.033546500000000035,-0.24618300000000026
391,0.050710000000000005,-0.2,0.0061842,0.050635600000000114,-0.09579290000000018,-0.17862550000000077
392,0.04015,-0.2,0.0045513,0.02527860000000004,-0.017217599999999944,-0.20834299999999928
393,0.059953,-0.2,0.014225999999999999,0.05199950000000042,0.05367389999999994,-0.018860000000001875
394,0.049456,-0.2,0.011545,0.03881729999999983,-0.032775,0.21914299999999898
395,0.038959,-0.2,0.0088632,0.050398400000000176,0.026914800000000128,-0.08525799999999961
396,-0.12150999999999999,-0.2,-0.057444,-0.0904657000000002,-0.04245579999999993,0.15203900000000026
397,-0.13096,-0.2,-0.06185499999999999,-0.08383550000000017,-0.027541999999999955,0.1588339999999997
398,-0.11205999999999999,-0.2,-0.053032,-0.05215699999999934,-0.007124499999999756,0.05705700000000036
399,-0.10260999999999999,-0.2,-0.048621,0.031834700000000105,0.007115399999999994,-0.10853999999999964
400,-0.093159,-0.2,-0.044209,0.11945599999999956,0.021095299999999928,-0.19418999999999897
401,-0.083708,-0.2,-0.039798,0.08465070000000008,0.010777600000000165,-0.1425029999999996
402,-0.07499,-0.2,-0.035727999999999996,-0.009846999999999717,-0.007598600000000122,-0.005053000000000196
403,-0.13671,-0.2,-0.047827999999999996,-0.04493310000000017,-0.02635410000000027,0.20472999999999963
404,-0.12685,-0.2,-0.044427999999999995,-0.055372200000000316,-0.04498179999999996,0.24073999999999884
405,-0.11699000000000001,-0.2,-0.041029,-0.0314388000000001,-0.007499799999999945,0.1873119999999986
406,-0.10712999999999999,-0.2,-0.037629,0.030914899999999967,-0.0001805400000000068,0.021729999999999805
407,-0.097272,-0.2,-0.034230000000000003,0.11110100000000012,0.006839199999999934,-0.2109469999999991
408,-0.08741399999999999,-0.2,-0.03083,0.06754870000000057,0.01465279999999991,-0.14404400000000095
409,-0.078319,-0.2,-0.027694,-0.024794299999999936,0.0007363999999999704,0.05094300000000018
410,-0.14096,-0.2,-0.033277999999999995,0.02539150000000001,0.03548379999999973,0.20440200000000175
411,-0.1308,-0.2,-0.030927999999999997,0.016395999999999855,-0.0002082000000003248,0.20631400000000077
412,-0.12064000000000001,-0.2,-0.028576999999999998,0.03237700000000032,0.026328199999999802,0.13235000000000063
413,-0.11048,-0.2,-0.026226,0.06481780000000015,0.0017951999999999968,-0.016799999999999926
414,-0.10032999999999999,-0.2,-0.023875999999999998,0.10621400000000003,0.0024045000000000316,-0.2719889999999996
415,-0.090167,-0.2,-0.021525,0.050360400000000194,0.00885339999999979,-0.1430170000000004
416,-0.080795,-0.2,-0.019357,-0.0305917,0.004199459999999933,0.10376199999999969
417,-0.14368,-0.2,-0.018364,0.0636591999999998,0.0823845000000003,0.22115299999999927
418,-0.13333,-0.2,-0.017088,0.028117399999999737,-0.01208129999999974,0.2982750000000003
419,-0.12297999999999999,-0.2,-0.015811000000000002,0.015533499999999867,-0.0267875999999998,0.23169700000000049
420,-0.11263,-0.2,-0.014535,0.028000000000000025,0.00014890000000000736,0.0301329999999993
421,-0.10228,-0.2,-0.013259,0.049263499999999905,0.028108300000000086,-0.20686800000000005
422,-0.091929,-0.2,-0.011982,0.014648700000000181,0.002248900000000109,-0.08365000000000045
423,-0.08238,-0.2,-0.010805,-0.02386789999999972,-0.0026348999999999956,0.1440000000000019
424,-0.14485,-0.2,-0.0032454999999999997,0.026191500000000034,-0.014204400000000117,-0.01687000000000083
425,-0.13442,-0.2,-0.0030577,0.013310429999999984,-0.06422930000000004,0.011764999999998693
426,-0.12399,-0.2,-0.0028698,0.006930180000000008,-0.062265000000000015,-0.028252000000001942
427,-0.11355,-0.2,-0.0026819,0.011989799999999995,-0.022947130000000038,-0.10986399999999996
428,-0.10312,-0.2,-0.0024941,0.017825670000000016,0.00654325999999994,-0.13484799999999986
429,-0.092684,-0.2,-0.0023061999999999996,-0.011275669999999988,-0.027147000000000032,-0.04335999999999984
430,-0.083057,-0.2,-0.0021328000000000002,0.014282285000000006,-0.029754040000000037,-0.6134960000000014
431,-0.14445999999999998,-0.2,0.01192,-0.0010525999999999591,0.1497022999999995,-0.005670000000000286
432,-0.13405999999999998,-0.2,0.011015,-0.007242399999999982,0.07531920000000047,-0.017225999999999075
433,-0.12365,-0.2,0.010111,-0.007318440000000037,-0.027804699999999904,-0.07086699999999801
434,-0.11325,-0.2,0.009207,0.0007463500000000067,-0.003796099999999969,0.026676999999999396
435,-0.10285,-0.2,0.008302799999999999,-0.0004958000000000462,0.03143069999999992,0.13166299999999964
436,-0.092442,-0.2,0.0073985,0.0031882999999999218,0.024202899999999916,0.23088399999999965
437,-0.082843,-0.2,0.006564399999999999,7.050000000008438e-05,0.0077359299999999465,0.29726499999999767
438,-0.071784,-0.2,-0.034212,-0.009185999999999694,-0.005015400000000003,-0.009240000000000137
439,-0.068578,-0.2,-0.032695999999999996,0.0003834000000004778,0.0013678999999997554,-0.029021000000001962
440,-0.065372,-0.2,-0.031180000000000003,0.014616000000001073,-0.00038639999999956487,-0.061355000000000715
441,-0.074972,-0.2,-0.026521,-0.029455999999999705,0.0025690000000000435,0.056851999999999236
442,-0.071625,-0.2,-0.025348,-0.026849500000000415,0.00980890000000012,0.04347999999999885
443,-0.06827799999999999,-0.2,-0.024175,-0.020797799999999533,0.01569720000000041,0.016923999999999495
444,-0.07734400000000001,-0.2,-0.01854,-0.03808900000000026,0.007146599999999892,0.12773849999999776
445,-0.073892,-0.2,-0.017723,-0.03988600000000009,0.01593139999999993,0.1321829999999995
446,-0.07044,-0.2,-0.016906,-0.03964570000000034,0.029842499999999994,0.12287500000000051
447,-0.07886,-0.2,-0.010353,-0.021119800000000133,-0.00022736000000000978,0.1526139999999998
448,-0.07534099999999999,-0.2,-0.0099005,-0.013290999999999942,0.005174000000000012,0.1387520000000002
449,-0.07182100000000001,-0.2,-0.0094484,-0.002025900000000025,0.007118600000000086,0.10830699999999993
450,-0.07950700000000001,-0.2,-0.0020508,0.005485960000000012,-0.03000540000000007,-0.7609110000000001
451,-0.075956,-0.2,-0.0019689,-0.00797640000000005,-0.033471800000000274,-0.8545030000000011
452,-0.072406,-0.2,-0.001887,-0.020341099999999945,-0.06703949999999992,-0.9229564999999997
453,-0.07929800000000001,-0.2,0.0062745,-0.002775799999999995,0.00754564000000002,0.28253099999999876
454,-0.075754,-0.2,0.0059845,-0.008201899999999762,0.011270399999999903,0.2538820000000026
455,-0.07220900000000001,-0.2,0.0056946,-0.015299300000000127,0.016992999999999814,0.21493199999999923
456,-0.055504,-0.2,-0.026534,0.045369299999999946,-0.02566920000000028,-0.13072200000000045
457,-0.045635,-0.2,-0.021889,-0.01618529999999918,-0.016357000000000177,-0.042502000000000706
458,-0.035767,-0.2,-0.017243,-0.16067199999999993,0.025163700000000233,0.10332200000000036
459,-0.025898,-0.2,-0.012598,-0.07245360000000023,-0.00424749999999996,0.08453759999999999
460,-0.058013999999999996,-0.2,-0.020483,-0.007126399999999755,-0.0034053000000002775,-0.05389000000000088
461,-0.047749,-0.2,-0.016791,-0.05058000000000051,-0.0012134000000001421,0.016988000000001335
462,-0.037485000000000004,-0.2,-0.013099000000000001,-0.0785739999999997,0.02997120000000031,0.020305999999999713
463,-0.027219999999999998,-0.2,-0.0094076,0.030658999999999992,0.000608339999999985,0.08496359999999914
464,-0.059941999999999995,-0.2,-0.014224,-0.02962750000000014,0.0247402000000001,0.07226099999999924
465,-0.049443,-0.2,-0.011542,0.0006824000000000829,0.012458799999999215,0.01653550000000159
466,-0.038945,-0.2,-0.008860799999999999,0.08447720000000025,0.05531220000000037,-0.12185399999999902
467,-0.028447000000000004,-0.2,-0.0061792999999999996,0.13948610000000006,0.0022557599999999955,-0.08212799999999909
468,-0.06126,-0.2,-0.0078154,0.06184110000000009,-0.040114199999999656,-0.0988030000000002
469,-0.0507,-0.2,-0.0061824,0.1415674,-0.1475559999999998,-0.3876470000000012
470,-0.040139,-0.2,-0.0045494,0.12474419999999997,-0.04303360000000023,-0.18941100000000155
471,-0.029577999999999997,-0.2,-0.0029164,-0.09140500000000007,0.03261324999999993,0.1009190000000002
472,-0.061956,-0.2,-0.0013201999999999999,-0.021567859999999967,-0.1186250000000002,-0.8053109999999997
473,-0.051505999999999996,-0.2,-0.00075349,-0.01012186000000001,-0.04708700000000032,-0.449503
474,-0.041056,-0.2,-0.00018676,0.0033369300000000157,0.13842699999999963,0.02445499999999967
475,-0.030606,-0.2,0.00037997,0.0071851300000000395,0.06914690000000001,0.011046000000000333
476,-0.062038,-0.2,0.0051981,-0.02572999999999981,-0.011554299999999795,0.058210999999998236
477,-0.051866999999999996,-0.2,0.0047016,-0.020047200000000043,-0.04154449999999965,-0.023550000000000182
478,-0.041697000000000005,-0.2,0.0042049999999999995,-0.0035229000000001065,0.02929259999999978,0.0889009999999999
479,-0.031526,-0.2,0.0037085,-0.008407800000000076,0.014893000000000045,-0.07763000000000009
480,-0.021123,-0.2,-0.010702,-0.003936599999999846,0.10754899999999967,0.00292549999999947
481,-0.022504,-0.2,-0.007370699999999999,0.0728013999999999,0.07858939999999981,0.012951999999999408
482,-0.023806,-0.2,-0.0040087,0.01766824,-0.07316920000000016,-0.03261999999999965
483,-0.025029,-0.2,-0.00061904,0.007312070000000004,-0.12954370000000015,0.016864499999999616
484,-0.026168,-0.2,0.0027967,-0.01189360000000006,-0.005908699999999767,-0.04835429999999974
485,-0.027217,-0.2,0.006236600000000001,0.023213699999999893,-0.02802864999999999,-0.054004299999999894
486,-0.016296,-0.2,-0.0087634,0.023445999999999856,0.30425650000000015,-0.013166999999999707
487,-0.017719,-0.2,-0.0053283,0.07257862999999998,0.28122699999999945,0.031485700000000616
488,-0.019081,-0.2,-0.0018698,0.01087732999999999,-0.2804254000000004,0.05234100000000064
489,-0.020381,-0.2,0.0016093,-0.038971599999999884,-0.04896659999999908,0.008016299999999976
490,-0.021615000000000002,-0.2,0.005107,-0.012882400000000072,0.14274940000000003,-0.06443189999999932
491,-0.022778,-0.2,0.008621,0.04258050000000013,0.19543529999999998,-0.034429000000000265
492,-0.011438,-0.2,-0.006795999999999999,0.049098000000000086,0.41064929999999933,0.03083199999999997
493,-0.012891,-0.2,-0.0032876,-0.016145299999999974,0.2817619999999996,0.11403009999999991
494,-0.014301,-0.2,0.00023711,-0.024911499999999975,0.2719997000000003,0.0740805
495,-0.015666,-0.2,0.0037753,-0.01324039999999993,0.3959130000000002,-0.002301899999999968
496,-0.016982,-0.2,0.0073248,0.009631700000000354,0.2522360000000008,-0.01648560000000021
497,-0.018246000000000002,-0.2,0.010883,0.025116000000000138,0.14973970000000003,-0.0008203999999998324
498,-0.0065661999999999995,-0.2,-0.004806100000000001,0.03561517000000003,0.49675449999999977,-0.01642796000000002
499,-0.0080387,-0.2,-0.0012503,0.016731760000000012,0.25302500000000006,-0.009847699999999904
500,-0.0094849,-0.2,0.0023147,-0.020571399999999906,0.6273349999999995,-0.006807600000000136
501,-0.010903,-0.2,0.0058861,0.03324380000000038,0.6081789999999998,-0.01388810000000018
502,-0.012291,-0.2,0.009461399999999998,0.028523299999999363,0.3182356000000004,0.020062000000000024
503,-0.013646,-0.2,0.013037,0.0049618999999996305,0.11438490000000012,0.01368999999999998
504,-0.0016882000000000002,-0.2,-0.0027988,-0.020688209999999985,0.2765360000000001,-0.010838430000000066
505,-0.0031703000000000005,-0.2,0.00078081,-0.06344326,0.22880399999999934,-0.02301802
506,-0.0046434,-0.2,0.0043624,-0.027097900000000008,0.519952599999999,0.02131748
507,-0.0061056999999999995,-0.2,0.007943500000000001,-0.017643200000000192,0.6141649999999998,-0.03973403999999997
508,-0.0075553,-0.2,0.011521,0.0037660999999999945,0.37733049999999935,-0.025517940000000072
509,-0.0089911,-0.2,0.015091,-0.018258499999999955,0.1676315000000006,-0.015852999999999784
510,0.0031886999999999996,-0.2,-0.00077766,0.010623000000000049,0.08816800000000047,0.03233510000000028
511,0.0017067999999999999,-0.2,0.002802,-0.027618399999999932,0.05920699999999979,-0.011904000000000137
512,0.00021659999999999998,-0.2,0.0063765,0.061175199999999874,0.05524800000000063,-0.009210800000000186
513,-0.0012797000000000002,-0.2,0.0099434,0.0667867000000002,0.07494259999999997,-0.0004016999999999493
514,-0.0027813000000000004,-0.2,0.013499,0.005717799999999773,0.10705340000000074,-0.0017689000000000732
515,-0.0042882,-0.2,0.01704,-0.03813349999999982,-0.030307100000000364,-0.013361049999999985
516,0.0080569,-0.2,0.0012534,-0.048934349999999904,-0.08362729999999985,0.05249550000000003
517,0.0065851,-0.2,0.004809300000000001,0.010138600000000109,-0.22037930000000028,-0.013954200000000139
518,0.0050877,-0.2,0.0083529,0.06268329999999978,-0.23157099999999975,-0.018008200000000585
519,0.0035671,-0.2,0.011881999999999998,0.0669158000000003,-0.15183150000000012,-0.0038863000000002312
520,0.0020235,-0.2,0.015392,0.02540980000000026,-0.06930000000000014,0.00953499999999985
521,0.00045534,-0.2,0.01888,-0.08492500000000014,0.010540900000000075,0.020557100000000217
522,0.012909,-0.2,0.0032906999999999997,-0.05583999999999989,-0.17207570000000016,0.05869629999999937
523,0.011457,-0.2,0.0067992,-0.009300599999999992,-0.13464279999999995,0.016249700000000367
524,0.0099625,-0.2,0.010288,-0.0014237000000001387,-0.05302019999999974,0.03691589999999989
525,0.0084276,-0.2,0.013756,-0.02206429999999937,-0.004550000000000054,0.05252649999999992
526,0.0068516,-0.2,0.017197,-0.05830299999999955,0.023958600000000274,0.052462999999999926
527,0.005232,-0.2,0.020608,-0.028143499999999655,-0.0015859800000000007,0.00729679999999977
528,0.017736000000000002,-0.2,0.005331399999999999,-0.04403209999999991,0.017665400000000053,0.0706604000000004
529,0.016315,-0.2,0.0087667,-0.025024000000000157,0.06107983,0.07527370000000033
530,0.014833,-0.2,0.012175,-0.04676400000000003,0.048488540000000024,0.10270770000000073
531,0.013295,-0.2,0.015555000000000001,-0.06905869999999936,-0.001998899999999998,0.07884400000000014
532,0.011696999999999999,-0.2,0.018902000000000002,-0.04982249999999944,0.06383300000000003,0.010751700000000142
533,0.010037,-0.2,0.02221,0.04296860000000002,-0.03934219999999988,-0.06347199999999997
534,0.022521,-0.2,0.0073736999999999995,0.04053759999999995,0.0035273999999998473,-0.19596900000000073
535,0.021143000000000002,-0.2,0.010705,0.03220070000000019,-0.016001100000000212,-0.08478399999999908
536,0.019687,-0.2,0.014003,-0.007411399999999624,-0.026246400000000003,-0.013931399999999705
537,0.018157,-0.2,0.017265,-0.040062599999999726,0.024394599999999933,-0.01749199999999984
538,0.016551,-0.2,0.020487000000000002,-0.054651999999999035,0.09444539999999968,-0.052493400000000356
539,0.014862,-0.2,0.023662,-0.046007799999999044,0.12036570000000024,-0.08241230000000055
540,0.027237,-0.2,0.009410600000000002,0.060057700000000214,0.13327889999999964,-0.1942479999999982
541,0.025918,-0.2,0.012601000000000001,0.036927000000000376,0.11326590000000003,-0.09084499999999984
542,0.024503,-0.2,0.015750999999999998,-0.007452999999999044,0.08657439999999994,-0.039379000000000275
543,0.022997999999999998,-0.2,0.018858,-0.06943300000000008,0.04639029999999966,-0.012964000000000198
544,0.021398,-0.2,0.021918,-0.14026469999999946,0.016091200000000416,0.0023534999999998973
545,0.019696,-0.2,0.024922,-0.19158999999999882,0.013940400000000075,-0.003543600000000424
546,0.1255,-0.2,0.048132,0.06449300000000013,0.034042700000000536,-0.1512399999999996
547,0.13537000000000002,-0.2,0.051749,0.08362580000000008,0.03072349999999968,-0.10762400000000127
548,0.11562,-0.2,0.044515,0.036363600000000496,0.033401000000000014,-0.1813210000000005
549,0.10574000000000001,-0.2,0.040898000000000004,0.010655799999999438,0.01669339999999986,-0.17436000000000185
550,0.09586499999999999,-0.2,0.037281,-0.006912499999999877,-0.003398599999999974,-0.15799100000000088
551,0.085987,-0.2,0.033664,-0.03418600000000005,-0.003936400000000062,-0.19254200000000132
552,0.077299,-0.2,0.030487,-0.03984700000000041,-0.010382240000000098,-0.20855800000000002
553,0.11955999999999999,-0.2,0.061561000000000005,-0.0009815999999993608,0.015975000000000517,-0.15537199999999984
554,0.12893,-0.2,0.066307,0.04467140000000036,-0.022023400000000137,-0.1653380000000002
555,0.11018,-0.2,0.056815,-0.04033399999999965,0.03662050000000017,-0.14791300000000085
556,0.1008,-0.2,0.052067999999999996,-0.04663900000000076,0.0208803999999998,-0.13528299999999938
557,0.091423,-0.2,0.047320999999999995,-0.025797700000000034,-0.003812570000000015,-0.11461100000000002
558,0.082045,-0.2,0.042574,-0.004791000000000878,-0.0016405500000000184,-0.08094100000000104
559,0.07371799999999999,-0.2,0.038367,-0.016560600000000036,-0.002320299999999942,-0.09572799999999937
560,0.11212000000000001,-0.2,0.07422899999999999,-0.017091999999999885,0.06183530000000026,0.01106150000000028
561,0.12086,-0.2,0.080032,0.045505400000000584,0.029300399999999893,0.020828999999999098
562,0.10338,-0.2,0.068426,-0.06843950000000021,0.06709160000000036,-0.00873000000000168
563,0.094639,-0.2,0.062623,-0.059227499999999544,0.025432699999999864,-0.04756200000000099
564,0.085897,-0.2,0.05682,-0.024044999999999206,-0.00588823000000005,-0.0659799999999997
565,0.077155,-0.2,0.051016000000000006,-0.0011692999999999287,-0.0016867500000000146,-0.01203499999999913
566,0.069319,-0.2,0.045823,0.009057999999999566,0.006940529999999945,0.01397100000000151
567,0.10334000000000002,-0.2,0.086001,0.03548600000000057,0.044538600000000095,0.0714100000000002
568,0.11133,-0.2,0.092775,0.06133230000000012,0.055479000000000056,0.11789270000000052
569,0.095355,-0.2,0.07922699999999999,0.001536000000000648,0.030662399999999757,0.012693200000000182
570,0.08737,-0.2,0.072453,-0.011630000000000251,0.002946199999999788,-0.033809499999998494
571,0.07938400000000001,-0.2,0.065678,-0.013639299999999466,-0.009792499999999982,-0.037782999999999234
572,0.071398,-0.2,0.058903,-0.019388999999999434,-0.0036790199999999773,0.013984400000000008
573,0.06417,-0.2,0.052782,0.006354000000000859,0.012900200000000028,0.05713169999999934
574,0.093334,-0.2,0.096751,0.09041669999999957,0.02564259999999985,-0.029480000000000395
575,0.10046000000000001,-0.2,0.1044,0.11436599999999952,0.03101670000000034,-0.026375999999999955
576,0.086211,-0.2,0.089101,0.07096840000000082,0.013657600000000159,-0.05347899999999939
577,0.079088,-0.2,0.081451,0.03882199999999969,-0.006699100000000291,-0.060046299999999775
578,0.071965,-0.2,0.073801,0.008473700000001472,-0.011626939999999975,-0.03266759999999902
579,0.064841,-0.2,0.066151,-0.012873999999999164,-0.005939329999999965,0.011097700000000543
580,0.058329,-0.2,0.05917000000000001,-0.014413999999999483,0.012984200000000001,0.04485099999999953
581,0.08227999999999999,-0.2,0.10643,0.07720549999999982,0.002285399999999882,-0.05455349999999992
582,0.08845700000000001,-0.2,0.11485999999999999,0.04395599999999966,-0.005339000000000205,-0.05248480000000022
583,0.076103,-0.2,0.097996,0.049900000000000944,0.01479729999999968,-0.060416000000000025
584,0.069926,-0.2,0.089564,-0.022327000000000652,0.0035214999999999552,-0.07376959999999944
585,0.06375,-0.2,0.08113200000000001,-0.06677800000000023,-0.00956072999999999,-0.03377850000000038
586,0.057573,-0.2,0.072701,-0.06927039999999973,-0.004103279999999987,0.01620340000000109
587,0.051865999999999995,-0.2,0.06493,-0.052250700000000094,0.010850339999999958,0.037396000000001095
588,0.074296,-0.2,0.028383999999999996,-0.029566999999999677,-0.014234699999999822,-0.1932519999999993
589,0.071293,-0.2,0.02628,-0.009552999999999923,-0.009849800000000242,-0.1769879999999997
590,0.06829,-0.2,0.024177,0.022035499999999875,0.004443300000000039,-0.2034369999999992
591,0.07094,-0.2,0.035972000000000004,-0.0227012000000002,-0.006427650000000007,-0.11908849999999838
592,0.068163,-0.2,0.033576999999999996,-0.01757379999999964,-0.0036882400000001203,-0.13083500000000114
593,0.065385,-0.2,0.031181999999999998,0.0031506000000001144,0.008652999999999966,-0.15504400000000018
594,0.066801,-0.2,0.043164,0.007144300000000214,0.004446349999999932,-0.030725000000000335
595,0.06428400000000001,-0.2,0.040505,0.007042000000000215,0.0038051000000001167,-0.08469900000000052
596,0.061766999999999996,-0.2,0.037846,0.022992999999999597,0.010974419999999985,-0.13928000000000118
597,0.061937,-0.2,0.049887,0.04002540000000021,0.01279079999999988,0.022125999999998314
598,0.05970399999999999,-0.2,0.046991000000000005,0.06756799999999963,0.011995940000000038,-0.058096000000000814
599,0.057472,-0.2,0.044095999999999996,0.09561499999999956,0.011573119999999992,-0.15519199999999955
600,0.056401,-0.2,0.05606799999999999,0.02174150000000008,0.018773999999999957,0.0319875000000005
601,0.054474,-0.2,0.052965,0.09531700000000054,0.01983255000000006,-0.048167300000000246
602,0.052547,-0.2,0.049863,0.1628045999999994,0.010122099999999967,-0.17693700000000057
603,0.050259,-0.2,0.061647,-0.03573500000000074,0.02062150000000007,0.03339040000000093
604,0.048652999999999995,-0.2,0.058365,0.04191540000000149,0.02296699999999996,-0.007924299999999995
605,0.047047000000000005,-0.2,0.05508300000000001,0.17819999999999947,0.009963620000000006,-0.16409900000000022
606,0.058026999999999995,-0.2,0.020485,0.04899410000000026,0.04321480000000011,0.049573999999999785
607,0.047763,-0.2,0.016794,0.039682700000000626,-0.0014880000000001559,0.37882000000000104
608,0.0375,-0.2,0.013102,0.040592000000000183,0.022680700000000442,0.09727499999999978
609,0.055518,-0.2,0.026537,0.03873949999999926,0.01912730000000018,0.072792999999999
610,0.045652,-0.2,0.021892,0.04546000000000028,0.016893700000000234,0.39672299999999794
611,0.035785000000000004,-0.2,0.017247,0.029458000000000872,-0.0055973999999996416,0.1958220000000015
612,0.052451,-0.2,0.032323000000000005,0.0730410000000008,0.0013404599999999878,0.02236999999999867
613,0.043135,-0.2,0.026799,0.048752499999999976,0.025753499999999985,0.3327770000000001
614,0.033819,-0.2,0.021275,0.00689150000000005,-0.04119520000000021,0.23350549999999792
615,0.048853,-0.2,0.037787,0.1466227,-0.005195400000000072,-0.0922679999999989
616,0.040235,-0.2,0.031477,0.05385300000000015,0.02433419999999975,0.21950000000000003
617,0.031616000000000005,-0.2,0.025168,-0.035681699999999594,-0.07985320000000007,0.22307400000000044
618,0.04476,-0.2,0.042876,0.21648200000000095,-0.0037549000000001165,-0.2154120000000006
619,0.036972000000000005,-0.2,0.03589,0.06627299999999892,0.016666700000000034,0.08288500000000276
620,0.029185000000000003,-0.2,0.028904000000000003,-0.09122699999999995,-0.11624970000000001,0.1709479999999992
621,0.040208999999999995,-0.2,0.047543,0.26751400000000025,-0.00011780000000016777,-0.29848999999999926
622,0.033371,-0.2,0.040001999999999996,0.08967799999999926,0.009338299999999577,-0.052721000000001794
623,0.026534,-0.2,0.032462,-0.1573689999999992,-0.14160800000000018,0.08274799999999871
624,-0.13219,-0.2,0.024973,-0.004512999999999767,-0.011865799999999815,0.03930599999999984
625,-0.14244,-0.2,0.02696,0.0005418999999999841,0.029163700000000237,0.021271999999999736
626,-0.12194,-0.2,0.022986000000000003,-0.003987099999999799,-0.04905539999999986,0.08857399999999949
627,-0.11169000000000001,-0.2,0.020999,-0.005031000000000008,-0.02393824,0.36562300000000114
628,-0.10142999999999999,-0.2,0.019013,0.015958999999999834,0.06776417000000001,0.37286799999999864
629,-0.09118,-0.2,0.017026,0.03676720000000033,0.01837590000000011,0.18060100000000112
630,-0.08172,-0.2,0.015193,0.054075500000000165,0.0008862000000001702,0.17402500000000032
631,-0.13879,-0.2,0.041689,-0.014440000000000452,0.0744277999999996,0.08166600000000024
632,-0.12880999999999998,-0.2,0.038643000000000004,-0.037124200000000496,0.04767739999999954,0.07856699999999961
633,-0.11882999999999999,-0.2,0.035595999999999996,-0.05771039999999994,0.018019199999999902,0.08734849999999916
634,-0.10884,-0.2,0.03255,-0.08174260000000011,-0.006625259999999966,0.2906309999999994
635,-0.098857,-0.2,0.029502999999999998,-0.03963549999999971,0.044681699999999935,0.1918445000000002
636,-0.088872,-0.2,0.026456999999999998,0.012351999999999475,-0.01109199999999999,-0.04566299999999934
637,-0.079661,-0.2,0.023646,0.06386699999999967,-0.015339140000000029,-0.07518100000000061
638,-0.13364,-0.2,0.055958,0.001245600000000291,0.09149770000000013,-0.0786440000000006
639,-0.12403,-0.2,0.051886,-0.04879390000000017,0.049269799999999364,-0.006226999999999094
640,-0.11442999999999999,-0.2,0.047813999999999995,-0.11564300000000038,0.04073699999999958,-0.033196000000000225
641,-0.10482000000000001,-0.2,0.043742,-0.18636629999999954,0.020544100000000065,-0.003021999999999636
642,-0.09521,-0.2,0.03967,-0.21271470000000026,0.0050066999999999195,-0.07325999999999944
643,-0.085602,-0.2,0.035598000000000005,-0.15741150000000026,-0.01973579999999997,-0.07913899999999963
644,-0.076738,-0.2,0.031841,-0.07513470000000044,-0.010242760000000017,0.03773099999999907
645,-0.078224,-0.2,0.014534,0.056150500000000214,-0.00032173999999984826,0.1741425000000021
646,-0.074728,-0.2,0.013875,0.05349300000000001,0.000870699999999891,0.17473799999999962
647,-0.07123099999999999,-0.2,0.013216,0.04692779999999974,-0.0011360000000000259,0.17479900000000015
648,-0.07625599999999999,-0.2,0.022627,0.07405440000000008,-0.01685930000000002,-0.09325299999999892
649,-0.072851,-0.2,0.021606999999999998,0.0770780000000002,-0.02078789999999997,-0.09953200000000173
650,-0.06944700000000001,-0.2,0.020587,0.07326799999999967,-0.04239769999999976,-0.09256000000000242
651,-0.073461,-0.2,0.030472000000000003,-0.04615429999999954,-0.010949199999999992,0.021586000000000993
652,-0.070184,-0.2,0.029102999999999997,-0.01745999999999981,-0.014938549999999884,-0.007324000000000552
653,-0.06690700000000001,-0.2,0.027733999999999998,0.007496999999999865,-0.03720750000000006,-0.04156399999999927
654,-0.061503999999999996,-0.2,0.011679,0.011050799999999583,-0.02282649999999986,0.10204600000000141
655,-0.051775999999999996,-0.2,0.010142,-0.00692870000000001,-0.05636759999999974,0.0026289999999988822
656,-0.042049,-0.2,0.0086053,0.035142500000000076,-0.007245499999999794,0.09986799999999896
657,-0.032322000000000004,-0.2,0.0070686,0.04998070000000032,0.03914770000000045,-0.039099700000000404
658,-0.060327,-0.2,0.018055,0.027454000000000534,-0.07517360000000028,-0.05302799999999941
659,-0.051207,-0.2,0.015524000000000001,-0.018952999999999776,-0.08995640000000105,-0.06576500000000074
660,-0.042088,-0.2,0.012991999999999998,0.01751579999999997,-0.038701400000000774,0.037638999999998646
661,-0.032968,-0.2,0.010459999999999999,0.10994800000000016,0.03516969999999997,0.14923959999999958
662,-0.058539,-0.2,0.024271,0.028478699999999968,-0.0933489999999999,-0.10298300000000005
663,-0.050172,-0.2,0.020808,-0.00589400000000051,-0.12541840000000004,-0.12514949999999914
664,-0.041804,-0.2,0.017345,0.012913400000000408,-0.07634400000000063,-0.03245450000000005
665,-0.033436,-0.2,0.013881999999999999,0.1214719999999998,0.0418343000000001,0.17632799999999982
666,-0.028163,-0.2,0.0096992,0.047624200000000005,-0.022015000000000118,0.0516880000000004
667,-0.028986,-0.2,0.013183000000000002,0.14020900000000003,0.03287679999999993,0.06793079999999918
668,-0.029658999999999998,-0.2,0.016684,0.17015840000000004,0.028198500000000237,0.1302039999999991
669,-0.02386,-0.2,0.012149,0.09322070000000027,-0.042233960000000015,0.014300000000000423
670,-0.024842,-0.2,0.015688,0.14776399999999956,0.009774600000000078,-0.005013500000000448
671,-0.025705000000000002,-0.2,0.019232,0.2082392999999998,0.01942049999999984,0.05342059999999993
672,-0.019451,-0.2,0.014445,0.09695959999999992,0.1213533,-0.020876399999999684
673,-0.020581,-0.2,0.018009,0.1067607000000006,-0.0028607999999999967,0.024253700000000933
674,-0.021621,-0.2,0.021565,0.22286499999999876,0.0331459999999999,0.0283250000000006
675,-0.014962999999999999,-0.2,0.016609,0.03908559999999994,0.05097710000000011,-0.028444600000000264
676,-0.01623,-0.2,0.020171,0.11870359999999902,0.0011946800000000035,0.020602299999999296
677,-0.017437,-0.2,0.023714,0.23572029999999877,0.07462150000000012,0.052823600000000415
678,-0.010409999999999999,-0.2,0.018647999999999998,-0.0025864000000002108,-0.012205800000000044,-0.024587299999999868
679,-0.011805,-0.2,0.022186,0.1283544000000001,-0.0012443300000000157,0.022785900000000137
680,-0.013168000000000001,-0.2,0.025692000000000003,0.2275520000000011,0.13745200000000013,0.056308200000000586
681,-0.0057997,-0.2,0.020559,-0.0974074999999992,-0.08926919999999994,0.01924843999999999
682,-0.0073116,-0.2,0.024048,-0.012514000000000358,0.01061169999999989,-0.0064235699999999896
683,-0.0088223,-0.2,0.027493,0.07563299999999984,0.07842450000000012,0.0011713000000000973
684,-0.0011387,-0.2,0.022336,-0.1002964000000004,0.007511580999999998,0.03524769999999999
685,-0.0027581999999999997,-0.2,0.025752999999999998,0.0658960000000004,-0.03091529999999998,0.038734099999999994
686,-0.0044059,-0.2,0.029113,0.04513699999999865,0.2054777999999997,-0.013258299999999945
687,0.0035652,-0.2,0.023979,0.03701850000000029,0.017548800000000142,-0.0016609999999999125
688,0.0018479,-0.2,0.027299,0.10355500000000006,-0.06574119999999972,0.02305379999999957
689,7.290600000000001e-05,-0.2,0.030551,0.013667999999999125,0.041464299999999454,0.06973610000000008
690,0.008307799999999999,-0.2,0.025469,0.12820050000000105,0.016800700000000113,-0.09772299999999978
691,0.0065033999999999995,-0.2,0.028667,0.18884900000000115,0.06675270000000033,-0.09480999999999984
692,0.0046118,-0.2,0.031785,0.15489700000000006,0.09550040000000015,-0.053993399999999525
693,0.013084,-0.2,0.026779,0.00709999999999944,0.1357773,-0.11499900000000007
694,0.011205,-0.2,0.029825,0.0947849999999999,0.14878239999999998,-0.14233799999999963
695,0.009209299999999998,-0.2,0.032779,0.1488460000000007,0.14132429999999951,-0.1489489999999991
696,0.017884,-0.2,0.027860000000000003,-0.19446100000000044,0.03452799999999989,-0.03371700000000022
697,0.015946000000000002,-0.2,0.030716000000000004,-0.13867100000000043,0.06443399999999944,-0.07649799999999995
698,0.013862000000000001,-0.2,0.033468,-0.0536670000000008,0.08537699999999981,-0.11346729999999994
699,0.072672,-0.2,0.11317,-0.02365230000000018,0.007610600000000023,0.001530999999999949
700,0.078176,-0.2,0.12205,-0.07226100000000013,0.03920029999999963,0.03758399999999895
701,0.06716799999999999,-0.2,0.1043,0.07228399999999979,0.02238600000000046,-0.033302300000000784
702,0.061664,-0.2,0.095429,0.013265999999999778,0.003509199999999879,-0.05572100000000013
703,0.05616,-0.2,0.086556,-0.04259400000000113,-0.010585000000000011,-0.04528570000000087
704,0.050656,-0.2,0.077683,-0.08704229999999935,-0.0033871199999999935,0.03655570000000008
705,0.045573,-0.2,0.069502,-0.1183039999999993,0.015403699999999909,0.08212099999999989
706,0.06253500000000001,-0.2,0.1191,-0.12972800000000007,0.03493769999999996,0.05992439999999988
707,0.06734,-0.2,0.12837,-0.061621400000000826,0.02249499999999971,0.045198300000000025
708,0.05773,-0.2,0.10983,-0.0356380000000005,0.004147600000000029,0.006911000000000556
709,0.052925,-0.2,0.10056,0.06423099999999948,-0.002905100000000216,-0.0448530000000007
710,0.048119999999999996,-0.2,0.09128700000000001,0.03621300000000005,-0.011266600000000015,-0.06361799999999995
711,0.043315,-0.2,0.08201599999999999,-0.001450999999999425,-0.004827550000000014,0.01484699999999961
712,0.038879000000000004,-0.2,0.073466,-0.06306429999999974,0.009941099999999925,0.07586900000000085
713,0.051884000000000007,-0.2,0.12404000000000001,-0.045733000000000246,0.018540900000000082,0.03395130000000002
714,0.055958,-0.2,0.13364,0.0787065999999994,-0.014667999999999903,0.008737700000000181
715,0.047810000000000005,-0.2,0.11442999999999999,-0.12267199999999967,0.022361600000000426,0.0485310000000001
716,0.043736000000000004,-0.2,0.10482999999999999,0.060839999999998895,-0.010671999999999793,-0.019890699999999928
717,0.039662,-0.2,0.095223,0.11988999999999983,-0.010867889999999991,-0.056390000000000384
718,0.035588,-0.2,0.085618,0.0922869999999989,-0.006060929999999992,-0.006949000000000094
719,0.031830000000000004,-0.2,0.07675599999999999,0.01829400000000092,0.000745349999999867,0.04832800000000059
720,0.044059,-0.2,0.066235,-0.13566400000000023,0.024009199999999953,0.07789350000000006
721,0.042545,-0.2,0.062967,-0.10269199999999934,0.028013399999999966,0.0658309999999993
722,0.041031,-0.2,0.059699,0.0976600000000003,0.013992859999999996,-0.06286900000000095
723,0.037441,-0.2,0.070198,-0.11215540000000068,0.018136159999999957,0.07959859999999974
724,0.036003,-0.2,0.06692999999999999,-0.1113154999999999,0.02692956000000002,0.08984840000000016
725,0.034565,-0.2,0.063662,0.06254000000000026,-0.0009361100000000178,-0.03053650000000019
726,0.03046,-0.2,0.07347999999999999,-0.030129000000000516,0.012199699999999924,0.056894699999999965
727,0.029091000000000002,-0.2,0.070204,0.08790800000000054,0.028996799999999934,0.015873700000000213
728,0.027721,-0.2,0.066929,0.039253000000000426,0.006274596000000004,-0.08453599999999994
729,0.035244,-0.2,0.051739999999999994,0.2635270000000016,-0.007659300000000258,-0.27570900000000087
730,0.029457,-0.2,0.04378,0.09215500000000176,0.0034884999999995614,-0.15762699999999974
731,0.023671,-0.2,0.03582,-0.22909100000000038,-0.13796260000000027,-0.022376999999999647
732,0.029910000000000003,-0.2,0.055425999999999996,0.09710700000000116,-0.029456300000000102,-0.13925500000000035
733,0.025256,-0.2,0.047189,-0.10644600000000182,-0.015250500000000056,-0.1444396999999995
734,0.020600999999999998,-0.2,0.038952999999999995,-0.297542,-0.09842739999999983,-0.08174999999999955
735,0.024256,-0.2,0.058563,-0.14571000000000112,-0.021311300000000033,-0.14655530000000017
736,0.020791999999999998,-0.2,0.050198,-0.5620910000000006,-0.05390429999999968,-0.01632060000000024
737,0.017327000000000002,-0.2,0.041832999999999995,-0.45987899999999904,-0.0910251999999998,-0.014403500000000236
738,-0.11534000000000001,-0.2,0.068986,0.06510500000000086,0.003302999999999834,-0.2371540000000003
739,-0.12426,-0.2,0.074379,0.0984885999999996,0.012454899999999824,-0.18592500000000012
740,-0.10642,-0.2,0.063593,-0.045907699999999885,-0.0033842000000001704,-0.22248399999999968
741,-0.097497,-0.2,0.0582,-0.1589394999999998,0.01135800000000009,-0.058061999999999614
742,-0.088576,-0.2,0.05280700000000001,-0.15629300000000068,0.004711900000000102,0.05659299999999945
743,-0.079654,-0.2,0.047414,-0.12228600000000078,-0.0073952999999998825,0.032277000000000555
744,-0.071423,-0.2,0.042439,-0.12012849999999986,0.0014331999999999123,0.1338740000000005
745,-0.10447000000000001,-0.2,0.084797,0.17427469999999978,-0.04808800000000035,-0.15550959999999847
746,-0.11255,-0.2,0.091419,0.1754054000000007,-0.045652600000000376,-0.09344280000000005
747,-0.096388,-0.2,0.078175,0.15898699999999888,-0.060393999999999615,-0.18298099999999984
748,-0.088308,-0.2,0.07155299999999999,0.0143077000000007,-0.012794269999999996,0.0596779999999999
749,-0.080229,-0.2,0.064932,0.0006610000000000227,0.023377749999999975,0.23371400000000087
750,-0.072149,-0.2,0.05831,0.003917999999998756,-0.0024328000000000127,0.08462700000000023
751,-0.064694,-0.2,0.0522,-0.008990600000000626,0.0004908000000000134,0.13080299999999934
752,-0.09122999999999999,-0.2,0.098682,0.1464729999999994,0.03659800000000013,-0.1020329999999996
753,-0.098271,-0.2,0.10637,0.12101199999999945,0.12496660000000004,-0.06878000000000029
754,-0.08419,-0.2,0.090994,0.14027550000000044,-0.049417000000000044,-0.11175099999999905
755,-0.077149,-0.2,0.08330599999999999,0.06883040000000129,-0.029914400000000008,0.08669340000000059
756,-0.070109,-0.2,0.07561799999999999,0.06628100000000003,0.019667569999999968,0.22596999999999934
757,-0.063068,-0.2,0.06792999999999999,0.03886849999999953,-0.0015956999999998667,0.05414299999999983
758,-0.056572000000000004,-0.2,0.060837,0.02503699999999931,-0.004392740000000062,0.025159999999999627
759,-0.076283,-0.2,0.11069000000000001,0.05625649999999993,0.12516650000000018,-0.0666645999999993
760,-0.082162,-0.2,0.11930999999999999,0.08444400000000041,0.1850177000000004,-0.05761900000000075
761,-0.070405,-0.2,0.10207999999999999,0.019572999999999396,0.028258999999999812,-0.06232500000000041
762,-0.064527,-0.2,0.09346,-0.01821799999999918,0.010364400000000051,0.012493799999998778
763,-0.058648,-0.2,0.084843,-0.08495699999999928,0.010311300000000023,-0.021377700000000388
764,-0.052770000000000004,-0.2,0.076227,-0.01718300000000106,-0.005591699999999977,-0.05745100000000036
765,-0.047346,-0.2,0.068277,-0.007317999999997937,-0.005511600000000005,-0.056463700000001005
766,-0.059771000000000005,-0.2,0.12045,0.1387009999999993,0.055460399999999854,-0.021812699999999907
767,-0.064364,-0.2,0.12982,0.19973069999999993,0.1122677999999997,-0.03780070000000091
768,-0.055177,-0.2,0.11108,0.0333559999999995,0.03789169999999986,-0.009322000000000052
769,-0.050582999999999996,-0.2,0.10171000000000001,-0.07213300000000089,0.038488999999999995,0.003139599999999021
770,-0.045989999999999996,-0.2,0.092347,-0.26932500000000026,-0.0032705000000000095,-0.08208600000000033
771,-0.041395999999999995,-0.2,0.082979,-0.1340009999999996,-0.01186845000000003,-0.14545239999999993
772,-0.037158,-0.2,0.074337,0.007625000000000881,-0.0036024600000000018,-0.0559690000000006
773,-0.042005,-0.2,0.12768,0.3138950000000005,0.015904000000000362,-0.021287500000000126
774,-0.045215,-0.2,0.13759000000000002,0.17073999999999856,0.11423679999999958,-0.07280700000000007
775,-0.038794999999999996,-0.2,0.11775999999999999,0.2769919999999999,0.009517199999999892,0.01052099999999978
776,-0.035585000000000006,-0.2,0.10785,0.04895500000000119,0.018850429999999974,0.02492150000000004
777,-0.032375,-0.2,0.09792999999999999,-0.2703119999999988,-0.005819600000000036,-0.019762200000000174
778,-0.029164999999999996,-0.2,0.088013,-0.22562300000000057,-0.011632849999999972,-0.06028279999999997
779,-0.026202999999999997,-0.2,0.078865,0.015824000000000282,-0.004117883000000003,0.005611200000000149
780,-0.023424,-0.2,0.13246,-0.24768200000000107,0.1407630000000002,-0.05198110000000011
781,-0.025192,-0.2,0.14274,-0.3177624000000012,0.3037095000000005,-0.06843100000000013
782,-0.021656,-0.2,0.12217,-0.06451850000000015,-0.056107200000000024,-0.003977999999999815
783,-0.019888999999999997,-0.2,0.11188,0.10235299999999903,-0.05693989999999993,0.06104629999999989
784,-0.018121,-0.2,0.1016,-0.133246999999999,0.0030942999999999943,0.05869900000000006
785,-0.016353,-0.2,0.091309,-0.24822699999999998,-0.004387329999999995,0.037720100000000034
786,-0.014722,-0.2,0.081818,0.0432699999999997,0.007593086000000013,0.008751500000000023
787,-0.0043338000000000005,-0.2,0.13437000000000002,-0.2155149999999999,0.019536600000000348,0.0010343999999999909
788,-0.0046187,-0.2,0.14479,-0.17993900000000096,0.06501469999999987,0.009974099999999986
789,-0.0040488,-0.2,0.12394000000000001,-0.2315630000000013,-0.02918139999999969,-0.005229760000000028
790,-0.0037639,-0.2,0.11352000000000001,-0.19793100000000052,-0.0006405000000000438,-0.013610820000000023
791,-0.0034789,-0.2,0.10309000000000001,-0.31117799999999995,-0.009228570000000005,0.001660370000000022
792,-0.0031940000000000002,-0.2,0.09267,-0.13465399999999939,0.000238169999999982,-0.007053149999999994
793,-0.002931,-0.2,0.083053,0.16403200000000062,0.002252679999999979,0.049775000000000014
794,0.014834,-0.2,0.13364,0.24788799999999966,0.02167050000000037,-0.0013996999999998927
795,0.016036,-0.2,0.14400000000000002,0.3242679999999982,0.029603799999999403,-0.001261499999999971
796,0.013631,-0.2,0.12327,0.1393204999999984,0.010249299999999906,-0.00903530000000008
797,0.012429,-0.2,0.11291,0.11599099999999929,0.013842300000000085,-0.024903700000000084
798,0.011227,-0.2,0.10255,-0.14008100000000034,-0.0054387700000000025,0.030922299999999847
799,0.010025,-0.2,0.092182,-0.3101649999999996,-0.0032054699999999985,0.11706200000000022
800,0.008915799999999998,-0.2,0.082621,0.22218300000000113,0.006232559999999998,0.09681160000000011
801,0.033697000000000005,-0.2,0.13015,-0.0036529999999999063,0.029284999999999783,0.019499300000000108
802,0.036362,-0.2,0.14023,-0.15433740000000107,0.16578660000000012,0.08042260000000012
803,0.031032999999999998,-0.2,0.12005999999999999,0.04504299999999972,-0.019492399999999854,-0.02452629999999978
804,0.028368,-0.2,0.10998,0.09916300000000078,-0.0296171999999999,-0.05389929999999987
805,0.025704,-0.2,0.09989400000000001,0.3412260000000007,0.005350839000000001,-0.11241860000000026
806,0.023038999999999997,-0.2,0.089809,0.17654100000000028,-0.005373922999999996,-0.09887599999999974
807,0.020581,-0.2,0.08050399999999999,-0.024677000000000504,-0.003200400000000103,0.0031607000000000163
808,-0.068379,-0.2,0.040619999999999996,-0.1265615999999996,0.004040999999999961,0.13805699999999987
809,-0.065335,-0.2,0.038801,-0.13216229999999918,0.007271600000000045,0.13423799999999986
810,-0.062291,-0.2,0.036982999999999995,-0.13895700000000133,0.009933699999999934,0.12578099999999992
811,-0.06193099999999999,-0.2,0.049960000000000004,-0.01762499999999978,0.003989399999999921,0.14498549999999888
812,-0.059167,-0.2,0.047719,-0.02843599999999924,0.008864760000000027,0.15418599999999927
813,-0.056403999999999996,-0.2,0.045478,-0.045704999999999885,0.01695919999999984,0.15899900000000144
814,-0.054166,-0.2,0.058236,0.026452000000000808,-0.001700999999999897,0.04497730000000022
815,-0.051759000000000006,-0.2,0.055635000000000004,0.02603000000000044,0.002015500000000059,0.07095639999999914
816,-0.049352999999999994,-0.2,0.053035,0.016238000000001307,0.004828399999999844,0.09459960000000045
817,-0.045333,-0.2,0.065358,0.0004689999999989425,-0.0038128999999999524,-0.04285859999999886
818,-0.043318999999999996,-0.2,0.062438,0.008569000000001381,-0.0027728299999999484,-0.018435600000000107
819,-0.041305,-0.2,0.059519,0.0055610000000019255,-0.011907600000000018,0.009290599999999927
820,-0.035579,-0.2,0.07115700000000001,0.022569000000000727,-0.0016251899999999986,-0.04248499999999966
821,-0.034,-0.2,0.067978,0.031200999999999368,-0.0014145700000000039,-0.02732519999999994
822,-0.03242,-0.2,0.06479800000000001,0.023719999999999075,-0.0194437999999999,-0.010753400000000024
823,-0.025093999999999998,-0.2,0.07549700000000001,0.048496000000000095,-0.001498155000000001,0.008446200000000292
824,-0.023985,-0.2,0.072129,0.054644999999998944,-0.004265340000000006,0.00817770000000051
825,-0.022875,-0.2,0.06876,0.035717000000001775,-0.04011889999999996,0.007445800000000169
826,-0.014102000000000002,-0.2,0.078318,-0.04390899999999931,-0.006827105999999986,0.007932500000000009
827,-0.013482,-0.2,0.074818,-0.2431820000000009,0.004138825499999999,0.005307799999999974
828,-0.012862,-0.2,0.07131799999999999,-0.2612279999999991,-0.0654108000000001,-0.0028951200000000288
829,-0.0028156999999999995,-0.2,0.07950700000000001,0.29186400000000035,0.008127599999999957,0.06123880000000004
830,-0.0027004,-0.2,0.075962,0.3063869999999991,0.007676720000000026,0.058979000000000115
831,-0.0025851,-0.2,0.072416,0.06340849999999953,-0.07105805000000004,0.05955359999999987
832,0.0085251,-0.2,0.079093,0.3887400000000003,0.0031724799999999775,0.04389310000000002
833,0.0081344,-0.2,0.075565,0.23393849999999894,0.014875099999999974,-0.0032680000000002707
834,0.007743600000000001,-0.2,0.072038,-0.0021740000000018966,0.01236429999999994,-0.08884479999999995
835,0.019691999999999998,-0.2,0.077069,-0.03938699999999962,0.013806399999999996,0.036065299999999745
836,0.018803,-0.2,0.073633,-0.01096399999999953,0.011129170000000022,-0.02570400000000017
837,0.017914,-0.2,0.07019700000000001,-0.15457299999999918,-0.0028319599999999945,-0.12687699999999946
838,-0.05413300000000001,-0.2,0.031908,-0.11513429999999936,-0.016696799999999623,0.051299000000000206
839,-0.045975,-0.2,0.026833999999999997,-0.05743200000000037,-0.08321329999999971,-0.05686799999999792
840,-0.037817,-0.2,0.021759,0.04439150000000058,-0.06473949999999995,-0.014708999999999861
841,-0.048729,-0.2,0.038917,-0.10990099999999892,0.013228200000000356,0.09749799999999986
842,-0.041055,-0.2,0.032355,-0.1308790000000002,-0.03691050000000029,-0.011530000000000484
843,-0.03338,-0.2,0.025793,0.031404700000000396,-0.006605999999999668,0.033001999999999754
844,-0.04242,-0.2,0.045167,-0.07519499999999901,0.013924899999999685,0.07380620000000082
845,-0.035487,-0.2,0.0373,-0.15160899999999877,-0.00243840000000084,-0.012297400000000458
846,-0.028554000000000003,-0.2,0.029432999999999997,-0.019877000000001033,0.04811600000000027,0.027466000000000435
847,-0.035338,-0.2,0.050568,-0.10841100000000026,-0.0030746000000001494,0.03098869999999998
848,-0.029370999999999998,-0.2,0.041617,-0.19945299999999833,0.02830599999999972,-0.023688999999999183
849,-0.023403999999999998,-0.2,0.032665,-0.05493500000000218,0.0910580000000003,-0.001647499999999802
850,-0.027607,-0.2,0.055022,-0.12644149999999854,-0.046649000000000385,0.018034700000000292
851,-0.022794,-0.2,0.045245,-0.21586199999999955,0.040471000000000146,-0.010876999999999803
852,-0.017981,-0.2,0.035468,-0.04995299999999858,0.12207340000000055,-0.012876200000000448
853,-0.019362,-0.2,0.058444,-0.1168010000000006,-0.08555520000000039,0.013012999999999941
854,-0.015849000000000002,-0.2,0.048126999999999996,-0.1785010000000007,0.05560199999999993,0.0027319000000001203
855,-0.012336,-0.2,0.03781,-0.07181900000000141,0.09327699999999961,-0.020721199999999884
856,-0.010748,-0.2,0.060766999999999995,-0.3472199999999983,-0.09816540000000007,-0.0004552400000000234
857,-0.008633799999999999,-0.2,0.050216000000000004,-0.46755800000000214,-0.08403839999999985,-0.011563900000000016
858,-0.0065198999999999995,-0.2,0.039664,-0.5726040000000001,-0.15476279999999987,-0.004086305999999998
859,-0.0019206,-0.2,0.06195,-0.2955559999999977,-0.07152430000000054,0.02794819999999998
860,-0.0012561,-0.2,0.051484,-0.32954499999999953,0.0040602999999994616,0.03411360000000019
861,-0.00059158,-0.2,0.041017000000000005,-0.2715040000000002,-0.2009685000000001,0.08032430000000002
862,0.0069607,-0.2,0.061975,-0.2662849999999999,-0.07932550000000016,-0.13755849999999992
863,0.0061777,-0.2,0.051912,-0.3324929999999977,-0.03336770000000033,-0.07204400000000044
864,0.0053948,-0.2,0.041848,-0.2542050000000007,-0.08337770000000022,-0.013030200000000214
865,0.015738,-0.2,0.06084199999999999,-0.4258550000000021,-0.029089900000000002,-0.1487122999999997
866,0.013562000000000001,-0.2,0.051488,-0.609555499999999,-0.03794350000000035,-0.013037999999999883
867,0.011386,-0.2,0.042133,-0.44598900000000086,-0.07208179999999986,0.01778899999999961
