,U:0,U:1,U:2,Points:0,Points:1,Points:2
0,0.03399499999999911,0.22821179999999996,-0.02530800000000033,-0.051881,-0.2,-0.12404000000000001
1,-7.985311,-2.4588416,2.5541353,-0.055958,-0.2,-0.13364
2,0.08119299999999896,0.22992359999999978,-0.014941499999999941,-0.033694,-0.2,-0.13015
3,-8.238682,-2.4039952999999996,1.4265608,-0.036362,-0.2,-0.14023
4,0.07558399999999921,0.06983399999999995,-0.10220999999999991,-0.047803,-0.2,-0.11442999999999999
5,0.1751750000000012,0.1984735000000002,-0.09616530000000001,-0.031025999999999998,-0.2,-0.12005999999999999
6,0.09938499999999983,-0.06495509999999993,-0.056256599999999324,-0.043726,-0.2,-0.10482999999999999
7,0.12299400000000027,-0.0060339000000001475,-0.0316639000000003,-0.028359,-0.2,-0.10998
8,0.1436529999999987,0.13593369999999994,-0.06396459999999982,-0.039648,-0.2,-0.09522
9,0.09346799999999966,0.06832660000000013,-0.01282099999999975,-0.025691000000000002,-0.2,-0.099892
10,0.1506950000000007,-0.02583879999999983,-0.05883660000000024,-0.035571,-0.2,-0.085615
11,0.06711600000000217,-0.038822000000000134,-0.005113999999999841,-0.023023,-0.2,-0.089806
12,0.5483410000000006,0.04176410000000008,1.3941632000000004,-0.020562,-0.2,-0.080501
13,-0.3313459999999999,-0.09278740000000008,-1.4972092000000004,-0.031809,-0.2,-0.076752
14,0.9585589999999993,-0.038234800000000124,-0.42501685999999994,-0.014831,-0.2,-0.13364
15,-9.582707000000001,-2.2769084,0.67539227,-0.016036,-0.2,-0.14400000000000002
16,0.14128399999999885,0.1582176999999998,-0.04811043000000004,-0.013626,-0.2,-0.12327
17,0.21967200000000098,0.04436859999999998,-0.02929700000000013,-0.01242,-0.2,-0.11291
18,0.17737599999999887,0.04821738000000003,-0.02801869999999973,-0.011215000000000001,-0.2,-0.10254
19,0.04922800000000116,-0.055217659999999946,-0.007747899999999919,-0.01001,-0.2,-0.09218
20,0.018324999999999037,-0.030949349999999987,-0.018886599999999976,-0.0088985,-0.2,-0.082618
21,1.1655689999999996,0.09901420000000005,-0.3125203000000002,0.004336199999999999,-0.2,-0.13437000000000002
22,-9.378976,-2.1469237999999997,-0.6837586999999999,0.0046186000000000005,-0.2,-0.14479
23,0.24030899999999988,0.18304070000000006,0.0022669000000000716,0.0040539,-0.2,-0.12394000000000001
24,0.3097549999999991,0.04356842999999999,0.029030800000000134,0.0037715000000000005,-0.2,-0.11352000000000001
25,0.3214739999999985,0.017181119999999994,0.014664800000000144,0.0034891999999999996,-0.2,-0.10309000000000001
26,0.12474149999999895,-0.06574500000000005,0.02141869999999979,0.0032069000000000004,-0.2,-0.092668
27,-0.07490800000000064,-0.03299274000000002,0.014839850000000099,0.0029463000000000002,-0.2,-0.08305
28,1.0279640000000008,-0.25256880000000015,-0.1791993999999999,0.023426,-0.2,-0.13246
29,-9.150503,-2.24675,-2.0007744,0.025192,-0.2,-0.14274
30,0.2660100000000014,0.16669789999999995,0.05004219999999959,0.021661,-0.2,-0.12217
31,0.2640450000000012,0.08912454999999997,0.0725197999999998,0.019895,-0.2,-0.11188
32,0.2153389999999984,0.02262413999999996,0.05652889999999999,0.01813,-0.2,-0.10159
33,0.1404449999999997,-0.05984309999999993,0.07336650000000011,0.016364,-0.2,-0.091307
34,0.0024399999999999977,-0.02184910000000001,0.07079900000000006,0.014735,-0.2,-0.081816
35,0.9835520000000004,0.09851800000000033,-0.02061780000000013,0.042006,-0.2,-0.12768
36,-8.763244,-1.9985412,-3.266969,0.045214,-0.2,-0.13759000000000002
37,0.18838999999999828,0.21548310000000037,0.05338450000000039,0.038798,-0.2,-0.11775999999999999
38,0.2362889999999993,0.024881800000000176,0.0901282000000001,0.03559,-0.2,-0.10784
39,0.3006340000000005,0.01704316,0.09944739999999985,0.032382,-0.2,-0.097928
40,0.26518399999999787,-0.04407703000000007,0.14831679999999947,0.029174000000000002,-0.2,-0.088012
41,0.23902400000000057,0.06539623,0.1884705000000002,0.026215,-0.2,-0.078863
42,0.9517475000000006,0.15351800000000004,0.19535999999999998,0.059772000000000006,-0.2,-0.12045
43,-8.2045,-1.9118683,-4.401305000000001,0.064364,-0.2,-0.12982
44,0.09893000000000107,0.22013189999999994,0.12988239999999962,0.05517999999999999,-0.2,-0.11108
45,0.14356100000000005,0.05043500000000001,0.2368724000000002,0.050588,-0.2,-0.10171000000000001
46,0.2557790000000004,0.03180280000000002,0.3130096,0.045995999999999995,-0.2,-0.092346
47,0.3865490000000005,-0.029076160000000018,0.3953004999999994,0.041404,-0.2,-0.082978
48,0.4735509999999987,0.058581030000000034,0.3787096999999999,0.037167,-0.2,-0.074335
49,0.7430465000000002,0.1725026999999999,0.3374550000000003,0.076284,-0.2,-0.11069000000000001
50,-7.5987729999999996,-1.8377131999999998,-5.5323157,0.082161,-0.2,-0.11930999999999999
51,-0.0258149999999997,0.25374889999999994,0.09622699999999984,0.07040700000000001,-0.2,-0.10207999999999999
52,0.028235999999999706,0.19629649999999998,0.2204474000000003,0.06452999999999999,-0.2,-0.093459
53,0.11693599999999904,0.04888571000000001,0.3457705999999998,0.058653,-0.2,-0.084842
54,0.25283800000000056,-0.014904360000000005,0.44728499999999993,0.052775999999999997,-0.2,-0.076226
55,0.34914299999999976,0.04708488400000001,0.46365829999999963,0.047354,-0.2,-0.068276
56,0.7187320000000001,-0.12001399999999984,0.3784422999999997,0.09123099999999999,-0.2,-0.098682
57,-6.603037400000001,-1.7961258000000002,-6.5555615000000005,0.098271,-0.2,-0.10637
58,0.08423929999999924,0.25074489999999994,0.08564970000000027,0.08419199999999999,-0.2,-0.090994
59,0.06982700000000008,0.1865382,0.22791300000000003,0.077152,-0.2,-0.08330599999999999
60,0.10268440000000023,0.053185039999999996,0.38001159999999956,0.070112,-0.2,-0.07561699999999999
61,0.1303029999999996,0.033853369999999994,0.4682870000000001,0.063073,-0.2,-0.067929
62,0.1615296000000006,0.05296571499999999,0.41551270000000073,0.056577999999999996,-0.2,-0.060836
63,0.6846199999999998,-0.22299040000000003,0.8472510000000009,0.10447000000000001,-0.2,-0.084797
64,-5.5303206,-1.8758203000000002,-7.0335345,0.11255,-0.2,-0.091419
65,0.10333199999999998,0.20393989999999973,0.4464919999999992,0.09639,-0.2,-0.078175
66,0.08199740000000055,0.13011839999999997,0.5096033000000002,0.08831,-0.2,-0.07155299999999999
67,0.13331659999999967,0.06625593299999999,0.566109,0.080231,-0.2,-0.06493099999999999
68,0.11087770000000052,0.036774379999999995,0.5449139999999995,0.072152,-0.2,-0.058309
69,0.042132999999999754,0.03270588000000002,0.43483799999999917,0.064697,-0.2,-0.0522
70,0.5502132999999998,0.21142309999999997,0.9325656999999996,0.11534000000000001,-0.2,-0.068986
71,-4.462393,-1.7099433000000002,-7.7765116999999995,0.12426,-0.2,-0.074379
72,0.08418729999999996,0.11994199999999977,0.4613870000000002,0.10642,-0.2,-0.063593
73,0.07462759999999946,0.0904784999999999,0.49829900000000116,0.097498,-0.2,-0.0582
74,0.11315899999999957,0.07183006,0.502914999999998,0.088577,-0.2,-0.05280700000000001
75,0.10905349999999991,0.022008100000000003,0.5286039999999996,0.07965599999999999,-0.2,-0.047414
76,0.08285299999999918,0.012473200000000018,0.5001390000000008,0.071425,-0.2,-0.042438
77,0.30621770000000037,0.18722060000000007,0.41247399999999956,0.12403,-0.2,-0.051886
78,-3.4016387000000003,-1.686273,-8.826131,0.13364,-0.2,-0.055958
79,0.051437799999999534,0.2553221000000001,0.06036199999999958,0.11442999999999999,-0.2,-0.047813999999999995
80,0.058111699999999544,0.21589079999999994,0.21852499999999964,0.10482000000000001,-0.2,-0.043742
81,0.08083570000000062,0.06850159,0.3558759999999985,0.09521,-0.2,-0.03967
82,0.0737975000000004,0.03024345,0.397810999999999,0.085602,-0.2,-0.035598000000000005
83,0.06357730000000039,-0.022491299999999992,0.365081,0.076738,-0.2,-0.031841
84,-0.027597999999999345,0.16142239999999974,0.07007300000000072,-0.064555,-0.2,-0.11792000000000001
85,-7.776283,-2.5656564,3.6350195,-0.069613,-0.2,-0.12704000000000001
86,0.06882300000000008,0.08771579999999979,-0.059763999999999484,-0.059497,-0.2,-0.10879000000000001
87,0.13100099999999948,0.013177140000000032,-0.04440270000000002,-0.054438,-0.2,-0.09966599999999999
88,0.17784400000000034,0.13629966999999998,-0.07844899999999999,-0.04938,-0.2,-0.09054
89,0.18317400000000106,-0.024537199999999926,-0.09400250000000021,-0.044322,-0.2,-0.081415
90,0.17439900000000108,-0.00323956000000003,-0.11019199999999962,-0.039655,-0.2,-0.072996
91,0.9597249999999997,-0.03648350000000011,-0.8073737000000003,-0.076521,-0.2,-0.11051
92,-8.092761999999999,-2.4216337,5.213586299999999,-0.082504,-0.2,-0.11905999999999999
93,0.2832220000000003,0.15542119999999993,-0.242,-0.070538,-0.2,-0.10197
94,0.33351699999999873,0.043419100000000044,-0.20459340000000026,-0.064555,-0.2,-0.093421
95,0.32498700000000014,0.09894846000000002,-0.1818546999999997,-0.058571000000000005,-0.2,-0.084876
96,0.2868750000000002,-0.016753500000000088,-0.14615959999999983,-0.052588,-0.2,-0.07633
97,0.257321000000001,0.02103580000000005,-0.1513050000000007,-0.047068,-0.2,-0.068445
98,0.9112590000000003,0.019965200000000127,-0.8429405000000001,-0.08765,-0.2,-0.1019
99,-7.520536999999999,-2.4054482000000004,6.1074033,-0.094493,-0.2,-0.10977999999999999
100,0.2590610000000009,0.1866645,-0.23765530000000012,-0.080808,-0.2,-0.09403099999999999
101,0.30446099999999987,0.05901630000000002,-0.202357000000001,-0.073965,-0.2,-0.086158
102,0.3113329999999994,0.11402846999999994,-0.18697569999999963,-0.067123,-0.2,-0.07828500000000001
103,0.2940430000000003,-0.008707199999999915,-0.14708899999999936,-0.06027999999999999,-0.2,-0.070412
104,0.2682089999999988,0.024395100000000003,-0.1437797000000005,-0.053967999999999995,-0.2,-0.063149
105,0.8039740000000002,0.021394499999999983,-0.9001944000000011,-0.09782,-0.2,-0.092181
106,-6.8908423999999995,-2.4247313,6.924400299999999,-0.10545,-0.2,-0.09929600000000001
107,0.18579900000000027,0.1700273000000001,-0.1961220000000008,-0.090192,-0.2,-0.085066
108,0.22893249999999998,0.019464899999999896,-0.14988000000000046,-0.082565,-0.2,-0.07795099999999999
109,0.25272370000000066,0.13606189999999996,-0.15159430000000018,-0.074937,-0.2,-0.070836
110,0.2327015999999995,-0.00034589999999989907,-0.09618159999999953,-0.06731000000000001,-0.2,-0.063722
111,0.1987585999999988,0.010761800000000044,-0.07180349999999969,-0.060273,-0.2,-0.05715800000000001
112,0.6628655999999991,-0.07748129999999964,-0.9202199999999996,-0.10692,-0.2,-0.08145
113,-6.174281,-2.499348,7.6736,-0.11525,-0.2,-0.08772999999999999
114,0.17984480000000058,0.15750560000000013,-0.2278260000000003,-0.098587,-0.2,-0.075171
115,0.21458200000000094,0.033927759999999973,-0.20949500000000043,-0.090258,-0.2,-0.068892
116,0.2094624000000005,0.10527350000000013,-0.19936899999999902,-0.081929,-0.2,-0.062612
117,0.17638659999999895,-0.006479200000000018,-0.14578500000000005,-0.0736,-0.2,-0.056333
118,0.16316630000000032,0.014483400000000035,-0.1361170000000005,-0.065916,-0.2,-0.050539999999999995
119,0.5277289999999999,-0.05514320000000028,-0.9516016000000009,-0.11484000000000001,-0.2,-0.069829
120,-5.3562330000000005,-2.4928397999999996,8.290873,-0.12378,-0.2,-0.075204
121,0.18674769999999974,0.17780010000000002,-0.2873260000000002,-0.1059,-0.2,-0.064455
122,0.21749099999999988,0.054578000000000015,-0.2580630000000017,-0.096964,-0.2,-0.059079999999999994
123,0.1874387000000004,0.09426514999999991,-0.21255399999999902,-0.088026,-0.2,-0.053704999999999996
124,0.15001330000000035,-0.011432600000000237,-0.1682819999999996,-0.079087,-0.2,-0.04833
125,0.14247300000000074,0.007338999999999873,-0.17072700000000118,-0.070841,-0.2,-0.043371
126,-0.31262299999999854,-0.13875497999999997,-1.5749032,-0.030438,-0.2,-0.073476
127,0.528888499999999,0.025286829999999982,1.4368912000000003,-0.019672,-0.2,-0.077065
128,0.1808619999999994,-0.12359390000000003,-0.11779700000000037,-0.029067000000000003,-0.2,-0.0702
129,0.09654400000000152,-0.10236539999999994,-0.07589199999999963,-0.018782,-0.2,-0.073629
130,0.7495589999999996,-0.0640826000000001,1.5763324,-0.017891999999999998,-0.2,-0.07019299999999999
131,-0.14722400000000135,-0.30288990000000005,-1.7542082999999997,-0.027696,-0.2,-0.066924
132,0.033519000000000077,-0.06544986000000003,-0.043662659999999964,-0.0085068,-0.2,-0.07909
133,0.07785600000000059,-0.10696944999999997,-0.060306199999999976,-0.008115100000000002,-0.2,-0.075562
134,0.2216509999999996,-0.1752946000000002,-0.029150539999999947,-0.0077235,-0.2,-0.072034
135,-0.08971499999999821,-0.061851740000000016,-0.007162400000000124,0.0028318,-0.2,-0.07950399999999999
136,-0.04642200000000152,-0.10032760000000002,-0.006006499999999915,0.0027174,-0.2,-0.075959
137,0.08877799999999958,-0.18785949999999985,0.04432709999999995,0.0026030000000000003,-0.2,-0.072413
138,-0.01777300000000004,-0.04862451499999999,0.04352879999999937,0.014116,-0.2,-0.078316
139,0.010998999999999981,-0.08448649999999999,0.047475500000000004,0.013497,-0.2,-0.074816
140,0.09071800000000074,-0.16879889999999986,0.10212250000000012,0.012877000000000001,-0.2,-0.071315
141,0.2504649999999984,-0.042080762,0.17960670000000034,0.025106,-0.2,-0.075495
142,0.2796074999999991,-0.07945244800000001,0.1943336999999996,0.023997,-0.2,-0.072126
143,0.3205089999999995,-0.005382599999999904,0.24562079999999975,0.022889,-0.2,-0.068758
144,0.4281030000000001,-0.04479195999999999,0.3390662999999998,0.035588999999999996,-0.2,-0.071156
145,0.3752110000000002,-0.0982589,0.31321330000000014,0.034010000000000006,-0.2,-0.067976
146,0.34834600000000115,-0.05661509999999992,0.32047940000000086,0.032431,-0.2,-0.06479700000000001
147,0.32714900000000036,-0.03356010000000001,0.40397899999999964,0.04534,-0.2,-0.065357
148,0.2373650000000005,-0.07465295000000002,0.30670859999999944,0.043327,-0.2,-0.062437
149,0.13384799999999863,-0.07805483000000002,0.1968482999999992,0.041314,-0.2,-0.059516999999999994
150,0.1829692999999999,0.02461355999999998,0.39839100000000016,0.054172000000000005,-0.2,-0.058235
151,0.19648500000000002,-0.035482440000000004,0.38673,0.051766,-0.2,-0.055635000000000004
152,0.2003130000000013,-0.07032421000000003,0.4108520000000002,0.04936,-0.2,-0.053034000000000005
153,0.026508999999999894,-0.019942000000000015,0.3935460000000006,0.061935000000000004,-0.2,-0.049958999999999996
154,0.03667899999999946,-0.08436030000000005,0.38263900000000106,0.059172,-0.2,-0.047718
155,0.07259259999999923,-0.046411838219999994,0.45721900000000026,0.056409,-0.2,-0.045477
156,0.07254700000000014,0.010880270000000025,0.492248,0.068381,-0.2,-0.040619999999999996
157,0.08652900000000052,0.04401350000000004,0.5069940000000006,0.065337,-0.2,-0.038801
158,0.11770199999999953,-0.02995347999999999,0.6024849999999997,0.062292999999999994,-0.2,-0.036982
159,0.05308600000000041,-0.03060430000000003,0.35759900000000044,0.073461,-0.2,-0.030472000000000003
160,0.059878299999999385,0.023905359999999987,0.35176799999999986,0.070184,-0.2,-0.029102999999999997
161,0.07710829999999991,-0.02968246000000002,0.3980859999999993,0.06690700000000001,-0.2,-0.027733999999999998
162,0.16984400000000122,-0.03576614,-0.11386029999999892,-0.037951,-0.2,-0.069883
163,0.20489499999999872,-0.12564054999999996,-0.14545850000000016,-0.036246,-0.2,-0.066771
164,0.36937900000000035,-0.2252238000000002,-0.17452699999999943,-0.034542,-0.2,-0.063658
165,0.24992400000000004,-0.014065699999999848,-0.17106960000000004,-0.045049,-0.2,-0.06552899999999999
166,0.2831929999999989,-0.12817917,-0.20938839999999992,-0.043029000000000005,-0.2,-0.062612
167,0.4376030000000011,-0.22024069999999996,-0.24560229999999983,-0.041009,-0.2,-0.059696000000000006
168,0.2573350000000012,-0.004490630000000051,-0.16301000000000077,-0.051654,-0.2,-0.060459000000000006
169,0.27612200000000087,-0.14146009999999998,-0.196548299999999,-0.049339999999999995,-0.2,-0.05776900000000001
170,0.40148000000000117,-0.23008860000000042,-0.22207100000000146,-0.047027,-0.2,-0.055078999999999996
171,0.17909740000000074,-0.01446040000000004,-0.08135799999999982,-0.05769199999999999,-0.2,-0.054725
172,0.1788880000000006,-0.1841239,-0.1065100000000001,-0.05511,-0.2,-0.052292
173,0.2727710000000023,-0.3274581999999999,-0.12164600000000014,-0.052529,-0.2,-0.04986
174,0.16615140000000128,-0.0028304000000000107,-0.15364299999999886,-0.063096,-0.2,-0.048391
175,0.17609040000000054,-0.18374862999999986,-0.18098599999999898,-0.060275999999999996,-0.2,-0.046242
176,0.26286399999999954,-0.34719449999999985,-0.19104100000000024,-0.05745499999999999,-0.2,-0.044093
177,0.15200700000000023,-0.0034065999999999264,-0.19251799999999974,-0.067811,-0.2,-0.041529
178,0.15619769999999988,-0.185743,-0.22505100000000056,-0.06478099999999999,-0.2,-0.039686
179,0.22777500000000028,-0.3716879000000002,-0.2454654999999999,-0.061752,-0.2,-0.037844
180,-0.15284800000000054,-0.4061880000000002,-1.7712198,-0.024229,-0.2,-0.058559
181,0.7760829999999999,-0.22776940000000012,1.6718570000000001,-0.015713,-0.2,-0.060837999999999996
182,0.13168600000000197,-0.5053192000000002,-0.04998260000000032,-0.020761,-0.2,-0.050193
183,0.07587200000000038,-0.47610920000000023,-0.031124699999999894,-0.013534000000000001,-0.2,-0.051483
184,0.00589500000000065,-0.43105649999999995,-0.010744499999999935,-0.017293,-0.2,-0.041828
185,0.0318139999999989,-0.5046992999999995,-0.03383810000000009,-0.011355,-0.2,-0.042128
186,-0.36599550000000036,0.25174749999999957,1.1046399999999998,-0.0091757,-0.2,-0.032773000000000004
187,0.31796699999999944,-0.7982955,-1.2072798999999999,-0.013825,-0.2,-0.033462
188,0.2530210000000004,-0.3693392000000002,0.0014138000000000206,-0.006938,-0.2,-0.061971000000000005
189,0.08351300000000172,-0.6018919999999999,-0.010906475000000006,-0.0061525,-0.2,-0.051907
190,0.08394399999999891,-0.4381269999999997,-0.025770499999999974,-0.0053671000000000005,-0.2,-0.041844
191,-0.02732599999999863,-0.20331529999999987,-0.036390900000000004,-0.0045816,-0.2,-0.03178
192,0.1893559999999983,-0.423524,0.08238809999999996,0.0019407,-0.2,-0.061946
193,0.03722999999999921,-0.6200728999999998,0.03972969999999987,0.0012785000000000001,-0.2,-0.05148
194,-0.11090000000000089,-0.5496755000000002,-0.006298200000000254,0.00061623,-0.2,-0.041013
195,-0.13822599999999952,-0.14325910000000008,-0.019639300000000137,-4.6009e-05,-0.2,-0.030545999999999997
196,0.11433500000000052,-0.4219778999999999,0.13074220000000025,0.010765,-0.2,-0.060764
197,-0.025182000000000926,-0.6313345999999997,0.06262260000000008,0.008653399999999999,-0.2,-0.050212
198,-0.11139100000000113,-0.5501542000000001,-0.0011174000000000461,0.0065414,-0.2,-0.039661
199,-0.08516600000000007,-0.06638199999999994,0.010783700000000174,0.0044294,-0.2,-0.029108999999999996
200,0.21431900000000148,-0.42853279999999994,0.1733715999999994,0.019377000000000002,-0.2,-0.058441
201,0.001042999999999239,-0.6272189999999997,-0.06640129999999989,0.015865999999999998,-0.2,-0.048124
202,-0.1361490000000014,-0.5538259999999999,0.04189099999999968,0.012354,-0.2,-0.037806
203,-0.05208549999999956,-0.052279899999999824,0.0524779999999998,0.0088425,-0.2,-0.027489
204,0.1647980000000011,-0.40617780000000003,0.03933139999999913,0.02762,-0.2,-0.055020000000000006
205,0.04334700000000069,-0.6196459999999999,-0.08328029999999931,0.022808000000000002,-0.2,-0.045243
206,-0.07811500000000038,-0.5693877999999999,0.12404029999999988,0.017997,-0.2,-0.035466000000000004
207,-0.07982500000000048,-0.20152500000000018,0.04158200000000001,0.013184999999999999,-0.2,-0.025689
208,9.099999999939712e-05,-0.37862660000000004,-0.20696950000000136,0.035348000000000004,-0.2,-0.050566
209,-0.051897000000000304,-0.6070707999999998,0.12569799999999987,0.029382,-0.2,-0.041615
210,-0.06094600000000128,-0.5810330000000001,0.0847130000000007,0.023416,-0.2,-0.032663
211,-0.08673499999999912,-0.28445649999999967,0.01680529999999969,0.01745,-0.2,-0.023712
212,0.05836299999999994,-0.3446110000000002,0.22606500000000018,0.042428,-0.2,-0.045166000000000005
213,-0.0714895000000002,-0.5596507000000002,0.06943799999999989,0.035496,-0.2,-0.037299
214,-0.08660069999999997,-0.5701967000000003,0.03035700000000041,0.028562999999999998,-0.2,-0.029431
215,-0.09619830000000018,-0.3409240000000002,-0.03231499999999876,0.021631,-0.2,-0.021564
216,0.12103100000000033,-0.29462579999999994,0.42677400000000176,0.048734,-0.2,-0.038916
217,0.07732399999999995,-0.47442329999999977,0.30909100000000045,0.04106,-0.2,-0.032354
218,0.0056005999999992895,-0.5413505999999999,0.16770200000000024,0.033386,-0.2,-0.025792000000000002
219,-0.09446200000000005,-0.38921170000000016,-0.11445900000000009,0.025712,-0.2,-0.019231
220,0.17285899999999987,-0.25840475000000007,0.599048999999999,0.054136000000000004,-0.2,-0.031908
221,0.12389799999999962,-0.46889860000000017,0.3850149999999992,0.045978,-0.2,-0.026833
222,0.027197000000000138,-0.5256117000000002,0.1466580000000004,0.03782,-0.2,-0.021758
223,-0.048433400000000404,-0.4176572000000003,-0.08360550000000089,0.029663,-0.2,-0.016684
224,0.10130240000000068,-0.1815643,0.27758900000000075,0.058539,-0.2,-0.024271
225,0.053832499999999506,-0.3841066000000004,0.04484700000000075,0.050172,-0.2,-0.020808
226,-0.017064399999999758,-0.4667327000000001,-0.07708300000000001,0.041804,-0.2,-0.017345
227,-0.0500866000000002,-0.4712976999999996,-0.11964500000000022,0.033436,-0.2,-0.013881999999999999
228,0.36294299999999957,-0.3879990000000002,-0.13376449999999984,-0.029883999999999997,-0.2,-0.055421000000000005
229,0.1317660000000025,-0.5331363999999996,-0.05860399999999988,-0.025227,-0.2,-0.047184
230,0.004171999999998732,-0.41675770000000023,0.01175539999999975,-0.020569,-0.2,-0.038947
231,-0.06489999999999974,-0.17673899999999998,-0.02791699999999997,-0.015912,-0.2,-0.03071
232,0.40300700000000056,-0.37562320000000016,-0.20837670000000053,-0.03522,-0.2,-0.051735
233,0.13228699999999982,-0.5430465999999998,-0.09291729999999898,-0.029431,-0.2,-0.043775
234,-0.029479999999999507,-0.4338002999999997,0.02805970000000002,-0.023641,-0.2,-0.035815
235,0.01634240000000009,-0.17348199999999991,-0.06385939999999968,-0.017852,-0.2,-0.027854000000000004
236,0.3192940000000011,-0.34680279999999986,-0.18816270000000124,-0.040187,-0.2,-0.047539
237,0.041525000000000034,-0.5284165000000001,-0.09145050000000055,-0.033347,-0.2,-0.039998
238,-0.027428000000000452,-0.42310459999999983,0.027144999999999087,-0.026507,-0.2,-0.032457
239,0.0957593999999995,-0.1487581,-0.12864660000000017,-0.019667,-0.2,-0.024916999999999998
240,0.17415199999999942,-0.3648812000000001,-0.061252000000001416,-0.044739,-0.2,-0.042873
241,-0.03471500000000027,-0.48871739999999964,0.008381299999999925,-0.03695,-0.2,-0.035886
242,-0.04196900000000081,-0.3935884999999999,0.04209370000000057,-0.029160000000000002,-0.2,-0.0289
243,0.12471999999999994,-0.09355543999999993,-0.19461900000000032,-0.02137,-0.2,-0.021913
244,0.15097800000000028,-0.37724350000000006,-0.06278000000000006,-0.048835,-0.2,-0.037783
245,-0.07737869999999969,-0.4285015000000003,0.12555399999999928,-0.040214,-0.2,-0.031474
246,-0.03253849999999936,-0.3479939999999999,0.041383999999999865,-0.031594,-0.2,-0.025164
247,0.08587300000000031,-0.020684870000000022,-0.2056610000000001,-0.022973,-0.2,-0.018854
248,0.1240667000000002,-0.34168790000000016,-0.10136600000000229,-0.052434,-0.2,-0.03232
249,-0.0843020000000001,-0.2855730000000003,0.17701799999999857,-0.043116,-0.2,-0.026795999999999997
250,0.032391999999999754,-0.3429337000000001,-0.061196999999999946,-0.033799,-0.2,-0.021272
251,0.016444299999999856,-0.028730530000000004,-0.15681980000000006,-0.024481,-0.2,-0.015747
252,-0.020309000000000133,-0.12385219999999997,-0.08448729999999993,-0.011173,-0.2,-0.02982
253,0.01288959999999939,-0.02908997000000002,-0.09689449999999988,-0.013054,-0.2,-0.026774
254,0.045853000000000144,-0.17568830000000013,-0.1073590000000002,-0.014834,-0.2,-0.023657
255,0.06855999999999973,-0.15670960000000012,-0.11281560000000024,-0.016525,-0.2,-0.020483
256,0.06232979999999966,-0.1429872999999997,-0.11101300000000025,-0.018134,-0.2,-0.017261000000000002
257,0.03215589999999979,0.06714279999999961,-0.09970979999999985,-0.019665000000000002,-0.2,-0.013999999999999999
258,-0.036605999999999916,-0.040488150000000056,-0.059515320000000003,-0.0064747,-0.2,-0.028662
259,-0.06291600000000042,-0.05585200000000001,-0.0699208,-0.008280599999999999,-0.2,-0.025463999999999997
260,-0.0062509999999997845,0.0821531000000002,-0.07364039999999994,-0.010011,-0.2,-0.022205000000000003
261,0.03251559999999998,0.07376529999999981,-0.07353589999999999,-0.011673000000000001,-0.2,-0.018897999999999998
262,0.04061179999999931,0.03370859999999887,-0.07019810000000004,-0.013271999999999999,-0.2,-0.015550999999999999
263,0.03068969999999993,-0.003653700000000093,-0.0651953999999999,-0.014812,-0.2,-0.012172
264,0.010525999999999591,0.00893202400000001,-0.014909199999999956,-0.0018221000000000001,-0.2,-0.027294
265,0.057491000000000625,0.1618752000000001,-0.030732179999999998,-0.0035405000000000002,-0.2,-0.023974000000000002
266,-0.07303399999999982,-0.05640799999999979,-0.02910760200000001,-0.005208399999999999,-0.2,-0.020604
267,-0.006115400000000104,0.0007989999999997721,-0.02325065999999998,-0.0068292000000000005,-0.2,-0.017194
268,0.013045899999999833,-0.10269700000000004,-0.027793100000000015,-0.008406299999999998,-0.2,-0.013752
269,0.021848199999999984,-0.4127100000000006,-0.034914800000000135,-0.009942399999999999,-0.2,-0.010284999999999999
270,0.028618400000000044,0.030498449999999955,-0.0035713999999997803,0.0027811,-0.2,-0.025749
271,0.09334670000000056,0.22377179999999997,0.020294100000000093,0.0011607999999999998,-0.2,-0.022331999999999998
272,0.0639050000000001,0.2619343999999999,0.025680200000000042,-0.00043382,-0.2,-0.018876
273,0.03865870000000049,0.11083980000000082,0.020630550000000025,-0.0020025999999999998,-0.2,-0.015388999999999998
274,0.02307089999999956,-0.33512450000000005,0.0063442500000000235,-0.003547,-0.2,-0.011878
275,-0.014715600000000162,-0.43104799999999965,0.002132030000000007,-0.005068199999999999,-0.2,-0.008349500000000001
276,0.023714399999999358,-0.00531379999999998,0.01830049999999961,0.007331600000000001,-0.2,-0.024044
277,0.07114570000000064,0.18054419999999993,0.026704099999999897,0.0058194,-0.2,-0.020555
278,0.04033270000000044,0.1826652000000002,0.050124399999999625,0.0043077,-0.2,-0.017037
279,0.02225900000000003,0.02906999999999993,0.06513169999999979,0.0028006,-0.2,-0.013496000000000001
280,0.0028633999999998494,-0.12438069999999968,0.0657226999999998,0.0012988,-0.2,-0.0099401
281,-0.014295600000000075,-0.06894899999999993,0.05393519999999985,-0.00019777,-0.2,-0.0063733
282,-0.032927700000001,0.05252199999999996,0.035884299999999314,0.011822,-0.2,-0.022183
283,0.00865199999999966,0.10066160000000002,-0.00935670000000055,0.010426999999999999,-0.2,-0.018645
284,-0.020997000000000376,0.18213400000000002,0.026221599999999956,0.0090086,-0.2,-0.015087999999999999
285,-0.02294459999999976,0.1821780000000004,0.06427039999999984,0.007573000000000001,-0.2,-0.011518
286,-0.02599769999999979,0.14752159999999925,0.0830169999999999,0.006123600000000001,-0.2,-0.0079404
287,-0.028258969999999994,0.12127629999999989,0.07891770000000031,0.0046615,-0.2,-0.0043593
288,-0.05648870000000006,-0.017054500000000195,0.026978999999999864,0.016244,-0.2,-0.020169
289,-0.004512899999999931,0.016878320000000058,0.021166000000000018,0.014977,-0.2,-0.016606
290,-0.031151299999999882,0.15606830000000027,0.008057400000000214,0.013661000000000001,-0.2,-0.013034
291,-0.04421800000000009,0.19118460000000015,0.0355970000000001,0.012306999999999998,-0.2,-0.0094587
292,-0.04243220000000003,0.1210732000000001,0.06369150000000001,0.010920000000000001,-0.2,-0.0058832
293,-0.03795070000000002,0.29956669999999974,0.046866399999999864,0.0095024,-0.2,-0.0023117
294,-0.06446750000000012,-0.12490080000000048,-0.03599440000000076,0.020592,-0.2,-0.018007
295,0.0015224000000002569,0.11700199999999994,0.07086169999999914,0.019463,-0.2,-0.014443000000000001
296,-0.0036984000000002126,0.053914619999999996,0.04920599999999986,0.018259,-0.2,-0.010879999999999999
297,-0.029269499999999837,0.0558284,0.06158799999999953,0.016996,-0.2,-0.0073222999999999995
298,-0.03666269999999999,0.05333049999999995,0.08729619999999993,0.015681,-0.2,-0.0037726
299,-0.038749420000000034,0.1678299000000001,0.09118669999999973,0.014318,-0.2,-0.00023423
300,-0.06277900000000036,-0.2772112999999998,-0.11533400000000071,0.02485,-0.2,-0.015686000000000002
301,-0.015409000000000006,-0.1765756999999999,0.03362200000000115,0.023869,-0.2,-0.012147
302,-0.019619700000000018,0.04226019999999986,0.004625999999999131,0.022789,-0.2,-0.008619100000000001
303,-0.02793986000000004,0.06583073000000006,0.012517400000000123,0.021628,-0.2,-0.0051048000000000005
304,-0.037248638,0.08682357,-0.1118705000000002,0.020395,-0.2,-0.0016067999999999998
305,-0.03970065999999994,0.03366739999999996,-0.003474999999999895,0.019097,-0.2,0.0018725000000000002
306,-0.047900299999999785,-0.43895660000000003,-0.07502200000000059,0.028991000000000003,-0.2,-0.013182
307,-0.03920149999999989,-0.4012513000000002,0.014500999999999209,0.028170999999999998,-0.2,-0.0096979
308,-0.040239000000000136,-0.31149460000000007,-0.04737399999999958,0.027226,-0.2,-0.006235
309,-0.04027338000000005,-0.15676230000000002,-0.13640200000000036,0.026180000000000002,-0.2,-0.0027947
310,-0.03122495000000003,0.06599250000000012,-0.014914000000000982,0.025042,-0.2,0.00062134
311,-0.0378388999999999,0.06779460000000004,-0.12657400000000152,0.023821000000000002,-0.2,0.0040113
312,-0.06707570000000018,-0.5829586,-0.04265000000000008,0.03297,-0.2,-0.010459999999999999
313,-0.07720570000000015,-0.5636343999999998,-0.04205799999999904,0.032326,-0.2,-0.0070677
314,-0.07112576000000004,-0.5054833999999997,-0.1557530000000007,0.031533,-0.2,-0.0037071999999999995
315,-0.06564004999999995,-0.2853387999999999,-0.1541390000000007,0.030616,-0.2,-0.00037829
316,-0.05122680000000002,-0.2693960000000004,-0.17718000000000167,0.029589999999999998,-0.2,0.0029185
317,-0.0543446000000003,-0.3445917999999999,-0.20283099999999976,0.028461,-0.2,0.0061818
318,0.29963280000000014,0.23049500000000012,0.4716060000000013,0.12905999999999998,-0.2,-0.037850999999999996
319,-2.293213,-1.6963595,-9.144855999999999,0.13908,-0.2,-0.040838
320,0.03487360000000006,0.2110025000000002,0.10800899999999913,0.11904,-0.2,-0.034863
321,0.020299200000000184,0.1583758999999998,0.21303999999999945,0.10902,-0.2,-0.031876
322,0.02301759999999975,0.06702844,0.28411900000000223,0.098995,-0.2,-0.028888
323,0.014943200000000267,0.011152735999999996,0.2888169999999999,0.088973,-0.2,-0.0259
324,0.021942200000000245,0.04654779999999992,0.23436900000000094,0.079819,-0.2,-0.023169
325,-0.031180600000000114,0.03398519999999983,-0.18549499999999952,0.13243,-0.2,-0.02333
326,-1.0356185,-1.6818123,-8.697460000000001,0.14274,-0.2,-0.025190999999999998
327,0.0057546999999997794,0.034118300000000046,-0.054515999999999565,0.12212999999999999,-0.2,-0.021469
328,-0.006662399999999957,0.12455439999999984,-0.01004999999999967,0.11182,-0.2,-0.019608
329,-0.007223600000000108,0.06818733000000002,0.11065299999999922,0.10151,-0.2,-0.017747
330,-0.007559100000000152,0.0130556,0.1934880000000021,0.091199,-0.2,-0.015885
331,0.01736680000000046,0.06054119999999996,0.2292670000000001,0.081875,-0.2,-0.014197999999999999
332,-0.015825740000000005,-0.015435000000000088,-0.01875500000000052,0.13413,-0.2,-0.008524799999999999
333,-0.148031,-1.9762616999999998,-8.638732000000001,0.14458,-0.2,-0.0092322
334,0.006992099999999946,0.07807160000000013,0.11291399999999996,0.12367,-0.2,-0.0078175
335,-0.005265550000000008,0.12628309999999998,0.14782400000000173,0.11320999999999999,-0.2,-0.0071101
336,-0.015982930000000062,0.06571292000000001,0.24586299999999994,0.10275999999999999,-0.2,-0.0064027
337,-0.020631670000000102,0.010305380000000003,0.3053910000000002,0.092297,-0.2,-0.0056954
338,0.002819799999999928,0.0641562,0.33434400000000153,0.082929,-0.2,-0.0050571999999999995
339,-0.006196999999999897,0.04162760000000043,-0.002077000000001661,0.13421,-0.2,0.0063696000000000004
340,0.7219949000000001,-2.0791202,-8.814921,0.14469,-0.2,0.0068263
341,-0.008411930000000067,0.13005500000000003,0.19726350000000004,0.12372999999999999,-0.2,0.005913
342,-0.026120249999999956,0.16850980000000004,0.25951200000000085,0.11325,-0.2,0.0054563
343,-0.043142639999999954,0.07445175999999998,0.3484009999999991,0.10275999999999999,-0.2,0.0049996
344,-0.036873900000000015,0.013719119999999974,0.3363270000000007,0.092279,-0.2,0.0045429
345,-0.010909961999999997,0.02484480000000011,0.21012599999999892,0.082975,-0.2,0.0041424999999999995
346,0.00304110000000013,0.003979000000000177,-0.06308399999999992,0.13269,-0.2,0.021185
347,1.5259334,-2.3273490000000003,-8.647331,0.14307,-0.2,0.022803999999999998
348,-0.016685599999999967,0.09173429999999971,0.1368779999999994,0.1223,-0.2,0.019566
349,-0.04789180000000015,0.13916649999999997,0.21667200000000086,0.11192,-0.2,0.017947
350,-0.07964630000000006,0.06474337000000002,0.3081250000000004,0.10153,-0.2,0.016329
351,-0.06905040000000007,0.00489653000000001,0.2877489999999998,0.091147,-0.2,0.014709
352,-0.03156109999999979,0.060021699999999845,0.1602939999999986,0.082014,-0.2,0.013291999999999998
353,-0.05573799999999984,0.010005299999999995,0.03618399999999866,0.12958,-0.2,0.034928
354,2.3560697999999998,-2.6622462000000002,-8.348939999999999,0.13995,-0.2,0.03758
355,-0.033752000000000226,0.1389724000000001,0.14138299999999937,0.11921,-0.2,0.032276
356,-0.04342649999999981,0.16180109999999992,0.11280499999999982,0.10884,-0.2,0.029624
357,-0.08481570000000005,0.06889679999999998,0.18932000000000038,0.09847,-0.2,0.026972000000000003
358,-0.0810818000000002,0.027597600000000055,0.2029449999999997,0.088101,-0.2,0.024319999999999998
359,-0.03931729999999978,0.09993364999999987,0.13563599999999987,0.07912000000000001,-0.2,0.02203
360,0.012034799999999901,0.020719800000000066,0.23105950000000064,0.076362,-0.2,-0.022308
361,0.014623600000000625,0.03001194000000007,0.21975699999999954,0.072905,-0.2,-0.021447
362,0.026883000000000212,-0.049754259999999995,0.2561239999999998,0.069448,-0.2,-0.020587
363,0.01019799999999993,0.052789899999999945,0.25812099999999916,0.078328,-0.2,-0.013869999999999999
364,0.014731000000000272,0.07067003000000005,0.26688699999999876,0.074781,-0.2,-0.013543000000000001
365,0.024715000000000042,-0.03790293999999994,0.320453999999998,0.071235,-0.2,-0.013215000000000001
366,-0.007311999999999985,0.06104030000000005,0.35996700000000104,0.07935700000000001,-0.2,-0.0052694
367,-0.0011504999999998322,0.07448347000000011,0.3610100000000003,0.075786,-0.2,-0.0054816000000000005
368,0.0029538000000000064,-0.04831720000000006,0.41631600000000013,0.072214,-0.2,-0.005693800000000001
369,-0.03545947000000002,0.07971370000000011,0.17177299999999995,0.079454,-0.2,0.0033909999999999995
370,-0.036790930000000055,0.05551735000000002,0.27881799999999934,0.075933,-0.2,0.0026395
371,-0.03173309999999996,-0.04695409999999994,0.41656399999999927,0.072412,-0.2,0.0018881
372,-0.05427696000000004,0.05399559999999992,0.14968700000000013,0.07861900000000001,-0.2,0.012010999999999999
373,-0.046872399999999925,0.052173959999999964,0.14672649999999976,0.075224,-0.2,0.01073
374,-0.06031955,-0.05954045000000002,0.29748399999999897,0.07182999999999999,-0.2,0.0094498
375,-0.06240139999999994,0.08082587000000008,0.11930399999999786,0.07622999999999999,-0.2,0.020322
376,-0.05162710000000015,0.057858899999999935,0.07652149999999835,0.07334,-0.2,0.018615
377,-0.07173059999999998,-0.05242199999999991,0.1401810000000001,0.07045,-0.2,0.016907
378,0.0421589,-0.19120694000000005,0.14198599999999928,0.060328999999999994,-0.2,-0.018055
379,0.003569399999999945,-0.38027260000000007,-0.05688299999999913,0.051209000000000005,-0.2,-0.015522999999999999
380,-0.05073149999999993,-0.4955017000000006,-0.143281,0.042089999999999995,-0.2,-0.012991999999999998
381,0.022045999999999566,-0.22584990000000005,0.22619700000000087,0.06150800000000001,-0.2,-0.011678000000000001
382,-0.027264299999999686,-0.44828060000000036,-0.02777999999999814,0.051780999999999994,-0.2,-0.010140999999999999
383,-0.07967099999999983,-0.5741624000000001,-0.12673799999999957,0.042054,-0.2,-0.0086046
384,-0.020069199999999787,-0.2174898500000001,0.32815699999999914,0.06204400000000001,-0.2,-0.0051972
385,-0.06554280000000001,-0.44325780000000004,0.08450000000000202,0.051874,-0.2,-0.004700500000000001
386,-0.09226010000000007,-0.6184599999999998,0.035894999999998234,0.041703,-0.2,-0.004203899999999999
387,-0.06875882999999997,-0.21494919999999984,0.5629039999999996,0.061963,-0.2,0.0013215
388,-0.08861366000000001,-0.4728460000000001,0.3085969999999989,0.051514,-0.2,0.00075489
389,-0.08341998,-0.5064860000000002,-0.038111999999999924,0.041065,-0.2,0.0001883
390,-0.11019835999999994,-0.17105104000000004,0.6210179999999994,0.061270000000000005,-0.2,0.007817000000000001
391,-0.10808649999999997,-0.43088279999999957,0.3581759999999985,0.050710000000000005,-0.2,0.0061842
392,-0.0679059999999998,-0.4846889999999999,-0.15713299999999997,0.04015,-0.2,0.0045513
393,-0.1418797999999999,-0.17022540000000008,0.3716404999999998,0.059953,-0.2,0.014225999999999999
394,-0.13195040000000002,-0.5273965,0.2694820000000018,0.049456,-0.2,0.011545
395,-0.06765050000000006,-0.5479877999999996,-0.11777600000000099,0.038959,-0.2,0.0088632
396,0.06684000000000001,0.24557939999999956,0.01010500000000114,-0.12150999999999999,-0.2,-0.057444
397,-4.1791883,-2.7598267000000005,7.924875,-0.13096,-0.2,-0.06185499999999999
398,0.09168529999999997,0.17340749999999994,-0.22256900000000002,-0.11205999999999999,-0.2,-0.053032
399,0.1329229999999999,0.03668569999999993,-0.2064350000000008,-0.10260999999999999,-0.2,-0.048621
400,0.13582500000000053,0.09257499999999985,-0.2053805000000004,-0.093159,-0.2,-0.044209
401,0.11765800000000048,-0.004173699999999947,-0.19737700000000125,-0.083708,-0.2,-0.039798
402,0.1214429999999993,0.006344800000000039,-0.21555000000000035,-0.07499,-0.2,-0.035727999999999996
403,0.3171993999999998,-0.008675699999999953,-1.071864999999999,-0.12685,-0.2,-0.044427999999999995
404,-3.567992,-2.5219270000000003,9.318453,-0.13671,-0.2,-0.047827999999999996
405,0.056380200000000436,0.13566790000000029,-0.19276900000000197,-0.11699000000000001,-0.2,-0.041029
406,0.09916600000000031,0.008795100000000056,-0.2265580000000007,-0.10712999999999999,-0.2,-0.037629
407,0.1168733999999998,0.10844874999999998,-0.29400200000000076,-0.097272,-0.2,-0.034230000000000003
408,0.0992143999999997,-0.012417899999999982,-0.3062880000000021,-0.08741399999999999,-0.2,-0.03083
409,0.07472730000000016,0.0022688399999999387,-0.2867350000000002,-0.078319,-0.2,-0.027694
410,0.12324029999999997,-0.0432557999999994,-1.0314300000000003,-0.1308,-0.2,-0.030927999999999997
411,-2.632597,-2.5917985,9.773978,-0.14096,-0.2,-0.033277999999999995
412,0.007539500000000032,0.06223529999999977,-0.055406999999998874,-0.12064000000000001,-0.2,-0.028576999999999998
413,0.053290700000000246,0.0029219600000000012,-0.1505320000000001,-0.11048,-0.2,-0.026226
414,0.07397829999999983,0.13849480000000014,-0.26414699999999947,-0.10032999999999999,-0.2,-0.023875999999999998
415,0.06325409999999998,-0.02244080000000004,-0.31985800000000175,-0.090167,-0.2,-0.021525
416,0.03676400000000024,-0.0069649399999999195,-0.29936000000000007,-0.080795,-0.2,-0.019357
417,-0.03730460000000013,-0.26558829999999967,-0.9541780000000006,-0.13333,-0.2,-0.017088
418,-1.6078756,-2.6972346000000003,9.993689,-0.14368,-0.2,-0.018364
419,0.02017800000000003,0.07871169999999994,-0.13841300000000167,-0.12297999999999999,-0.2,-0.015811000000000002
420,0.051392399999999894,0.022023499999999974,-0.24198800000000098,-0.11263,-0.2,-0.014535
421,0.05599109999999996,0.13020882999999994,-0.326137000000001,-0.10228,-0.2,-0.013259
422,0.038737699999999986,-0.02478899999999995,-0.3124960000000012,-0.091929,-0.2,-0.011982
423,0.013441199999999931,-0.0029687999999999937,-0.227703,-0.08238,-0.2,-0.010805
424,-0.11062649999999985,-0.19954179999999955,-1.0567830000000011,-0.13442,-0.2,-0.0030577
425,-0.5371175,-2.6633007999999996,9.9688635,-0.14485,-0.2,-0.0032454999999999997
426,0.006514880000000001,0.11039259999999995,-0.233943,-0.12399,-0.2,-0.0028698
427,0.013678429999999964,0.021412100000000045,-0.22693600000000202,-0.11355,-0.2,-0.0026819
428,-0.0005750300000000319,0.09421795,-0.16493400000000058,-0.10312,-0.2,-0.0024941
429,-0.010691000000000006,-0.026878499999999916,-0.23151799999999767,-0.092684,-0.2,-0.0023061999999999996
430,-0.020981010000000022,0.01941320000000002,-0.00885000000000069,-0.083057,-0.2,-0.0021328000000000002
431,-0.21436485000000005,-0.13181839999999978,-1.1781059999999997,-0.13405999999999998,-0.2,0.011015
432,0.5138748,-2.7080990000000003,9.8823395,-0.14445999999999998,-0.2,0.01192
433,-0.02162005999999994,0.05124870000000037,-0.2308640000000004,-0.12365,-0.2,0.010111
434,-0.017686199999999985,0.021587400000000034,-0.26330399999999976,-0.11325,-0.2,0.009207
435,-0.03185826000000003,0.15188696999999995,-0.32947799999999816,-0.10285,-0.2,0.008302799999999999
436,-0.048956259999999974,-0.010976700000000061,-0.3154950000000003,-0.092442,-0.2,0.0073985
437,-0.061466699999999985,0.008987200000000084,-0.29035999999999973,-0.082843,-0.2,0.006564399999999999
438,0.13824859999999983,0.0008998999999999535,-0.24026699999999934,-0.071784,-0.2,-0.034212
439,0.13376500000000036,-0.17140480000000013,-0.27008150000000164,-0.068578,-0.2,-0.032695999999999996
440,0.19856500000000032,-0.37654300000000007,-0.295342999999999,-0.065372,-0.2,-0.031180000000000003
441,0.07827739999999972,0.005179060000000013,-0.29094899999999946,-0.074972,-0.2,-0.026521
442,0.0696154,-0.1487543,-0.3015915000000007,-0.071625,-0.2,-0.025348
443,0.14118629999999976,-0.372665,-0.3214080000000017,-0.06827799999999999,-0.2,-0.024175
444,0.026500700000000155,0.004983100000000018,-0.2647970000000015,-0.07734400000000001,-0.2,-0.01854
445,0.008822100000000166,-0.1230331,-0.22091399999999872,-0.073892,-0.2,-0.017723
446,0.07311600000000018,-0.35244659999999994,-0.2135239999999996,-0.07044,-0.2,-0.016906
447,0.007907700000000073,0.01612714999999998,-0.1936150000000012,-0.07886,-0.2,-0.010353
448,-0.012814699999999846,-0.0840856000000001,-0.16563500000000175,-0.07534099999999999,-0.2,-0.0099005
449,0.04299619999999993,-0.31869380000000036,-0.22314799999999835,-0.07182100000000001,-0.2,-0.0094484
450,-0.019230950000000024,0.04037599999999997,-0.09568700000000163,-0.07950700000000001,-0.2,-0.0020508
451,-0.03950347999999998,-0.034383400000000064,-0.1448509999999974,-0.075956,-0.2,-0.0019689
452,0.0019916199999999717,-0.2576255999999999,-0.22015799999999963,-0.072406,-0.2,-0.001887
453,-0.057181499999999996,0.029799199999999804,-0.2876329999999996,-0.07929800000000001,-0.2,0.0062745
454,-0.07620499999999986,-0.01931399999999983,-0.26493399999999845,-0.075754,-0.2,0.0059845
455,-0.039962300000000006,-0.2535986000000001,-0.31206700000000076,-0.07220900000000001,-0.2,0.0056946
456,0.11281099999999977,-0.3676921000000002,-0.07918300000000045,-0.055504,-0.2,-0.026534
457,-0.07754659999999891,-0.18955800000000078,0.21841700000000053,-0.045635,-0.2,-0.021889
458,0.030356600000000178,-0.29558660000000003,-0.1000949999999996,-0.035767,-0.2,-0.017243
459,-0.03933040000000032,0.0005356600000000211,-0.08271799999999985,-0.025898,-0.2,-0.012598
460,0.09082300000000032,-0.39390670000000005,-0.05560399999999888,-0.058013999999999996,-0.2,-0.020483
461,-0.010308000000000206,-0.44770670000000035,0.07782899999999948,-0.047749,-0.2,-0.016791
462,-0.012860799999999895,-0.21743549999999967,-0.005660999999999916,-0.037485000000000004,-0.2,-0.013099000000000001
463,-0.04648199999999969,-0.02937606000000001,-0.05308400000000013,-0.027219999999999998,-0.2,-0.0094076
464,0.07217299999999982,-0.49661290000000013,-0.06824000000000119,-0.059941999999999995,-0.2,-0.014224
465,0.008280000000000065,-0.5135842999999998,-0.03645200000000237,-0.049443,-0.2,-0.011542
466,-0.01314560000000009,-0.17114009999999968,0.023741000000001122,-0.038945,-0.2,-0.008860799999999999
467,-0.020108999999999932,0.004583369999999989,-0.10860199999999942,-0.028447000000000004,-0.2,-0.0061792999999999996
468,0.05603029999999998,-0.5053650000000003,-0.35948400000000014,-0.06126,-0.2,-0.0078154
469,0.003155500000000089,-0.36267799999999983,-0.12378799999999934,-0.0507,-0.2,-0.0061824
470,-0.0027449999999999974,-0.2059318000000001,0.06773399999999974,-0.040139,-0.2,-0.0045494
471,-0.034026979999999984,-0.008572000000000024,-0.1845012999999991,-0.029577999999999997,-0.2,-0.0029164
472,0.029264349999999995,-0.41014779999999984,-0.13399000000000072,-0.061956,-0.2,-0.0013201999999999999
473,0.010795399999999983,-0.43866400000000016,0.014132000000000033,-0.051505999999999996,-0.2,-0.00075349
474,0.019727910000000015,-0.3341932000000001,0.1323249999999998,-0.041056,-0.2,-0.00018676
475,-0.019227669999999975,0.039496600000000104,0.04668950000000027,-0.030606,-0.2,0.00037997
476,0.006754300000000102,-0.39359959999999994,-0.21994899999999973,-0.062038,-0.2,0.0051981
477,0.0025306000000000495,-0.4092335999999994,-0.13540300000000016,-0.051866999999999996,-0.2,0.0047016
478,0.025704499999999797,-0.36414450000000054,-0.0362820000000017,-0.041697000000000005,-0.2,0.0042049999999999995
479,-0.0002351000000000436,-0.0292481,-0.005367999999999817,-0.031526,-0.2,0.0037085
480,-0.0017133000000000287,0.17335500000000037,-0.07942039999999961,-0.021123,-0.2,-0.010702
481,-0.007603000000000026,0.07648259999999985,-0.09566000000000052,-0.022504,-0.2,-0.007370699999999999
482,-0.031206349999999994,-0.19276370000000043,-0.15156650000000038,-0.023806,-0.2,-0.0040087
483,-0.049842099999999945,-0.04261550000000014,-0.10060599999999997,-0.025029,-0.2,-0.00061904
484,-0.04326289999999977,0.06914319999999985,-0.12429449999999953,-0.026168,-0.2,0.0027967
485,-0.04356080000000029,0.012434450000000041,-0.1621347000000002,-0.027217,-0.2,0.006236600000000001
486,0.015508799999999878,-0.05007099999999998,-0.06993099999999997,-0.016296,-0.2,-0.0087634
487,-0.003874199999999939,-0.05272099999999913,-0.11846720000000044,-0.017719,-0.2,-0.0053283
488,-0.03869932999999999,-0.0713045000000001,-0.13090590000000013,-0.019081,-0.2,-0.0018698
489,-0.06297319999999984,-0.06690400000000007,-0.12162810000000013,-0.020381,-0.2,0.0016093
490,-0.0813991999999999,0.16723199999999983,-0.14941309999999985,-0.021615000000000002,-0.2,0.005107
491,-0.08937270000000064,0.16438439999999965,-0.16699100000000033,-0.022778,-0.2,0.008621
492,0.013772200000000012,-0.5440167000000002,-0.05857829999999997,-0.011438,-0.2,-0.006795999999999999
493,-0.03748090000000004,-0.3327607000000006,-0.09394419999999992,-0.012891,-0.2,-0.0032876
494,-0.057440099999999994,-0.3290778000000003,-0.09128899999999973,-0.014301,-0.2,0.00023711
495,-0.07956660000000015,-0.23742340000000084,-0.08988299999999994,-0.015666,-0.2,0.0037753
496,-0.10257279999999991,-0.04966179999999998,-0.09756220000000049,-0.016982,-0.2,0.0073248
497,-0.10881120000000033,0.07608449999999989,-0.10051160000000037,-0.018246000000000002,-0.2,0.010883
498,-0.01765725000000007,-0.25296629999999976,-0.008109560000000071,-0.0065661999999999995,-0.2,-0.004806100000000001
499,-0.04646505000000001,-0.5213350000000005,-0.030242400000000114,-0.0080387,-0.2,-0.0012503
500,-0.05719350000000012,-0.29694850000000006,-0.030966200000000166,-0.0094849,-0.2,0.0023147
501,-0.08128489999999977,-0.1406489999999998,-0.03940379999999988,-0.010903,-0.2,0.0058861
502,-0.09999249999999993,-0.014060299999999692,-0.051406800000000086,-0.012291,-0.2,0.009461399999999998
503,-0.09718760000000026,0.13634020000000024,-0.0573368000000003,-0.013646,-0.2,0.013037
504,-0.03697438,0.1990830000000008,0.032538540000000005,-0.0016882000000000002,-0.2,-0.0027988
505,-0.06409730000000002,-0.4471943999999999,0.02367887000000002,-0.0031703000000000005,-0.2,0.00078081
506,-0.08243910000000021,-0.4917340000000001,0.015602270000000001,-0.0046434,-0.2,0.0043624
507,-0.11708609999999986,-0.6714080000000004,0.001868770000000075,-0.0061056999999999995,-0.2,0.007943500000000001
508,-0.1203091999999999,-0.5154205000000003,-0.011071249999999977,-0.0075553,-0.2,0.011521
509,-0.10767750000000031,0.10548170000000034,-0.02820789999999984,-0.0089911,-0.2,0.015091
510,-0.05627648000000002,-0.12047149999999895,0.0977068000000001,0.0031886999999999996,-0.2,-0.00077766
511,-0.09126900000000004,-0.1783083999999997,0.0769093999999999,0.0017067999999999999,-0.2,0.002802
512,-0.11614579999999974,-0.3000815000000001,0.0555121999999999,0.00021659999999999998,-0.2,0.0063765
513,-0.14121300000000003,-0.14470400000000083,0.044562250000000025,-0.0012797000000000002,-0.2,0.0099434
514,-0.1635924000000002,0.17251800000000017,0.028625170000000033,-0.0027813000000000004,-0.2,0.013499
515,-0.1504500000000002,0.22663970000000022,-0.0021691800000000205,-0.0042882,-0.2,0.01704
516,-0.06341379999999996,0.05738799999999955,0.09885199999999994,0.0080569,-0.2,0.0012534
517,-0.08358120000000002,0.10259400000000074,0.07047999999999988,0.0065851,-0.2,0.004809300000000001
518,-0.09454969999999996,0.05708330000000039,0.05106199999999994,0.0050877,-0.2,0.0083529
519,-0.09822599999999948,0.0838940000000008,0.03461039999999982,0.0035671,-0.2,0.011881999999999998
520,-0.10593360000000018,0.18235059999999992,0.024320300000000072,0.0020235,-0.2,0.015392
521,-0.10766149999999985,0.2006247000000001,0.008608600000000077,0.00045534,-0.2,0.01888
522,-0.050921400000000006,0.22717339999999986,0.02948740000000072,0.012909,-0.2,0.0032906999999999997
523,-0.05042340000000012,0.20393579999999956,0.007153000000000631,0.011457,-0.2,0.0067992
524,-0.042509700000000095,0.1735660000000001,-0.014889800000000175,0.0099625,-0.2,0.010288
525,-0.04118310000000003,0.17555250000000022,-0.02091630000000011,0.0084276,-0.2,0.013756
526,-0.06516500000000036,0.12698029999999982,-0.006477500000000358,0.0068516,-0.2,0.017197
527,-0.047147000000000716,0.023948087000000007,-0.02318869999999995,0.005232,-0.2,0.020608
528,-0.04167960000000015,0.050897269999999994,-0.05305040000000005,0.017736000000000002,-0.2,0.005331399999999999
529,-0.02917340000000035,0.046395899999999934,-0.07288199999999989,0.016315,-0.2,0.0087667
530,-0.007219799999999665,0.049178020000000044,-0.07066700000000026,0.014833,-0.2,0.012175
531,-0.013045500000000487,0.05457596000000001,-0.03079900000000002,0.013295,-0.2,0.015555000000000001
532,-0.05014170000000018,0.08331566000000001,-0.001868599999999887,0.011696999999999999,-0.2,0.018902000000000002
533,-0.020872400000000013,-0.024231799999999915,-0.023918599999999124,0.010037,-0.2,0.02221
534,-0.04017550000000014,0.024745799999999818,-0.1372523000000001,0.022521,-0.2,0.0073736999999999995
535,-0.01965429999999957,0.040220000000000145,-0.1493304999999996,0.021143000000000002,-0.2,0.010705
536,-0.012298999999999616,-0.006790799999999875,-0.12998500000000046,0.019687,-0.2,0.014003
537,-0.040470000000000006,-0.12067169999999994,-0.08900470000000027,0.018157,-0.2,0.017265
538,-0.05530930000000023,-0.21135420000000016,-0.07350969999999979,0.016551,-0.2,0.020487000000000002
539,-0.018560000000000798,-0.2602540000000002,-0.08715370000000089,0.014862,-0.2,0.023662
540,-0.05130899999999983,-0.35409900000000016,-0.18194800000000022,0.027237,-0.2,0.009410600000000002
541,-0.03913580000000039,-0.34310620000000025,-0.18730599999999953,0.025918,-0.2,0.012601000000000001
542,-0.06585100000000033,-0.3717617999999998,-0.15169100000000135,0.024503,-0.2,0.015750999999999998
543,-0.08030540000000119,-0.38878929999999956,-0.1404369999999986,0.022997999999999998,-0.2,0.018858
544,-0.06366370000000021,-0.38643300000000025,-0.14516199999999913,0.021398,-0.2,0.021918
545,-0.060332499999999456,-0.41685599999999967,-0.12347899999999878,0.019696,-0.2,0.024922
546,-0.04747750000000028,-0.019439000000000206,0.005282000000001119,0.1255,-0.2,0.048132
547,3.2405162,-2.8781555,-8.238416,0.13537000000000002,-0.2,0.051749
548,-0.06387900000000002,0.0831660000000003,0.18150500000000136,0.11562,-0.2,0.044515
549,-0.07656779999999985,0.15845960000000003,0.16668099999999875,0.10574000000000001,-0.2,0.040898000000000004
550,-0.10729919999999948,0.07870860000000002,0.19031799999999954,0.09586499999999999,-0.2,0.037281
551,-0.09058399999999978,0.038879949999999996,0.15176899999999982,0.085987,-0.2,0.033664
552,-0.035031000000000034,0.11232359999999997,0.08855599999999875,0.077299,-0.2,0.030487
553,-0.04194999999999993,-0.00039820000000023725,-0.00993200000000094,0.11955999999999999,-0.2,0.061561000000000005
554,3.9864080000000004,-3.1116787999999995,-7.8141283999999995,0.12893,-0.2,0.066307
555,-0.1007769999999999,0.07443199999999983,0.18539449999999924,0.11018,-0.2,0.056815
556,-0.1358012999999998,0.14951570000000003,0.2254839999999998,0.1008,-0.2,0.052067999999999996
557,-0.13803170000000087,0.09025159999999993,0.21418099999999995,0.091423,-0.2,0.047320999999999995
558,-0.07770600000000005,0.04797800000000002,0.08567000000000036,0.082045,-0.2,0.042574
559,-0.034921199999999875,0.11622955000000001,0.0744170000000004,0.07371799999999999,-0.2,0.038367
560,-0.1102634999999994,0.020312999999999803,0.04325399999999924,0.11212000000000001,-0.2,0.07422899999999999
561,4.680877,-3.4031565,-7.2254934,0.12086,-0.2,0.080032
562,-0.17425999999999942,0.13127799999999956,0.2226020000000002,0.10338,-0.2,0.068426
563,-0.1655414000000004,0.19447590000000003,0.22558100000000003,0.094639,-0.2,0.062623
564,-0.19288799999999995,0.09490180000000004,0.24451,0.085897,-0.2,0.05682
565,-0.14273000000000025,0.052146219999999965,0.1734940000000016,0.077155,-0.2,0.051016000000000006
566,-0.05801899999999982,0.1128882,0.13172999999999924,0.069319,-0.2,0.045823
567,-0.12353199999999998,0.08596439999999994,0.02058500000000052,0.10334000000000002,-0.2,0.086001
568,5.2711935,-3.5892475,-6.514665,0.11133,-0.2,0.092775
569,-0.17567400000000077,0.17282039999999999,0.16601100000000102,0.095355,-0.2,0.07922699999999999
570,-0.20613819999999983,0.20531860000000002,0.2147369999999995,0.08737,-0.2,0.072453
571,-0.2912277000000003,0.09909085000000001,0.28980100000000064,0.07938400000000001,-0.2,0.065678
572,-0.24121299999999923,0.05560509999999996,0.26046499999999995,0.071398,-0.2,0.058903
573,-0.09855740000000068,0.12124029999999986,0.19331199999999882,0.06417,-0.2,0.052782
574,-0.08136749999999981,0.11029559999999972,0.011207299999999698,0.093334,-0.2,0.096751
575,5.8634477,-3.5742227999999994,-5.689357299999999,0.10046000000000001,-0.2,0.1044
576,-0.1624333,0.14668459999999994,0.1531589999999996,0.086211,-0.2,0.089101
577,-0.18211200000000005,0.16352160000000016,0.16849699999999945,0.079088,-0.2,0.081451
578,-0.29515650000000004,0.09605255000000007,0.21693099999999976,0.071965,-0.2,0.073801
579,-0.29864029999999975,0.053849499999999995,0.21286640000000023,0.064841,-0.2,0.066151
580,-0.18599499999999924,0.12255035999999997,0.2009173999999998,0.058329,-0.2,0.05917000000000001
581,-0.03270149999999994,0.11406399999999994,-0.025733999999999924,0.08227999999999999,-0.2,0.10643
582,6.365501999999999,-3.5232282,-4.8004084,0.08845700000000001,-0.2,0.11485999999999999
583,-0.1403389999999991,0.13923039999999975,0.11117959999999982,0.076103,-0.2,0.097996
584,-0.17913529999999955,0.16456660000000012,0.13550849999999937,0.069926,-0.2,0.089564
585,-0.3229419999999994,0.10752374000000003,0.1794525999999994,0.06375,-0.2,0.08113200000000001
586,-0.34632749999999923,0.06298113999999999,0.17676600000000064,0.057573,-0.2,0.072701
587,-0.2346900000000005,0.13786369999999992,0.16305999999999976,0.051865999999999995,-0.2,0.06493
588,-0.05869060000000026,0.09219940000000004,0.11132199999999948,0.074296,-0.2,0.028383999999999996
589,-0.0581577000000002,0.08302612999999992,0.10487599999999908,0.071293,-0.2,0.02628
590,-0.0961786,-0.028890300000000035,0.20721900000000026,0.06829,-0.2,0.024177
591,-0.04980740000000017,0.09027432999999996,0.10137899999999966,0.07094,-0.2,0.035972000000000004
592,-0.05823779999999967,0.08074165,0.11356800000000078,0.068163,-0.2,0.033576999999999996
593,-0.12195299999999998,-0.024802979999999974,0.24898799999999888,0.065385,-0.2,0.031181999999999998
594,-0.06782040000000134,0.07472540000000005,0.14856200000000008,0.066801,-0.2,0.043164
595,-0.07635199999999998,0.05085059999999986,0.16815300000000022,0.06428400000000001,-0.2,0.040505
596,-0.16169430000000062,-0.04466583999999996,0.31758800000000065,0.061766999999999996,-0.2,0.037846
597,-0.09477399999999925,0.07878879999999999,0.17761899999999997,0.061937,-0.2,0.049887
598,-0.0904095999999992,0.04578853999999999,0.18692700000000073,0.05970399999999999,-0.2,0.046991000000000005
599,-0.18278770000000044,-0.04031185999999998,0.3285599999999995,0.057472,-0.2,0.044095999999999996
600,-0.19069499999999984,0.09991719999999982,0.23037700000000072,0.056401,-0.2,0.05606799999999999
601,-0.189203,0.07628526000000002,0.2896253,0.054474,-0.2,0.052965
602,-0.27663800000000016,-0.02981522999999997,0.43465800000000065,0.052547,-0.2,0.049863
603,-0.22183500000000045,0.13007099999999994,0.15683369999999996,0.050259,-0.2,0.061647
604,-0.20547700000000102,0.11720594999999989,0.16987799999999975,0.048652999999999995,-0.2,0.058365
605,-0.2845110000000002,-0.017341349999999978,0.26245970000000085,0.047047000000000005,-0.2,0.05508300000000001
606,-0.19278300000000037,-0.21473680000000006,0.44649600000000156,0.058026999999999995,-0.2,0.020485
607,-0.18746839999999976,-0.5497369999999999,0.2751059999999992,0.047763,-0.2,0.016794
608,-0.08066659999999981,-0.6027533000000003,-0.09106000000000058,0.0375,-0.2,0.013102
609,-0.2497992999999994,-0.21658964999999997,0.5132770000000004,0.055518,-0.2,0.026537
610,-0.22088700000000028,-0.5482172000000003,0.2785219999999988,0.045652,-0.2,0.021892
611,-0.12407500000000038,-0.6011298000000003,-0.06016999999999939,0.035785000000000004,-0.2,0.017247
612,-0.30095449999999957,-0.1851261500000001,0.5460399999999996,0.052451,-0.2,0.032323000000000005
613,-0.23015199999999947,-0.5356909999999999,0.25263299999999944,0.043135,-0.2,0.026799
614,-0.10945599999999978,-0.5325629999999997,-0.11150600000000033,0.033819,-0.2,0.021275
615,-0.30960699999999974,-0.05446160000000022,0.48695099999999947,0.048853,-0.2,0.037787
616,-0.21221770000000006,-0.4995542999999998,0.1881699999999995,0.040235,-0.2,0.031477
617,-0.0894964000000007,-0.48036780000000023,-0.13225399999999965,0.031616000000000005,-0.2,0.025168
618,-0.38517699999999966,-0.08826240000000007,0.5294720000000002,0.04476,-0.2,0.042876
619,-0.27532700000000077,-0.5105087000000004,0.22297799999999945,0.036972000000000005,-0.2,0.03589
620,-0.12666400000000078,-0.5134461999999997,-0.0784679999999991,0.029185000000000003,-0.2,0.028904000000000003
621,-0.3971530000000012,-0.14618219999999993,0.35486499999999843,0.040208999999999995,-0.2,0.047543
622,-0.3304600000000004,-0.5155799999999999,0.19851000000000063,0.033371,-0.2,0.040001999999999996
623,-0.18161699999999925,-0.5724147000000004,-0.023433000000000703,0.026534,-0.2,0.032462
624,0.03116170000000018,0.17745349999999993,-0.1100399999999997,-0.13219,-0.2,0.024973
625,1.2050266,-2.8811727000000005,8.734048,-0.14244,-0.2,0.02696
626,-0.04893360000000002,0.04324730000000043,-0.2242639999999998,-0.12194,-0.2,0.022986000000000003
627,-0.04745479999999991,-0.009493500000000044,-0.23337399999999953,-0.11169000000000001,-0.2,0.020999
628,-0.06566099999999975,0.15659584999999998,-0.26332100000000125,-0.10142999999999999,-0.2,0.019013
629,-0.0817821999999997,0.012011049999999912,-0.25103900000000046,-0.09118,-0.2,0.017026
630,-0.09073120000000046,0.03044285000000002,-0.22603300000000104,-0.08172,-0.2,0.015193
631,-0.4226625000000004,-0.010447200000000212,-1.1837479999999996,-0.12880999999999998,-0.2,0.038643000000000004
632,2.5829237000000003,-2.6071389,9.432361,-0.13879,-0.2,0.041689
633,-0.060921,0.1424122000000001,-0.24615599999999915,-0.11882999999999999,-0.2,0.035595999999999996
634,-0.04307799999999995,0.0036406600000000733,-0.15819100000000041,-0.10884,-0.2,0.03255
635,-0.06763460000000032,0.12822849999999997,-0.15547100000000036,-0.098857,-0.2,0.029502999999999998
636,-0.09602350000000026,0.020253650000000012,-0.21265700000000187,-0.088872,-0.2,0.026456999999999998
637,-0.1037552000000006,0.048614939999999995,-0.22300399999999954,-0.079661,-0.2,0.023646
638,-0.4721333999999997,-0.09909570000000034,-1.0393179999999997,-0.12403,-0.2,0.051886
639,3.6627970000000003,-2.6339363999999996,9.084427999999999,-0.13364,-0.2,0.055958
640,-0.0869194000000002,0.1830957999999998,-0.29514199999999846,-0.11442999999999999,-0.2,0.047813999999999995
641,-0.045401000000000025,0.056033599999999906,-0.21345400000000048,-0.10482000000000001,-0.2,0.043742
642,-0.06182940000000059,0.12337790000000004,-0.13669699999999985,-0.09521,-0.2,0.03967
643,-0.09117940000000058,0.016449500000000117,-0.20357599999999998,-0.085602,-0.2,0.035598000000000005
644,-0.10180999999999951,0.03999900000000001,-0.2588550000000005,-0.076738,-0.2,0.031841
645,-0.08046510000000051,0.05333330000000003,-0.2249750000000006,-0.078224,-0.2,0.014534
646,-0.09141629999999967,0.035598999999999936,-0.20508200000000265,-0.074728,-0.2,0.013875
647,-0.06636100000000011,-0.16603049999999975,-0.26053000000000104,-0.07123099999999999,-0.2,0.013216
648,-0.08799670000000015,0.07321520000000004,-0.22361199999999926,-0.07625599999999999,-0.2,0.022627
649,-0.09020299999999981,0.07589069999999987,-0.20113999999999876,-0.072851,-0.2,0.021606999999999998
650,-0.07029750000000057,-0.11129359999999999,-0.2530270000000012,-0.06944700000000001,-0.2,0.020587
651,-0.09498030000000046,0.05732640000000011,-0.27823899999999924,-0.073461,-0.2,0.030472000000000003
652,-0.10164099999999987,0.059661399999999976,-0.27253099999999897,-0.070184,-0.2,0.029102999999999997
653,-0.08939270000000032,-0.1518876,-0.32720099999999874,-0.06690700000000001,-0.2,0.027733999999999998
654,-0.010888299999999962,-0.2819379999999998,-0.20044099999999965,-0.061503999999999996,-0.2,0.011679
655,-0.0008337000000002703,-0.41986349999999995,-0.12213200000000057,-0.051775999999999996,-0.2,0.010142
656,0.03618690000000013,-0.4114434,-0.04671300000000045,-0.042049,-0.2,0.0086053
657,0.009983899999999934,-0.12155829999999979,-0.04845800000000011,-0.032322000000000004,-0.2,0.0070686
658,-0.016527700000000145,-0.3175870000000005,-0.21194299999999977,-0.060327,-0.2,0.018055
659,0.016452000000000133,-0.4662239999999995,-0.07089699999999866,-0.051207,-0.2,0.015524000000000001
660,0.05648410000000004,-0.44386499999999973,-0.006724999999999426,-0.042088,-0.2,0.012991999999999998
661,0.027844200000000097,-0.2230757999999997,-0.04561599999999988,-0.032968,-0.2,0.010459999999999999
662,-0.03168099999999985,-0.3905470000000002,-0.264975999999999,-0.058539,-0.2,0.024271
663,0.03360770000000013,-0.46266429999999925,-0.062353999999997356,-0.050172,-0.2,0.020808
664,0.06586270000000027,-0.45614240000000006,-0.023364999999998304,-0.041804,-0.2,0.017345
665,0.03655400000000064,-0.33611570000000013,-0.05830140000000128,-0.033436,-0.2,0.013881999999999999
666,-0.05110210000000004,0.08104390000000006,-0.17905529999999992,-0.028163,-0.2,0.0096992
667,-0.04288120000000051,-0.1336900000000001,-0.17237599999999986,-0.028986,-0.2,0.013183000000000002
668,-0.014598000000000333,-0.3444967000000001,-0.15733200000000114,-0.029658999999999998,-0.2,0.016684
669,-0.08549640000000025,-0.003648399999999996,-0.1673960000000001,-0.02386,-0.2,0.012149
670,-0.06450900000000015,0.021019200000000016,-0.13677199999999967,-0.024842,-0.2,0.015688
671,-0.011223000000000205,-0.2721017999999997,-0.10288900000000023,-0.025705000000000002,-0.2,0.019232
672,-0.11707570000000089,-0.09146889999999974,-0.1064882000000007,-0.019451,-0.2,0.014445
673,-0.10171250000000054,0.056327959999999955,-0.07028799999999968,-0.020581,-0.2,0.018009
674,-0.05024430000000013,-0.16173920000000042,-0.03249800000000036,-0.021621,-0.2,0.021565
675,-0.11460240000000077,0.030504899999999946,-0.06620280000000012,-0.014962999999999999,-0.2,0.016609
676,-0.0819870000000007,0.040347980000000006,-0.035368000000000066,-0.01623,-0.2,0.020171
677,-0.020158999999999594,-0.10414920000000016,-0.011193700000000195,-0.017437,-0.2,0.023714
678,-0.1099843000000007,0.03966120000000006,-0.042921999999999905,-0.010409999999999999,-0.2,0.018647999999999998
679,-0.05066229999999994,0.03729300000000002,-0.027752800000000244,-0.011805,-0.2,0.022186
680,0.0353210000000006,-0.09754299999999994,-0.005522000000000471,-0.013168000000000001,-0.2,0.025692000000000003
681,-0.14269100000000012,0.09663169999999988,-0.01722842999999999,-0.0057997,-0.2,0.020559
682,-0.11385730000000027,0.019518499999999883,-0.03175924000000002,-0.0073116,-0.2,0.024048
683,0.04632899999999829,-0.2025272999999994,-0.024569000000000063,-0.0088223,-0.2,0.027493
684,-0.03981900000000049,0.03312862999999999,-0.020703700000000103,-0.0011387,-0.2,0.022336
685,0.09254740000000083,0.013920699999999897,-0.05071879999999995,-0.0027581999999999997,-0.2,0.025752999999999998
686,0.15833100000000044,-0.2636877000000002,-0.06206929999999994,-0.0044059,-0.2,0.029113
687,0.03621199999999902,0.1255776999999998,-0.05542560000000041,0.0035652,-0.2,0.023979
688,0.1217789999999983,-0.18124199999999968,-0.09023080000000006,0.0018479,-0.2,0.027299
689,0.15826799999999785,-0.41184879999999957,-0.10961090000000007,7.290600000000001e-05,-0.2,0.030551
690,0.05744900000000008,-0.07395600000000035,-0.06160319999999997,0.008307799999999999,-0.2,0.025469
691,0.09877100000000105,-0.23002440000000002,-0.0920339999999995,0.0065033999999999995,-0.2,0.028667
692,0.07534399999999941,-0.4701633000000003,-0.11649049999999983,0.0046118,-0.2,0.031785
693,0.04667599999999972,-0.27497760000000016,-0.10366799999999987,0.013084,-0.2,0.026779
694,0.08930199999999999,-0.29567200000000016,-0.10942600000000002,0.011205,-0.2,0.029825
695,0.04427199999999942,-0.4471472000000003,-0.09292899999999982,0.009209299999999998,-0.2,0.032779
696,-0.0404719999999994,-0.45240440000000026,-0.10887500000000028,0.017884,-0.2,0.027860000000000003
697,-0.0034720000000003637,-0.45994049999999964,-0.10277799999999981,0.015946000000000002,-0.2,0.030716000000000004
698,0.019104999999999706,-0.44352820000000026,-0.09930540000000043,0.013862000000000001,-0.2,0.033468
699,-0.027597999999999345,0.09231049999999996,-0.043387000000000064,0.072672,-0.2,0.11317
700,6.802148299999999,-3.463129,-4.099815400000001,0.078176,-0.2,0.12205
701,-0.15319199999999888,0.15853929999999972,0.08605100000000032,0.06716799999999999,-0.2,0.1043
702,-0.20017800000000108,0.20028560000000017,0.12084140000000065,0.061664,-0.2,0.095429
703,-0.3523750000000003,0.12505522000000002,0.1605333,0.05616,-0.2,0.086556
704,-0.3773970000000002,0.08006828999999999,0.16500449999999933,0.050656,-0.2,0.077683
705,-0.27555050000000136,0.15667779999999998,0.16963500000000042,0.045573,-0.2,0.069502
706,-3.500000000045134e-05,0.11660170000000036,-0.05975459999999977,0.06253500000000001,-0.2,0.1191
707,7.2064330000000005,-3.3736002,-3.470014,0.06734,-0.2,0.12837
708,-0.13347500000000068,0.20995129999999973,0.060548300000000665,0.05773,-0.2,0.10983
709,-0.18126700000000007,0.23455019999999993,0.09536350000000038,0.052925,-0.2,0.10056
710,-0.3402010000000004,0.138977255,0.12058750000000007,0.048119999999999996,-0.2,0.09128700000000001
711,-0.37340200000000046,0.09378924,0.12453300000000045,0.043315,-0.2,0.08201599999999999
712,-0.27596429999999916,0.16780315999999995,0.13389339999999983,0.038879000000000004,-0.2,0.073466
713,0.02625799999999856,0.2686542000000003,-0.03284930000000008,0.051884000000000007,-0.2,0.12404000000000001
714,7.597332000000001,-3.0472324,-2.6627327999999997,0.055958,-0.2,0.13364
715,-0.10602999999999874,0.28756360000000036,0.06693510000000025,0.047810000000000005,-0.2,0.11442999999999999
716,-0.13061199999999928,0.2636966999999999,0.0857559999999995,0.043736000000000004,-0.2,0.10482999999999999
717,-0.2780590000000007,0.148591474,0.08347260000000034,0.039662,-0.2,0.095223
718,-0.3087259999999983,0.10002707500000001,0.06998850000000045,0.035588,-0.2,0.085618
719,-0.23087400000000002,0.16092168000000007,0.06802070000000082,0.031830000000000004,-0.2,0.07675599999999999
720,-0.265434700000001,0.1517231,0.16334469999999968,0.044059,-0.2,0.066235
721,-0.23959569999999974,0.15494017000000004,0.15260850000000037,0.042545,-0.2,0.062967
722,-0.2746719999999998,0.00371887999999998,0.1541484999999998,0.041031,-0.2,0.059699
723,-0.26991499999999924,0.15899030000000003,0.1326084999999999,0.037441,-0.2,0.070198
724,-0.2499899999999986,0.1578623,0.12304739999999992,0.036003,-0.2,0.06692999999999999
725,-0.2663170000000008,-0.004972000000000004,0.09069140000000075,0.034565,-0.2,0.063662
726,-0.24526099999999929,0.13290144999999987,0.07148600000000016,0.03046,-0.2,0.07347999999999999
727,-0.26104700000000136,0.04613390000000006,0.08963799999999988,0.029091000000000002,-0.2,0.070204
728,-0.3185570000000002,-0.016976706,0.0994754999999996,0.027721,-0.2,0.066929
729,-0.31196300000000043,-0.16800949999999992,0.12372200000000078,0.035244,-0.2,0.051739999999999994
730,-0.2646494999999991,-0.4732479999999999,0.03944900000000118,0.029457,-0.2,0.04378
731,-0.14796999999999905,-0.5685900000000004,-0.05379929999999966,0.023671,-0.2,0.03582
732,-0.29965200000000003,-0.2663466000000001,0.06646950000000107,0.029910000000000003,-0.2,0.055425999999999996
733,-0.24347299999999983,-0.46457630000000005,0.00911499999999954,0.025256,-0.2,0.047189
734,-0.09670099999999948,-0.5288080000000002,-0.08773129999999973,0.020600999999999998,-0.2,0.038952999999999995
735,-0.4256869999999999,-0.31668760000000007,0.11132950000000008,0.024256,-0.2,0.058563
736,-0.37774600000000014,-0.5334099999999995,0.07408399999999915,0.020791999999999998,-0.2,0.050198
737,-0.18936799999999998,-0.629642,-0.01884199999999936,0.017327000000000002,-0.2,0.041832999999999995
738,0.05657800000000002,0.23200339999999997,-0.16807899999999876,-0.11534000000000001,-0.2,0.068986
739,4.2107152999999995,-2.9341142000000002,7.7230506,-0.12426,-0.2,0.074379
740,-0.11292339999999967,0.16469040000000001,-0.23201300000000025,-0.10642,-0.2,0.063593
741,-0.0943170000000002,0.010342349999999945,-0.2126999999999999,-0.097497,-0.2,0.0582
742,-0.13548340000000003,0.12051615999999998,-0.17339400000000005,-0.088576,-0.2,0.05280700000000001
743,-0.15469830000000062,0.014395570000000024,-0.1776029999999995,-0.079654,-0.2,0.047414
744,-0.1662195000000004,0.03220740000000011,-0.2162140000000008,-0.071423,-0.2,0.042439
745,-0.025546299999999356,0.2837482999999996,-0.28475370000000044,-0.10447000000000001,-0.2,0.084797
746,5.113247,-2.8714156,6.8807535,-0.11255,-0.2,0.091419
747,-0.19793259999999968,0.21766960000000002,-0.33423100000000083,-0.096388,-0.2,0.078175
748,-0.16390800000000016,0.0841521999999999,-0.3181009999999995,-0.088308,-0.2,0.07155299999999999
749,-0.19528699999999954,0.18915534,-0.2719725000000013,-0.080229,-0.2,0.064932
750,-0.18783559999999966,0.018432400000000015,-0.1926514999999993,-0.072149,-0.2,0.05831
751,-0.1730135999999991,0.033477860000000026,-0.1508320000000003,-0.064694,-0.2,0.0522
752,0.0007929999999989334,0.26800449999999953,-0.12339499999999948,-0.09122999999999999,-0.2,0.098682
753,6.01903,-2.8876462000000003,6.193449,-0.098271,-0.2,0.10637
754,-0.15111950000000007,0.15876970000000012,-0.1649099999999999,-0.08419,-0.2,0.090994
755,-0.1267699999999996,0.004704450000000082,-0.1874342999999996,-0.077149,-0.2,0.08330599999999999
756,-0.18733339999999998,0.17262539999999998,-0.19590639999999926,-0.070109,-0.2,0.07561799999999999
757,-0.21458569999999888,0.021362900000000073,-0.1857830000000007,-0.063068,-0.2,0.06792999999999999
758,-0.21031499999999959,0.034254370000000034,-0.1585574000000003,-0.056572000000000004,-0.2,0.060837
759,0.068325999999999,0.2455866000000002,0.04766299999999912,-0.076283,-0.2,0.11069000000000001
760,6.903403,-2.9463703999999997,5.4032507,-0.082162,-0.2,0.11930999999999999
761,-0.1260159999999999,0.2031291000000004,-0.008830999999999811,-0.070405,-0.2,0.10207999999999999
762,-0.12700200000000095,0.05038189999999987,-0.11199079999999917,-0.064527,-0.2,0.09346
763,-0.23485200000000184,0.12167600000000006,-0.17845449999999907,-0.058648,-0.2,0.084843
764,-0.32758999999999894,0.009400400000000031,-0.20521099999999937,-0.052770000000000004,-0.2,0.076227
765,-0.33186300000000024,0.02135102,-0.1690839999999998,-0.047346,-0.2,0.068277
766,-0.05559350000000052,0.2567870000000001,-0.02989300000000039,-0.059771000000000005,-0.2,0.12045
767,7.395664,-2.9190466,4.275926999999999,-0.064364,-0.2,0.12982
768,-0.2597050000000003,0.18150449999999996,-0.05726799999999965,-0.055177,-0.2,0.11108
769,-0.2483039999999992,0.05319790000000002,-0.08774879999999996,-0.050582999999999996,-0.2,0.10171000000000001
770,-0.27933300000000116,0.1696618,-0.1014115999999996,-0.045989999999999996,-0.2,0.092347
771,-0.3160520000000009,0.015722139999999996,-0.12412400000000012,-0.041395999999999995,-0.2,0.082979
772,-0.35174899999999987,0.018028260000000018,-0.11214270000000015,-0.037158,-0.2,0.074337
773,0.03864999999999874,0.3035260000000002,-0.029895200000000344,-0.042005,-0.2,0.12768
774,7.938193300000001,-2.898431,3.1862277999999997,-0.045215,-0.2,0.13759000000000002
775,-0.16099200000000025,0.2616520000000002,-0.05701029999999996,-0.038794999999999996,-0.2,0.11775999999999999
776,-0.18062999999999896,0.096279,-0.05485740000000039,-0.035585000000000006,-0.2,0.10785
777,-0.2390220000000003,0.16956143,-0.04264650000000003,-0.032375,-0.2,0.09792999999999999
778,-0.3003359999999997,0.025768650000000004,-0.06761710000000054,-0.029164999999999996,-0.2,0.088013
779,-0.3558740000000018,0.023871816000000004,-0.06995429999999958,-0.026202999999999997,-0.2,0.078865
780,-0.05411400000000022,0.2502477999999999,-0.07677180000000017,-0.023424,-0.2,0.13246
781,8.108796,-2.98832,1.9468400000000001,-0.025192,-0.2,0.14274
782,-0.21343599999999796,0.18224799999999997,-0.06843219999999994,-0.021656,-0.2,0.12217
783,-0.19479299999999888,-0.0008169999999998456,-0.04736190000000007,-0.019888999999999997,-0.2,0.11188
784,-0.26159700000000186,0.16676673,-0.03789960000000003,-0.018121,-0.2,0.1016
785,-0.41183000000000014,0.05507110000000004,-0.045592499999999925,-0.016353,-0.2,0.091309
786,-0.49364200000000125,0.041020266000000014,-0.038072900000000076,-0.014722,-0.2,0.081818
787,0.051965499999999665,0.3051174999999997,-0.020010799999999995,-0.0043338000000000005,-0.2,0.13437000000000002
788,8.346206,-2.921322,0.79301274,-0.0046187,-0.2,0.14479
789,-0.0913789999999981,0.3045055999999997,-0.0020549699999999893,-0.0040488,-0.2,0.12394000000000001
790,-0.04879699999999865,0.2586109999999999,0.00021090999999995308,-0.0037639,-0.2,0.11352000000000001
791,-0.09716000000000058,0.15871359000000002,-0.007346549999999952,-0.0034789,-0.2,0.10309000000000001
792,-0.3181510000000003,0.07985732000000001,-0.00610858999999999,-0.0031940000000000002,-0.2,0.09267
793,-0.2982690000000012,0.07924803,0.04803619999999997,-0.002931,-0.2,0.083053
794,0.09588899999999967,0.3363077999999997,-0.018788499999999986,0.014834,-0.2,0.13364
795,8.416306,-2.8825006,-0.42803815,0.016036,-0.2,0.14400000000000002
796,-0.12327699999999986,0.3046083999999998,0.045216500000000215,0.013631,-0.2,0.12327
797,-0.1757300000000015,0.10227059999999999,0.06346589999999996,0.012429,-0.2,0.11291
798,-0.3228440000000017,0.16720469999999998,0.042746799999999974,0.011227,-0.2,0.10255
799,-0.3366139999999991,0.10163166200000001,0.05000810000000011,0.010025,-0.2,0.092182
800,-0.27136099999999885,0.08695560000000002,0.09447969999999972,0.008915799999999998,-0.2,0.082621
801,-0.02928300000000128,0.2959847999999998,-0.03145700000000007,0.033697000000000005,-0.2,0.13015
802,7.9673,-2.9490097,-1.6254635,0.036362,-0.2,0.14023
803,-0.18831899999999813,0.24872870000000002,0.044342799999999905,0.031032999999999998,-0.2,0.12005999999999999
804,-0.20109599999999972,0.10097699999999987,0.05805320000000025,0.028368,-0.2,0.10998
805,-0.3574380000000019,0.164197388,0.06662649999999992,0.025704,-0.2,0.09989400000000001
806,-0.4133869999999984,0.094543397,0.11574970000000029,0.023038999999999997,-0.2,0.089809
807,-0.3708570000000009,0.13464062000000004,0.18982270000000012,0.020581,-0.2,0.08050399999999999
808,-0.17302030000000013,0.047142499999999976,-0.2412510000000001,-0.068379,-0.2,0.040619999999999996
809,-0.18325059999999915,0.06370059999999989,-0.24832100000000068,-0.065335,-0.2,0.038801
810,-0.17268340000000038,-0.11532889999999996,-0.3006715,-0.062291,-0.2,0.036982999999999995
811,-0.16712670000000074,0.04696396000000003,-0.14447900000000047,-0.06193099999999999,-0.2,0.049960000000000004
812,-0.1538529999999998,0.07818359999999991,-0.12076199999999915,-0.059167,-0.2,0.047719
813,-0.10759400000000063,-0.0494812,-0.11774149999999928,-0.056403999999999996,-0.2,0.045478
814,-0.19982500000000059,0.040764770000000006,-0.1440039999999989,-0.054166,-0.2,0.058236
815,-0.1879419999999996,0.07064875999999998,-0.12636229999999937,-0.051759000000000006,-0.2,0.055635000000000004
816,-0.15878299999999967,-0.041249300000000044,-0.12677749999999932,-0.049352999999999994,-0.2,0.053035
817,-0.30417700000000103,0.01958579999999993,-0.13183599999999984,-0.045333,-0.2,0.065358
818,-0.2686460000000004,0.04540902000000002,-0.10719069999999942,-0.043318999999999996,-0.2,0.062438
819,-0.22758900000000004,-0.040679200000000026,-0.10930150000000083,-0.041305,-0.2,0.059519
820,-0.3416630000000005,0.007308059999999977,-0.08082259999999986,-0.035579,-0.2,0.07115700000000001
821,-0.32112499999999855,0.025391030000000037,-0.06958399999999942,-0.034,-0.2,0.067978
822,-0.31336900000000156,-0.04275300000000004,-0.0929467000000006,-0.03242,-0.2,0.06479800000000001
823,-0.3572179999999978,0.001610862000000001,-0.04210299999999956,-0.025093999999999998,-0.2,0.07549700000000001
824,-0.351719000000001,0.0027636199999999667,-0.031772600000000484,-0.023985,-0.2,0.072129
825,-0.3821039999999982,-0.12640240000000003,-0.05636189999999974,-0.022875,-0.2,0.06876
826,-0.477309,-0.0017833399999999944,-0.016147199999999917,-0.014102000000000002,-0.2,0.078318
827,-0.4443720000000013,0.0148801775,-0.00650473000000007,-0.013482,-0.2,0.074818
828,-0.44928099999999915,-0.10726230000000003,-0.02733279999999999,-0.012862,-0.2,0.07131799999999999
829,-0.28047100000000036,0.04390274000000002,0.07120450000000011,-0.0028156999999999995,-0.2,0.07950700000000001
830,-0.24185500000000104,0.020057619999999998,0.07474430000000021,-0.0027004,-0.2,0.075962
831,-0.2489840000000001,-0.06371879999999996,0.040145499999999945,-0.0025851,-0.2,0.072416
832,-0.2864679999999993,0.05758074000000002,0.11327830000000016,0.0085251,-0.2,0.079093
833,-0.28339799999999826,0.011797200000000008,0.12074920000000011,0.0081344,-0.2,0.075565
834,-0.30317100000000075,-0.043190960000000056,0.10134700000000008,0.007743600000000001,-0.2,0.072038
835,-0.3990419999999997,0.1072420999999999,0.21573799999999954,0.019691999999999998,-0.2,0.077069
836,-0.4120659999999994,0.05371112,0.23943009999999987,0.018803,-0.2,0.073633
837,-0.4530720000000006,-0.03718842,0.24590400000000034,0.017914,-0.2,0.07019700000000001
838,-0.11172259999999934,-0.28685760000000027,-0.27874399999999966,-0.05413300000000001,-0.2,0.031908
839,-0.018434400000000295,-0.33743199999999973,-0.11714800000000025,-0.045975,-0.2,0.026833999999999997
840,0.03149770000000007,-0.45180169999999986,-0.08970700000000065,-0.037817,-0.2,0.021759
841,0.007500000000000284,-0.2137389999999999,-0.05394199999999927,-0.048729,-0.2,0.038917
842,-0.0037389999999994927,-0.4670508,-0.06887299999999996,-0.041055,-0.2,0.032355
843,0.01256100000000071,-0.5271182000000003,-0.11637899999999934,-0.03338,-0.2,0.025793
844,-0.04417599999999844,-0.2822173000000001,-0.07041870000000117,-0.04242,-0.2,0.045167
845,0.08233099999999993,-0.4789224000000001,0.00416499999999953,-0.035487,-0.2,0.0373
846,0.09508899999999976,-0.5290023000000001,-0.021252999999999744,-0.028554000000000003,-0.2,0.029432999999999997
847,-0.06847400000000015,-0.25102519999999995,-0.06646999999999892,-0.035338,-0.2,0.050568
848,0.10836600000000018,-0.49015869999999984,0.007781999999999734,-0.029370999999999998,-0.2,0.041617
849,0.07400200000000012,-0.3771276000000001,0.06755399999999945,-0.023403999999999998,-0.2,0.032665
850,-0.180908999999998,-0.26218779999999997,-0.09299400000000002,-0.027607,-0.2,0.055022
851,-0.06896399999999936,-0.40905800000000037,-0.011607499999999327,-0.022794,-0.2,0.045245
852,0.03047100000000036,-0.2552974000000008,0.02359379999999911,-0.017981,-0.2,0.035468
853,-0.4775500000000008,-0.27318,-0.07570629999999978,-0.019362,-0.2,0.058444
854,-0.30623800000000045,-0.3995181000000003,-0.06190870000000048,-0.015849000000000002,-0.2,0.048126999999999996
855,-0.02322100000000127,-0.47400899999999924,-0.031131199999999914,-0.012336,-0.2,0.03781
856,-0.444703999999998,-0.3331807999999996,-0.050093620000000005,-0.010748,-0.2,0.060766999999999995
857,-0.3089770000000005,-0.43188899999999997,-0.05017568,-0.008633799999999999,-0.2,0.050216000000000004
858,-0.11743099999999984,-0.41632400000000036,-0.06017236399999998,-0.0065198999999999995,-0.2,0.039664
859,-0.39011700000000005,-0.40730849999999963,-0.035687000000000024,-0.0019206,-0.2,0.06195
860,-0.33529000000000053,-0.6200320000000001,-0.06701210000000013,-0.0012561,-0.2,0.051484
861,-0.10909499999999994,-0.6749385999999999,-0.09548210000000013,-0.00059158,-0.2,0.041017000000000005
862,-0.3965309999999995,-0.3764845000000001,0.05652780000000002,0.0069607,-0.2,0.061975
863,-0.3309460000000026,-0.5849577999999998,0.0011607999999996288,0.0061777,-0.2,0.051912
864,-0.1316860000000002,-0.6630443999999991,-0.07210379999999939,0.0053948,-0.2,0.041848
865,-0.5366820000000025,-0.34652689999999975,0.20286829999999956,0.015738,-0.2,0.06084199999999999
866,-0.4476699999999987,-0.5603292999999994,0.12097240000000031,0.013562000000000001,-0.2,0.051488
867,-0.2192109999999996,-0.6729712000000001,0.00956499999999938,0.011386,-0.2,0.042133
