"p","U:0","U:1","U:2","Points:0","Points:1","Points:2"
156.39,-9.0777,-2.5383,3.2823,-0.051881,-0.2,-0.12404
161.54,0,0,0,-0.055958,-0.2,-0.13364
156.79,-9.3714,-2.4827,2.0134,-0.033694,-0.2,-0.13015
161.76,0,0,0,-0.036362,-0.2,-0.14023
146.15,-10.251,-2.0027,3.9745,-0.047803,-0.2,-0.11443
146.74,-10.619,-1.9971,2.5554,-0.031026,-0.2,-0.12006
135.35,-10.311,-0.79234,3.879,-0.043726,-0.2,-0.10483
135.96,-10.695,-0.83413,2.4477,-0.028359,-0.2,-0.10998
123.6,-10.313,0.55603,3.9187,-0.039648,-0.2,-0.09522
124.24,-10.718,0.50304,2.4989,-0.025691,-0.2,-0.099892
110.7,-10.289,0.93013,3.8721,-0.035571,-0.2,-0.085615
111.41,-10.697,0.87596,2.4482,-0.023023,-0.2,-0.089806
99.295,-10.884,0.62514,2.4783,-0.020562,-0.2,-0.080501
98.452,-10.489,0.69279,3.9481,-0.031809,-0.2,-0.076752
157.3,-9.4994,-2.417,0.64834,-0.014831,-0.2,-0.13364
162.18,0,0,0,-0.016036,-0.2,-0.144
147.46,-10.802,-1.987,1.0136,-0.013626,-0.2,-0.12327
136.8,-10.892,-0.88114,0.88491,-0.01242,-0.2,-0.11291
125.14,-10.942,0.43938,0.94633,-0.011215,-0.2,-0.10254
112.4,-10.922,0.80953,0.89399,-0.01001,-0.2,-0.09218
100.4,-11.088,0.54372,0.88299,-0.0088985,-0.2,-0.082618
157.83,-9.4142,-2.3438,-0.70554,0.0043362,-0.2,-0.13437
162.64,0,0,0,0.0046186,-0.2,-0.14479
148.15,-10.76,-1.9772,-0.52649,0.0040539,-0.2,-0.12394
137.62,-10.861,-0.93289,-0.68305,0.0037715,-0.2,-0.11352
126.04,-10.938,0.36828,-0.61696,0.0034892,-0.2,-0.10309
113.38,-10.92,0.7347,-0.66554,0.0032069,-0.2,-0.092668
101.48,-11.056,0.45546,-0.7032,0.0029463,-0.2,-0.08305
158.22,-9.1553,-2.2678,-2.0326,0.023426,-0.2,-0.13246
162.95,0,0,0,0.025192,-0.2,-0.14274
148.74,-10.503,-1.9633,-2.0361,0.021661,-0.2,-0.12217
138.38,-10.607,-0.98083,-2.2235,0.019895,-0.2,-0.11188
126.9,-10.713,0.29703,-2.1576,0.01813,-0.2,-0.10159
114.35,-10.7,0.65429,-2.1983,0.016364,-0.2,-0.091307
102.55,-10.804,0.35969,-2.2502,0.014735,-0.2,-0.081816
158.54,-8.7257,-2.1886,-3.2959,0.042006,-0.2,-0.12768
163.22,0,0,0,0.045214,-0.2,-0.13759
149.26,-10.04,-1.9446,-3.4807,0.038798,-0.2,-0.11776
139.08,-10.139,-1.0216,-3.6996,0.03559,-0.2,-0.10784
127.7,-10.272,0.22807,-3.6426,0.032382,-0.2,-0.097928
115.26,-10.268,0.5683,-3.6744,0.029174,-0.2,-0.088012
103.58,-10.342,0.25556,-3.7292,0.026215,-0.2,-0.078863
158.91,-8.1221,-2.109,-4.4803,0.059772,-0.2,-0.12045
163.55,0,0,0,0.064364,-0.2,-0.12982
149.74,-9.38,-1.9247,-4.8374,0.05518,-0.2,-0.11108
139.72,-9.4692,-1.0586,-5.0852,0.050588,-0.2,-0.10171
128.45,-9.6278,0.16051,-5.0433,0.045996,-0.2,-0.092346
116.13,-9.6366,0.47858,-5.0645,0.041404,-0.2,-0.082978
104.55,-9.6838,0.14446,-5.1121,0.037167,-0.2,-0.074335
159.07,-7.3822,-2.0348,-5.5781,0.076284,-0.2,-0.11069
163.63,0,0,0,0.082161,-0.2,-0.11931
150.09,-8.545,-1.9045,-6.0835,0.070407,-0.2,-0.10208
140.25,-8.6189,-1.0913,-6.3537,0.06453,-0.2,-0.093459
129.1,-8.7966,0.095566,-6.3327,0.058653,-0.2,-0.084842
116.88,-8.8219,0.38599,-6.3434,0.052776,-0.2,-0.076226
105.41,-8.8495,0.02814,-6.374,0.047354,-0.2,-0.068276
159.44,-6.4916,-1.9649,-6.5407,0.091231,-0.2,-0.098682
164.01,0,0,0,0.098271,-0.2,-0.10637
150.47,-7.5454,-1.8883,-7.1975,0.084192,-0.2,-0.090994
140.7,-7.6053,-1.1226,-7.4845,0.077152,-0.2,-0.083306
129.63,-7.7971,0.031466,-7.4894,0.070112,-0.2,-0.075617
117.49,-7.8435,0.2907,-7.4896,0.063073,-0.2,-0.067929
106.14,-7.862,-0.091591,-7.4939,0.056578,-0.2,-0.060836
159.55,-5.4826,-1.9116,-7.4008,0.10447,-0.2,-0.084797
164.03,0,0,0,0.11255,-0.2,-0.091419
150.68,-6.4024,-1.881,-8.1749,0.09639,-0.2,-0.078175
141.01,-6.447,-1.1577,-8.4661,0.08831,-0.2,-0.071553
130.04,-6.6499,-0.032939,-8.4929,0.080231,-0.2,-0.064931
117.98,-6.7214,0.19488,-8.4782,0.072152,-0.2,-0.058309
106.77,-6.7421,-0.2136,-8.4493,0.064697,-0.2,-0.0522
159.42,-4.4052,-1.8774,-8.1306,0.11534,-0.2,-0.068986
163.74,0,0,0,0.12426,-0.2,-0.074379
150.75,-5.1504,-1.8812,-8.99,0.10642,-0.2,-0.063593
141.22,-5.1765,-1.1884,-9.2751,0.097498,-0.2,-0.0582
130.34,-5.3788,-0.092175,-9.3235,0.088577,-0.2,-0.052807
118.36,-5.4783,0.096713,-9.2918,0.079656,-0.2,-0.047414
107.32,-5.5173,-0.34005,-9.2256,0.071425,-0.2,-0.042438
159.63,-3.2923,-1.8614,-8.6564,0.12403,-0.2,-0.051886
164.01,0,0,0,0.13364,-0.2,-0.055958
150.87,-3.8659,-1.8977,-9.6078,0.11443,-0.2,-0.047814
141.37,-3.8846,-1.2268,-9.8837,0.10482,-0.2,-0.043742
130.56,-4.0826,-0.15154,-9.9499,0.09521,-0.2,-0.03967
118.61,-4.2133,0.0021149,-9.899,0.085602,-0.2,-0.035598
107.7,-4.2861,-0.46085,-9.796,0.076738,-0.2,-0.031841
156.29,-8.706,-2.5805,4.3305,-0.064555,-0.2,-0.11792
161.55,0,0,0,-0.069613,-0.2,-0.12704
145.93,-9.7827,-1.9969,5.1197,-0.059497,-0.2,-0.10879
135.12,-9.8246,-0.74681,5.0308,-0.054438,-0.2,-0.099666
123.32,-9.8138,0.6045,5.0662,-0.04938,-0.2,-0.09054
110.37,-9.7885,0.97195,5.0307,-0.044322,-0.2,-0.081415
98.036,-9.9923,0.74211,5.1544,-0.039655,-0.2,-0.072996
156.21,-8.2424,-2.6167,5.2664,-0.076521,-0.2,-0.11051
161.42,0,0,0,-0.082504,-0.2,-0.11906
145.82,-9.2136,-1.9887,6.1251,-0.070538,-0.2,-0.10197
134.93,-9.2388,-0.70366,6.0367,-0.064555,-0.2,-0.093421
123.04,-9.221,0.64746,6.0671,-0.058571,-0.2,-0.084876
110.05,-9.1929,1.0056,6.0432,-0.052588,-0.2,-0.07633
97.702,-9.39,0.78259,6.2144,-0.047068,-0.2,-0.068445
155.98,-7.6813,-2.6487,6.1417,-0.08765,-0.2,-0.1019
161.17,0,0,0,-0.094493,-0.2,-0.10978
145.56,-8.5388,-1.9833,7.0719,-0.080808,-0.2,-0.094031
134.59,-8.5472,-0.6687,6.9848,-0.073965,-0.2,-0.086158
122.65,-8.5244,0.68163,7.0083,-0.067123,-0.2,-0.078285
109.62,-8.4898,1.0322,6.9944,-0.06028,-0.2,-0.070412
97.26,-8.6671,0.81787,7.2114,-0.053968,-0.2,-0.063149
155.69,-7.0319,-2.6771,6.9503,-0.09782,-0.2,-0.092181
160.9,0,0,0,-0.10545,-0.2,-0.099296
145.19,-7.7664,-1.979,7.9457,-0.090192,-0.2,-0.085066
134.19,-7.7587,-0.63929,7.8585,-0.082565,-0.2,-0.077951
122.22,-7.7321,0.70942,7.8742,-0.074937,-0.2,-0.070836
109.17,-7.6873,1.0525,7.8692,-0.06731,-0.2,-0.063722
96.792,-7.8325,0.84669,8.1289,-0.060273,-0.2,-0.057158
155.47,-6.2932,-2.7019,7.6814,-0.10692,-0.2,-0.08145
160.73,0,0,0,-0.11525,-0.2,-0.08773
144.88,-6.8993,-1.9758,8.7314,-0.098587,-0.2,-0.075171
133.86,-6.8779,-0.61537,8.641,-0.090258,-0.2,-0.068892
121.88,-6.8492,0.73099,8.6489,-0.081929,-0.2,-0.062612
108.81,-6.7902,1.0664,8.6509,-0.0736,-0.2,-0.056333
96.441,-6.8917,0.86885,8.9472,-0.065916,-0.2,-0.05054
155.31,-5.4731,-2.7237,8.3275,-0.11484,-0.2,-0.069829
160.62,0,0,0,-0.12378,-0.2,-0.075204
144.65,-5.9479,-1.9741,9.4176,-0.1059,-0.2,-0.064455
133.63,-5.9162,-0.59729,9.3206,-0.096964,-0.2,-0.05908
121.64,-5.8854,0.74613,9.3217,-0.088026,-0.2,-0.053705
108.57,-5.8091,1.0736,9.3279,-0.079087,-0.2,-0.04833
96.223,-5.8574,0.88386,9.6517,-0.070841,-0.2,-0.043371
90.021,-10.822,0.51579,4.0808,-0.030438,-0.2,-0.073476
91.038,-11.201,0.43496,2.5575,-0.019672,-0.2,-0.077065
83.396,-11.258,0.80415,4.2629,-0.029067,-0.2,-0.0702
84.585,-11.63,0.68064,2.6704,-0.018782,-0.2,-0.073629
74.058,-12.468,1.5526,2.7267,-0.017892,-0.2,-0.070193
72.703,-12.064,1.705,4.4266,-0.027696,-0.2,-0.066924
92.286,-11.377,0.3407,0.91424,-0.0085068,-0.2,-0.07909
86,-11.784,0.53689,0.95907,-0.0081151,-0.2,-0.075562
75.604,-12.634,1.3839,0.89524,-0.0077235,-0.2,-0.072034
93.486,-11.31,0.23874,-0.70847,0.0028318,-0.2,-0.079504
87.349,-11.676,0.38058,-0.72008,0.0027174,-0.2,-0.075959
77.164,-12.519,1.1998,-0.90154,0.002603,-0.2,-0.072413
94.671,-11.022,0.13374,-2.2802,0.014116,-0.2,-0.078316
88.677,-11.337,0.22405,-2.3326,0.013497,-0.2,-0.074816
78.768,-12.149,1.0088,-2.6238,0.012877,-0.2,-0.071315
95.802,-10.523,0.026019,-3.7726,0.025106,-0.2,-0.075495
89.953,-10.786,0.07136,-3.8503,0.023997,-0.2,-0.072126
80.364,-11.546,0.81353,-4.2378,0.022889,-0.2,-0.068758
96.871,-9.8331,-0.084097,-5.1585,0.035589,-0.2,-0.071156
91.166,-10.048,-0.075254,-5.2493,0.03401,-0.2,-0.067976
81.917,-10.74,0.61746,-5.7163,0.032431,-0.2,-0.064797
97.833,-8.9719,-0.1973,-6.414,0.04534,-0.2,-0.065357
92.264,-9.1462,-0.2165,-6.5107,0.043327,-0.2,-0.062437
83.358,-9.758,0.42285,-7.0373,0.041314,-0.2,-0.059517
98.668,-7.9637,-0.31316,-7.5214,0.054172,-0.2,-0.058235
93.222,-8.1053,-0.35301,-7.6197,0.051766,-0.2,-0.055635
84.666,-8.63,0.23139,-8.1831,0.04936,-0.2,-0.053034
99.436,-6.8311,-0.43032,-8.4613,0.061935,-0.2,-0.049959
94.118,-6.9466,-0.48353,-8.5601,0.059172,-0.2,-0.047718
85.932,-7.3828,0.04674,-9.138,0.056409,-0.2,-0.045477
100.16,-5.6023,-0.55058,-9.2234,0.068381,-0.2,-0.04062
94.994,-5.6984,-0.60687,-9.3249,0.065337,-0.2,-0.038801
87.229,-6.049,-0.12402,-9.8994,0.062293,-0.2,-0.036982
100.7,-4.3764,-0.66477,-9.7826,0.073461,-0.2,-0.030472
95.646,-4.4618,-0.71715,-9.8863,0.070184,-0.2,-0.029103
88.212,-4.7441,-0.26657,-10.451,0.066907,-0.2,-0.027734
89.486,-10.334,0.58404,5.3412,-0.037951,-0.2,-0.069883
82.75,-10.76,0.91114,5.5865,-0.036246,-0.2,-0.066771
71.715,-11.524,1.8505,5.8298,-0.034542,-0.2,-0.063658
89.086,-9.7296,0.64372,6.4558,-0.045049,-0.2,-0.065529
82.287,-10.132,1.0016,6.758,-0.043029,-0.2,-0.062612
70.845,-10.847,1.9852,7.0638,-0.041009,-0.2,-0.059696
88.559,-8.9947,0.6953,7.5075,-0.051654,-0.2,-0.060459
81.677,-9.3595,1.0734,7.8621,-0.04934,-0.2,-0.057769
69.871,-10.016,2.0998,8.2278,-0.047027,-0.2,-0.055079
88.001,-8.1385,0.73992,8.4792,-0.057692,-0.2,-0.054725
81.027,-8.4576,1.1289,8.8798,-0.05511,-0.2,-0.052292
68.895,-9.0469,2.1938,9.3005,-0.052529,-0.2,-0.04986
87.588,-7.1658,0.77774,9.349,-0.063096,-0.2,-0.048391
80.536,-7.4318,1.1683,9.7882,-0.060276,-0.2,-0.046242
68.15,-7.9468,2.2661,10.258,-0.057455,-0.2,-0.044093
87.334,-6.0895,0.80834,10.099,-0.067811,-0.2,-0.041529
80.223,-6.2966,1.1915,10.569,-0.064781,-0.2,-0.039686
67.674,-6.7313,2.3163,11.082,-0.061752,-0.2,-0.037844
51.185,-12.52,2.8791,4.1787,-0.024229,-0.2,-0.058559
52.288,-12.943,2.7542,2.4242,-0.015713,-0.2,-0.060838
22.439,-12.017,3.9116,3.5939,-0.020761,-0.2,-0.050193
22.932,-12.366,3.8171,1.9316,-0.013534,-0.2,-0.051483
-6.1536,-10.672,4.0653,2.7474,-0.017293,-0.2,-0.041828
-6.8531,-10.871,3.9508,1.2617,-0.011355,-0.2,-0.042128
-29.412,-9.0429,2.9081,0.93841,-0.0091757,-0.2,-0.032773
-25.508,-9.3238,3.4143,2.0723,-0.013825,-0.2,-0.033462
53.334,-13.122,2.6424,0.50963,-0.006938,-0.2,-0.061971
22.612,-12.472,3.7373,0.071834,-0.0061525,-0.2,-0.051907
-8.758,-10.816,3.795,-0.42407,-0.0053671,-0.2,-0.041844
-31.779,-8.7246,2.3962,-0.46828,-0.0045816,-0.2,-0.03178
54.689,-13.031,2.512,-1.3916,0.0019407,-0.2,-0.061946
22.896,-12.35,3.6464,-1.7768,0.0012785,-0.2,-0.05148
-9.6415,-10.611,3.6703,-2.0298,0.00061623,-0.2,-0.041013
-33.185,-8.3597,2.0404,-1.7466,-4.6009e-05,-0.2,-0.030546
56.398,-12.677,2.3662,-3.2415,0.010765,-0.2,-0.060764
23.908,-11.999,3.5502,-3.6027,0.0086534,-0.2,-0.050212
-9.4956,-10.247,3.5841,-3.6121,0.0065414,-0.2,-0.039661
-33.396,-7.9471,1.8866,-3.0377,0.0044294,-0.2,-0.029109
58.411,-12.074,2.2036,-4.9966,0.019377,-0.2,-0.058441
25.7,-11.431,3.4486,-5.3584,0.015866,-0.2,-0.048124
-8.1897,-9.7327,3.5549,-5.148,0.012354,-0.2,-0.037806
-32.46,-7.4906,1.9586,-4.3381,0.0088425,-0.2,-0.027489
60.658,-11.244,2.0246,-6.6187,0.02762,-0.2,-0.05502
28.267,-10.659,3.3367,-7.0075,0.022808,-0.2,-0.045243
-5.6231,-9.0741,3.578,-6.6196,0.017997,-0.2,-0.035466
-30.225,-6.9768,2.2275,-5.6518,0.013185,-0.2,-0.025689
63.053,-10.215,1.8295,-8.0732,0.035348,-0.2,-0.050566
31.568,-9.7036,3.2067,-8.5126,0.029382,-0.2,-0.041615
-1.7614,-8.2784,3.6261,-7.9932,0.023416,-0.2,-0.032663
-26.566,-6.3962,2.6489,-6.9585,0.01745,-0.2,-0.023712
65.551,-9.0215,1.6201,-9.3305,0.042428,-0.2,-0.045166
35.554,-8.5914,3.0516,-9.8403,0.035496,-0.2,-0.037299
3.2625,-7.3616,3.6625,-9.245,0.028563,-0.2,-0.029431
-21.704,-5.7523,3.1253,-8.2268,0.021631,-0.2,-0.021564
68.184,-7.696,1.4013,-10.367,0.048734,-0.2,-0.038916
40.135,-7.3523,2.87,-10.964,0.04106,-0.2,-0.032354
9.1803,-6.3405,3.6529,-10.351,0.033386,-0.2,-0.025792
-15.995,-5.0395,3.5358,-9.4132,0.025712,-0.2,-0.019231
70.949,-6.2739,1.1813,-11.176,0.054136,-0.2,-0.031908
45.054,-6.0192,2.6676,-11.878,0.045978,-0.2,-0.026833
15.581,-5.2354,3.5867,-11.295,0.03782,-0.2,-0.021758
-8.6467,-4.1893,3.7831,-10.431,0.029663,-0.2,-0.016684
72.996,-4.8783,1.0038,-11.752,0.058539,-0.2,-0.024271
48.697,-4.6882,2.5127,-12.545,0.050172,-0.2,-0.020808
19.975,-4.1203,3.5183,-11.98,0.041804,-0.2,-0.017345
-0.8819,-3.5341,3.8543,-11.118,0.033436,-0.2,-0.013882
49.596,-11.93,3.049,5.5911,-0.029884,-0.2,-0.055421
20.096,-11.414,4.0421,4.8503,-0.025227,-0.2,-0.047184
-8.6672,-10.094,4.0424,3.7759,-0.020569,-0.2,-0.038947
-30.79,-8.6118,2.9,2.611,-0.015912,-0.2,-0.03071
47.744,-11.2,3.2253,6.8095,-0.03522,-0.2,-0.051735
17.033,-10.645,4.1651,5.9151,-0.029431,-0.2,-0.043775
-12.562,-9.3171,3.9215,4.6452,-0.023641,-0.2,-0.035815
-35.161,-7.7421,2.2168,3.2618,-0.017852,-0.2,-0.027854
45.773,-10.329,3.3823,7.9667,-0.040187,-0.2,-0.047539
13.813,-9.7703,4.2615,6.9436,-0.033347,-0.2,-0.039998
-16.65,-8.4763,3.7619,5.4896,-0.026507,-0.2,-0.032457
-38.743,-6.8118,1.4874,3.825,-0.019667,-0.2,-0.024917
43.928,-9.3248,3.5194,9.0424,-0.044739,-0.2,-0.042873
11.004,-8.7859,4.337,7.909,-0.03695,-0.2,-0.035886
-20.174,-7.5703,3.5938,6.2763,-0.02916,-0.2,-0.0289
-41.865,-5.881,0.82405,4.3491,-0.02137,-0.2,-0.021913
42.509,-8.1944,3.6359,10.012,-0.048835,-0.2,-0.037783
8.973,-7.6945,4.3993,8.785,-0.040214,-0.2,-0.031474
-22.728,-6.5959,3.4516,6.9881,-0.031594,-0.2,-0.025164
-44.276,-4.9532,0.29086,4.835,-0.022973,-0.2,-0.018854
41.563,-6.9541,3.7309,10.859,-0.052434,-0.2,-0.03232
7.6906,-6.5122,4.4555,9.5602,-0.043116,-0.2,-0.026796
-24.339,-5.5648,3.3644,7.6215,-0.033799,-0.2,-0.021272
-45.894,-4.0315,-0.072976,5.2827,-0.024481,-0.2,-0.015747
-40.205,-7.7672,1.5443,1.3521,-0.011173,-0.2,-0.02982
-45.217,-6.7772,0.29386,1.8769,-0.013054,-0.2,-0.026774
-48.468,-5.7431,-0.92385,2.2768,-0.014834,-0.2,-0.023657
-51.172,-4.7536,-1.9585,2.6798,-0.016525,-0.2,-0.020483
-53.248,-3.816,-2.7551,3.0732,-0.018134,-0.2,-0.017261
-54.645,-2.9195,-3.2979,3.4489,-0.019665,-0.2,-0.014
-42.468,-7.2345,0.57367,0.11539,-0.0064747,-0.2,-0.028662
-48.016,-6.1962,-0.95299,0.66507,-0.0082806,-0.2,-0.025464
-51.932,-5.1817,-2.3316,1.1031,-0.010011,-0.2,-0.022205
-55.074,-4.2257,-3.468,1.5475,-0.011673,-0.2,-0.018898
-57.399,-3.3209,-4.3241,1.9697,-0.013272,-0.2,-0.015551
-58.966,-2.447,-4.8962,2.369,-0.014812,-0.2,-0.012172
-44.006,-6.7209,-0.063646,-1.0001,-0.0018221,-0.2,-0.027294
-49.822,-5.6595,-1.7214,-0.41972,-0.0035405,-0.2,-0.023974
-54.174,-4.6727,-3.1859,0.053044,-0.0052084,-0.2,-0.020604
-57.615,-3.7445,-4.4055,0.50971,-0.0068292,-0.2,-0.017194
-60.154,-2.8616,-5.3234,0.9268,-0.0084063,-0.2,-0.013752
-61.911,-1.9948,-5.9346,1.3267,-0.0099424,-0.2,-0.010285
-44.338,-6.2387,-0.33146,-2.1762,0.0027811,-0.2,-0.025749
-50.344,-5.1653,-2.0652,-1.5709,0.0011608,-0.2,-0.022332
-54.981,-4.1941,-3.5968,-1.0716,-0.00043382,-0.2,-0.018876
-58.628,-3.2747,-4.8863,-0.61332,-0.0020026,-0.2,-0.015389
-61.355,-2.4048,-5.8497,-0.20964,-0.003547,-0.2,-0.011878
-63.274,-1.5407,-6.4948,0.18289,-0.0050682,-0.2,-0.0083495
-43.683,-5.7856,-0.20874,-3.3998,0.0073316,-0.2,-0.024044
-49.787,-4.7007,-1.9551,-2.7582,0.0058194,-0.2,-0.020555
-54.54,-3.7302,-3.5147,-2.2226,0.0043077,-0.2,-0.017037
-58.256,-2.8042,-4.8379,-1.7563,0.0028006,-0.2,-0.013496
-61.064,-1.9331,-5.8224,-1.3615,0.0012988,-0.2,-0.0099401
-63.046,-1.0634,-6.4794,-0.98669,-0.00019777,-0.2,-0.0063733
-41.866,-5.339,0.26419,-4.6995,0.011822,-0.2,-0.022183
-48.009,-4.2536,-1.3998,-4.0374,0.010427,-0.2,-0.018645
-52.803,-3.2773,-2.9303,-3.4555,0.0090086,-0.2,-0.015088
-56.497,-2.3321,-4.2522,-2.9562,0.007573,-0.2,-0.011518
-59.261,-1.4446,-5.2408,-2.5471,0.0061236,-0.2,-0.0079404
-61.192,-0.5646,-5.8961,-2.18,0.0046615,-0.2,-0.0043593
-38.642,-4.8723,1.0454,-6.0745,0.016244,-0.2,-0.020169
-44.758,-3.7978,-0.40784,-5.436,0.014977,-0.2,-0.016606
-49.628,-2.8262,-1.8118,-4.8197,0.013661,-0.2,-0.013034
-53.329,-1.8673,-3.0814,-4.2609,0.012307,-0.2,-0.0094587
-56.021,-0.96818,-4.0599,-3.7973,0.01092,-0.2,-0.0058832
-57.844,-0.088598,-4.7195,-3.3975,0.0095024,-0.2,-0.0023117
-34.121,-4.3803,2.0001,-7.489,0.020592,-0.2,-0.018007
-39.962,-3.3235,0.89767,-6.9411,0.019463,-0.2,-0.014443
-44.776,-2.3645,-0.23337,-6.3509,0.018259,-0.2,-0.01088
-48.457,-1.3949,-1.3199,-5.7637,0.016996,-0.2,-0.0073223
-51.127,-0.48325,-2.2011,-5.2407,0.015681,-0.2,-0.0037726
-52.893,0.40123,-2.8205,-4.7839,0.014318,-0.2,-0.00023423
-28.576,-3.8535,2.9114,-8.8646,0.02485,-0.2,-0.015686
-33.748,-2.8214,2.2303,-8.4495,0.023869,-0.2,-0.012147
-38.17,-1.8794,1.4884,-7.9619,0.022789,-0.2,-0.0086191
-41.613,-0.90748,0.73378,-7.4347,0.021628,-0.2,-0.0051048
-44.201,0.022527,0.085832,-6.9148,0.020395,-0.2,-0.0016068
-45.918,0.93616,-0.39301,-6.4262,0.019097,-0.2,0.0018725
-19.955,-3.137,3.554,-10.038,0.028991,-0.2,-0.013182
-24.04,-2.1076,3.2467,-9.7591,0.028171,-0.2,-0.0096979
-27.955,-1.1762,2.8915,-9.4205,0.027226,-0.2,-0.006235
-31.148,-0.22047,2.5153,-9.0377,0.02618,-0.2,-0.0027947
-33.675,0.71573,2.1792,-8.6245,0.025042,-0.2,0.00062134
-35.435,1.6488,1.9258,-8.2029,0.023821,-0.2,0.0040113
-5.3084,-2.6524,3.8231,-11.091,0.03297,-0.2,-0.01046
-8.8725,-1.6009,3.7598,-11.014,0.032326,-0.2,-0.0070677
-12.243,-0.62339,3.675,-10.871,0.031533,-0.2,-0.0037072
-15.043,0.36292,3.5812,-10.666,0.030616,-0.2,-0.00037829
-17.251,1.3381,3.496,-10.403,0.02959,-0.2,0.0029185
-18.799,2.3052,3.4344,-10.092,0.028461,-0.2,0.0061818
159.71,-2.2529,-1.8702,-8.9997,0.12906,-0.2,-0.037851
164.19,0,0,0,0.13908,-0.2,-0.040838
150.74,-2.6851,-1.9336,-10.022,0.11904,-0.2,-0.034863
141.22,-2.7091,-1.278,-10.284,0.10902,-0.2,-0.031876
130.48,-2.8994,-0.21295,-10.359,0.098995,-0.2,-0.028888
118.54,-3.0577,-0.082249,-10.286,0.088973,-0.2,-0.0259
107.78,-3.1708,-0.56221,-10.15,0.079819,-0.2,-0.023169
159.3,-1.2405,-1.9117,-9.2529,0.13243,-0.2,-0.02333
163.8,0,0,0,0.14274,-0.2,-0.025191
150.21,-1.5425,-1.9882,-10.307,0.12213,-0.2,-0.021469
140.7,-1.5829,-1.3333,-10.542,0.11182,-0.2,-0.019608
130.06,-1.7651,-0.27229,-10.615,0.10151,-0.2,-0.017747
118.17,-1.9526,-0.16212,-10.514,0.091199,-0.2,-0.015885
107.63,-2.1131,-0.65384,-10.353,0.081875,-0.2,-0.014198
158.42,-0.22466,-2.0052,-9.4472,0.13413,-0.2,-0.0085248
162.85,0,0,0,0.14458,-0.2,-0.0092322
149.36,-0.39217,-2.0716,-10.487,0.12367,-0.2,-0.0078175
139.98,-0.4532,-1.3971,-10.682,0.11321,-0.2,-0.0071101
129.51,-0.62259,-0.33092,-10.745,0.10276,-0.2,-0.0064027
117.69,-0.84164,-0.23879,-10.613,0.092297,-0.2,-0.0056954
107.41,-1.0553,-0.7402,-10.435,0.082929,-0.2,-0.0050572
157.86,0.77999,-2.164,-9.524,0.13421,-0.2,0.0063696
162.22,0,0,0,0.14469,-0.2,0.0068263
148.73,0.75523,-2.1885,-10.517,0.12373,-0.2,0.005913
139.34,0.67262,-1.4741,-10.687,0.11325,-0.2,0.0054563
128.97,0.51855,-0.3898,-10.741,0.10276,-0.2,0.0049996
117.19,0.2616,-0.30837,-10.577,0.092279,-0.2,0.0045429
107.16,-0.0097557,-0.81571,-10.394,0.082975,-0.2,0.0041425
158.86,1.7665,-2.3469,-9.3408,0.13269,-0.2,0.021185
163.74,0,0,0,0.14307,-0.2,0.022804
148.77,1.9131,-2.3198,-10.365,0.1223,-0.2,0.019566
138.89,1.795,-1.5465,-10.545,0.11192,-0.2,0.017947
128.39,1.6462,-0.43583,-10.603,0.10153,-0.2,0.016329
116.53,1.3398,-0.36749,-10.41,0.091147,-0.2,0.014709
106.71,1.0066,-0.88009,-10.233,0.082014,-0.2,0.013292
157.76,2.8185,-2.5702,-9.1185,0.12958,-0.2,0.034928
162.31,0,0,0,0.13995,-0.2,0.03758
147.9,3.0619,-2.4557,-10.109,0.11921,-0.2,0.032276
138.08,2.8796,-1.6112,-10.295,0.10884,-0.2,0.029624
127.69,2.7251,-0.46623,-10.355,0.09847,-0.2,0.026972
115.85,2.3633,-0.42083,-10.13,0.088101,-0.2,0.02432
106.31,1.9686,-0.93454,-9.977,0.07912,-0.2,0.02203
100.93,-3.2752,-0.75823,-10.131,0.076362,-0.2,-0.022308
95.958,-3.365,-0.80426,-10.233,0.072905,-0.2,-0.021447
88.656,-3.6069,-0.35784,-10.803,0.069448,-0.2,-0.020587
100.99,-2.2352,-0.83969,-10.338,0.078328,-0.2,-0.01387
96.131,-2.3403,-0.87485,-10.44,0.074781,-0.2,-0.013543
88.87,-2.5543,-0.41241,-11.031,0.071235,-0.2,-0.013215
101,-1.1926,-0.91424,-10.435,0.079357,-0.2,-0.0052694
96.256,-1.3143,-0.93446,-10.545,0.075786,-0.2,-0.0054816
89.015,-1.4968,-0.45354,-11.167,0.072214,-0.2,-0.0056938
100.98,-0.15693,-0.97607,-10.42,0.079454,-0.2,0.003391
96.336,-0.29371,-0.97987,-10.546,0.075933,-0.2,0.0026395
89.11,-0.43801,-0.48181,-11.203,0.072412,-0.2,0.0018881
100.78,0.85427,-1.0205,-10.299,0.078619,-0.2,0.012011
96.328,0.70831,-1.0044,-10.446,0.075224,-0.2,0.01073
89.18,0.61446,-0.49355,-11.143,0.07183,-0.2,0.0094498
100.65,1.8283,-1.0456,-10.088,0.07623,-0.2,0.020322
96.351,1.684,-1.0123,-10.258,0.07334,-0.2,0.018615
89.266,1.6519,-0.49296,-10.991,0.07045,-0.2,0.016907
73.539,-3.6564,0.9364,-12.136,0.060329,-0.2,-0.018055
49.036,-3.4601,2.4983,-12.947,0.051209,-0.2,-0.015523
19.33,-2.9976,3.5306,-12.316,0.04209,-0.2,-0.012992
73.408,-2.5199,0.93481,-12.399,0.061508,-0.2,-0.011678
47.718,-2.2754,2.5586,-13.182,0.051781,-0.2,-0.010141
16.39,-1.8707,3.5852,-12.445,0.042054,-0.2,-0.0086046
73.219,-1.3624,0.94241,-12.566,0.062044,-0.2,-0.0051972
46.487,-1.0601,2.6213,-13.312,0.051874,-0.2,-0.0047005
13.872,-0.7486,3.634,-12.476,0.041703,-0.2,-0.0042039
73.021,-0.19032,0.9561,-12.625,0.061963,-0.2,0.0013215
45.41,0.17927,2.6821,-13.326,0.051514,-0.2,0.00075489
11.783,0.38865,3.6764,-12.405,0.041065,-0.2,0.0001883
72.874,0.98579,0.97475,-12.575,0.06127,-0.2,0.007817
44.543,1.4256,2.7394,-13.223,0.05071,-0.2,0.0061842
10.161,1.5228,3.7134,-12.238,0.04015,-0.2,0.0045513
72.801,2.158,0.99955,-12.412,0.059953,-0.2,0.014226
43.906,2.6659,2.793,-13.002,0.049456,-0.2,0.011545
9.0232,2.6459,3.7473,-11.976,0.038959,-0.2,0.0088632
155.17,-4.5838,-2.7432,8.8811,-0.12151,-0.2,-0.057444
160.51,0,0,0,-0.13096,-0.2,-0.061855
144.46,-4.9245,-1.9747,9.9963,-0.11206,-0.2,-0.053032
133.47,-4.8854,-0.58553,9.8901,-0.10261,-0.2,-0.048621
121.48,-4.8531,0.75453,9.8848,-0.093159,-0.2,-0.044209
108.41,-4.7572,1.0739,9.8914,-0.083708,-0.2,-0.039798
96.109,-4.7456,0.89125,10.232,-0.07499,-0.2,-0.035728
155.06,-3.637,-2.7608,9.3334,-0.12685,-0.2,-0.044428
160.42,0,0,0,-0.13671,-0.2,-0.047828
144.33,-3.8443,-1.978,10.46,-0.11699,-0.2,-0.041029
133.38,-3.8005,-0.58046,10.343,-0.10713,-0.2,-0.037629
121.4,-3.7652,0.7558,10.332,-0.097272,-0.2,-0.03423
108.34,-3.649,1.0676,10.334,-0.087414,-0.2,-0.03083
96.095,-3.5732,0.89097,10.679,-0.078319,-0.2,-0.027694
155,-2.645,-2.7772,9.6764,-0.1308,-0.2,-0.030928
160.37,0,0,0,-0.14096,-0.2,-0.033278
144.26,-2.72,-1.9847,10.801,-0.12064,-0.2,-0.028577
133.36,-2.6739,-0.58241,10.673,-0.11048,-0.2,-0.026226
121.4,-2.6353,0.74976,10.656,-0.10033,-0.2,-0.023876
108.37,-2.4991,1.0545,10.649,-0.090167,-0.2,-0.021525
96.187,-2.358,0.88289,10.986,-0.080795,-0.2,-0.019357
155,-1.621,-2.793,9.9037,-0.13333,-0.2,-0.017088
160.38,0,0,0,-0.14368,-0.2,-0.018364
144.28,-1.5666,-1.995,11.015,-0.12298,-0.2,-0.015811
133.42,-1.5203,-0.59136,10.875,-0.11263,-0.2,-0.014535
121.5,-1.4774,0.7366,10.854,-0.10228,-0.2,-0.013259
108.49,-1.3228,1.0347,10.832,-0.091929,-0.2,-0.011982
96.38,-1.118,0.86665,11.15,-0.08238,-0.2,-0.010805
155.12,-0.57746,-2.8088,10.009,-0.13442,-0.2,-0.0030577
160.49,0,0,0,-0.14485,-0.2,-0.0032455
144.4,-0.39699,-2.0097,11.097,-0.12399,-0.2,-0.0028698
133.58,-0.35277,-0.60831,10.949,-0.11355,-0.2,-0.0026819
121.68,-0.30589,0.71572,10.922,-0.10312,-0.2,-0.0024941
108.72,-0.13565,1.0085,10.881,-0.092684,-0.2,-0.0023062
96.668,0.12879,0.84243,11.17,-0.083057,-0.2,-0.0021328
155.36,0.47606,-2.8245,9.9931,-0.13406,-0.2,0.011015
160.74,0,0,0,-0.14446,-0.2,0.01192
144.63,0.7757,-2.0283,11.049,-0.12365,-0.2,0.010111
133.82,0.81476,-0.63258,10.894,-0.11325,-0.2,0.009207
121.96,0.86491,0.68752,10.861,-0.10285,-0.2,0.0083028
109.04,1.0468,0.97602,10.798,-0.092442,-0.2,0.0073985
97.061,1.3643,0.81087,11.045,-0.082843,-0.2,0.0065644
87.206,-4.9265,0.83112,10.718,-0.071784,-0.2,-0.034212
80.053,-5.071,1.1986,11.21,-0.068578,-0.2,-0.032696
67.431,-5.4203,2.3441,11.759,-0.065372,-0.2,-0.03118
87.198,-3.695,0.84565,11.193,-0.074972,-0.2,-0.026521
80.018,-3.7754,1.1913,11.699,-0.071625,-0.2,-0.025348
67.406,-4.0354,2.3501,12.279,-0.068278,-0.2,-0.024175
87.314,-2.4147,0.85166,11.517,-0.077344,-0.2,-0.01854
80.126,-2.4307,1.1726,12.03,-0.073892,-0.2,-0.017723
67.594,-2.5988,2.3369,12.633,-0.07044,-0.2,-0.016906
87.543,-1.1059,0.84909,11.687,-0.07886,-0.2,-0.010353
80.361,-1.0579,1.1452,12.197,-0.075341,-0.2,-0.0099005
67.969,-1.1328,2.3077,12.818,-0.071821,-0.2,-0.0094484
87.871,0.21089,0.83798,11.699,-0.079507,-0.2,-0.0020508
80.709,0.32159,1.1099,12.201,-0.075956,-0.2,-0.0019689
68.512,0.33988,2.2628,12.831,-0.072406,-0.2,-0.001887
88.313,1.5148,0.81841,11.556,-0.079298,-0.2,0.0062745
81.187,1.686,1.0668,12.04,-0.075754,-0.2,0.0059845
69.233,1.7966,2.2016,12.674,-0.072209,-0.2,0.0056946
41.062,-5.6231,3.8038,11.571,-0.055504,-0.2,-0.026534
7.0639,-5.2563,4.5101,10.229,-0.045635,-0.2,-0.021889
-25.119,-4.489,3.3495,8.1786,-0.035767,-0.2,-0.017243
-46.789,-3.119,-0.23969,5.6996,-0.025898,-0.2,-0.012598
41.005,-4.2201,3.8537,12.138,-0.058014,-0.2,-0.020483
7.0733,-3.9406,4.5646,10.786,-0.047749,-0.2,-0.016791
-25.108,-3.3775,3.4084,8.6588,-0.037485,-0.2,-0.013099
-46.993,-2.217,-0.18922,6.0922,-0.02722,-0.2,-0.0094076
41.39,-2.7638,3.8802,12.549,-0.059942,-0.2,-0.014224
7.7146,-2.5798,4.6168,11.222,-0.049443,-0.2,-0.011542
-24.327,-2.2327,3.532,9.0596,-0.038945,-0.2,-0.0088608
-46.463,-1.3217,0.08991,6.4636,-0.028447,-0.2,-0.0061793
42.186,-1.274,3.8839,12.798,-0.06126,-0.2,-0.0078154
8.9574,-1.1893,4.6619,11.531,-0.0507,-0.2,-0.0061824
-22.818,-1.0515,3.7048,9.3803,-0.040139,-0.2,-0.0045494
-45.106,-0.41863,0.58466,6.8156,-0.029578,-0.2,-0.0029164
43.363,0.2284,3.8637,12.879,-0.061956,-0.2,-0.0013202
10.795,0.21554,4.6946,11.705,-0.051506,-0.2,-0.00075349
-20.607,0.1528,3.9091,9.6146,-0.041056,-0.2,-0.00018676
-42.864,0.50271,1.2336,7.1387,-0.030606,-0.2,0.00037997
44.902,1.722,3.8179,12.793,-0.062038,-0.2,0.0051981
13.221,1.6189,4.7096,11.74,-0.051867,-0.2,0.0047016
-17.696,1.37,4.1256,9.7582,-0.041697,-0.2,0.004205
-39.776,1.4577,1.9558,7.422,-0.031526,-0.2,0.0037085
-55.448,-2.056,-3.577,3.8112,-0.021123,-0.2,-0.010702
-55.697,-1.2149,-3.5753,4.1656,-0.022504,-0.2,-0.0073707
-55.351,-0.3903,-3.2599,4.5193,-0.023806,-0.2,-0.0040087
-54.32,0.42454,-2.6026,4.8799,-0.025029,-0.2,-0.00061904
-52.487,1.2444,-1.6179,5.2604,-0.026168,-0.2,0.0027967
-49.779,2.0958,-0.38613,5.6629,-0.027217,-0.2,0.0062366
-59.836,-1.5869,-5.1933,2.7477,-0.016296,-0.2,-0.0087634
-60.016,-0.7352,-5.2262,3.0968,-0.017719,-0.2,-0.0053283
-59.499,0.10913,-4.9847,3.4124,-0.019081,-0.2,-0.0018698
-58.332,0.95133,-4.426,3.7071,-0.020381,-0.2,0.0016093
-56.532,1.7926,-3.4766,4.02,-0.021615,-0.2,0.005107
-54.011,2.6613,-2.1073,4.3881,-0.022778,-0.2,0.008621
-62.891,-1.1231,-6.2415,1.7138,-0.011438,-0.2,-0.006796
-63.07,-0.24582,-6.2541,2.0785,-0.012891,-0.2,-0.0032876
-62.414,0.61913,-5.9909,2.402,-0.014301,-0.2,0.00023711
-60.93,1.4555,-5.4505,2.6782,-0.015666,-0.2,0.0037753
-58.691,2.2643,-4.5668,2.9348,-0.016982,-0.2,0.0073248
-55.757,3.0981,-3.2369,3.2166,-0.018246,-0.2,0.010883
-64.349,-0.66492,-6.817,0.56641,-0.0065662,-0.2,-0.0048061
-64.55,0.22985,-6.8115,0.94077,-0.0080387,-0.2,-0.0012503
-63.842,1.1241,-6.5074,1.289,-0.0094849,-0.2,0.0023147
-62.231,1.9746,-5.9377,1.5896,-0.010903,-0.2,0.0058861
-59.786,2.7679,-5.0557,1.8544,-0.012291,-0.2,0.0094614
-56.586,3.5661,-3.7431,2.1136,-0.013646,-0.2,0.013037
-64.167,-0.17965,-6.8066,-0.62052,-0.0016882,-0.2,-0.0027988
-64.376,0.72129,-6.8036,-0.25374,-0.0031703,-0.2,0.00078081
-63.629,1.6161,-6.4963,0.10408,-0.0046434,-0.2,0.0043624
-61.973,2.4593,-5.9155,0.43139,-0.0061057,-0.2,0.0079435
-59.505,3.2403,-5.0183,0.72697,-0.0075553,-0.2,0.011521
-56.276,4.03,-3.6913,1.005,-0.0089911,-0.2,0.015091
-62.283,0.32035,-6.2205,-1.8277,0.0031887,-0.2,-0.00077766
-62.482,1.2065,-6.2285,-1.4704,0.0017068,-0.2,0.002802
-61.751,2.0683,-5.9366,-1.1106,0.0002166,-0.2,0.0063765
-60.15,2.8805,-5.35,-0.7667,-0.0012797,-0.2,0.0099434
-57.768,3.6625,-4.4189,-0.45121,-0.0027813,-0.2,0.013499
-54.613,4.5083,-3.0457,-0.16443,-0.0042882,-0.2,0.01704
-58.839,0.77794,-5.0506,-3.0314,0.0080569,-0.2,0.0012534
-58.995,1.631,-5.0654,-2.675,0.0065851,-0.2,0.0048093
-58.317,2.4629,-4.7713,-2.325,0.0050877,-0.2,0.0083529
-56.841,3.2815,-4.1558,-1.9921,0.0035671,-0.2,0.011882
-54.577,4.1349,-3.1696,-1.6884,0.0020235,-0.2,0.015392
-51.465,5.1111,-1.769,-1.4173,0.00045534,-0.2,0.01888
-53.831,1.2608,-3.1367,-4.3836,0.012909,-0.2,0.0032907
-53.985,2.1057,-3.1428,-4.0231,0.011457,-0.2,0.0067992
-53.38,2.9558,-2.8359,-3.6904,0.0099625,-0.2,0.010288
-51.988,3.8426,-2.2046,-3.3817,0.0084276,-0.2,0.013756
-49.751,4.8067,-1.2385,-3.097,0.0068516,-0.2,0.017197
-46.632,5.8756,0.0091794,-2.8294,0.005232,-0.2,0.020608
-46.816,1.8335,-0.64236,-5.9848,0.017736,-0.2,0.0053314
-46.949,2.728,-0.63704,-5.5919,0.016315,-0.2,0.0087667
-46.329,3.6431,-0.36748,-5.2371,0.014833,-0.2,0.012175
-44.882,4.5999,0.15853,-4.9047,0.013295,-0.2,0.015555
-42.562,5.6075,0.90427,-4.5821,0.011697,-0.2,0.018902
-39.471,6.6469,1.7759,-4.263,0.010037,-0.2,0.02221
-36.437,2.5751,1.7956,-7.7886,0.022521,-0.2,0.0073737
-36.702,3.5012,1.8105,-7.39,0.021143,-0.2,0.010705
-36.226,4.4325,1.9783,-7.0065,0.019687,-0.2,0.014003
-34.968,5.3699,2.2841,-6.6276,0.018157,-0.2,0.017265
-32.973,6.3097,2.6891,-6.2419,0.016551,-0.2,0.020487
-30.498,7.2352,3.1339,-5.8485,0.014862,-0.2,0.023662
-19.682,3.2577,3.4103,-9.7386,0.027237,-0.2,0.0094106
-19.888,4.195,3.4326,-9.3474,0.025918,-0.2,0.012601
-19.396,5.1135,3.5044,-8.9202,0.024503,-0.2,0.015751
-18.163,6.0082,3.6202,-8.457,0.022998,-0.2,0.018858
-16.212,6.8734,3.7648,-7.955,0.021398,-0.2,0.021918
-13.749,7.7063,3.9154,-7.412,0.019696,-0.2,0.024922
154.93,3.8127,-2.7975,-8.8964,0.1255,-0.2,0.048132
158.5,0,0,0,0.13537,-0.2,0.051749
146.41,4.1546,-2.608,-9.7993,0.11562,-0.2,0.044515
137.3,3.9086,-1.7024,-9.9651,0.10574,-0.2,0.040898
127.35,3.7455,-0.49561,-10.009,0.095865,-0.2,0.037281
115.75,3.3326,-0.42994,-9.7509,0.085987,-0.2,0.033664
106.42,2.8817,-0.94835,-9.6168,0.077299,-0.2,0.030487
153.64,4.6898,-3.0192,-8.4688,0.11956,-0.2,0.061561
156.99,0,0,0,0.12893,-0.2,0.066307
145.58,5.1773,-2.7537,-9.3601,0.11018,-0.2,0.056815
136.9,4.8964,-1.7699,-9.5174,0.1008,-0.2,0.052068
127.19,4.7281,-0.50193,-9.552,0.091423,-0.2,0.047321
115.74,4.2472,-0.41739,-9.2729,0.082045,-0.2,0.042574
106.56,3.7391,-0.9363,-9.1637,0.073718,-0.2,0.038367
152.47,5.5322,-3.2451,-7.9219,0.11212,-0.2,0.074229
155.5,0,0,0,0.12086,-0.2,0.080032
145.06,6.1144,-2.8568,-8.7906,0.10338,-0.2,0.068426
136.82,5.8218,-1.783,-8.9519,0.094639,-0.2,0.062623
127.16,5.6612,-0.47923,-8.9816,0.085897,-0.2,0.05682
115.72,5.1114,-0.39462,-8.7033,0.077155,-0.2,0.051016
106.62,4.5469,-0.91154,-8.6398,0.069319,-0.2,0.045823
152.18,6.2601,-3.3956,-7.2564,0.10334,-0.2,0.086001
154.91,0,0,0,0.11133,-0.2,0.092775
145.32,6.9402,-2.9013,-8.1239,0.095355,-0.2,0.079227
137.27,6.6667,-1.7526,-8.2828,0.08737,-0.2,0.072453
127.42,6.5292,-0.43295,-8.3046,0.079384,-0.2,0.065678
115.88,5.92,-0.35977,-8.0424,0.071398,-0.2,0.058903
106.8,5.3101,-0.87673,-8.0384,0.06417,-0.2,0.052782
153.93,6.8606,-3.4455,-6.4335,0.093334,-0.2,0.096751
156.91,0,0,0,0.10046,-0.2,0.1044
146.68,7.6674,-2.8691,-7.335,0.086211,-0.2,0.089101
138.25,7.4378,-1.6768,-7.4986,0.079088,-0.2,0.081451
127.95,7.3332,-0.37088,-7.5173,0.071965,-0.2,0.073801
116.21,6.6713,-0.31987,-7.2977,0.064841,-0.2,0.066151
107.13,6.0279,-0.8377,-7.3721,0.058329,-0.2,0.05917
156.59,7.3873,-3.3925,-5.5618,0.08228,-0.2,0.10643
160.38,0,0,0,0.088457,-0.2,0.11486
148.21,8.3095,-2.7752,-6.4988,0.076103,-0.2,0.097996
139.22,8.1236,-1.5876,-6.6591,0.069926,-0.2,0.089564
128.47,8.0513,-0.31513,-6.6709,0.06375,-0.2,0.081132
116.55,7.3492,-0.28407,-6.511,0.057573,-0.2,0.072701
107.5,6.6924,-0.79903,-6.6749,0.051866,-0.2,0.06493
100.88,2.7631,-1.0429,-9.7653,0.074296,-0.2,0.028384
96.556,2.6343,-1.0067,-9.9635,0.071293,-0.2,0.02628
89.401,2.6764,-0.4851,-10.738,0.06829,-0.2,0.024177
101.07,3.6476,-1.023,-9.3467,0.07094,-0.2,0.035972
96.745,3.5437,-0.98854,-9.5813,0.068163,-0.2,0.033577
89.534,3.6761,-0.46583,-10.396,0.065385,-0.2,0.031182
101.19,4.491,-0.99152,-8.8612,0.066801,-0.2,0.043164
96.876,4.4188,-0.9601,-9.1312,0.064284,-0.2,0.040505
89.647,4.6462,-0.43451,-9.9712,0.061767,-0.2,0.037846
101.36,5.2962,-0.95184,-8.2976,0.061937,-0.2,0.049887
97.022,5.2631,-0.92327,-8.6071,0.059704,-0.2,0.046991
89.756,5.5879,-0.39193,-9.4637,0.057472,-0.2,0.044096
101.63,6.0609,-0.90918,-7.6691,0.056401,-0.2,0.056068
97.24,6.0738,-0.88087,-8.0213,0.054474,-0.2,0.052965
89.905,6.495,-0.33923,-8.8777,0.052547,-0.2,0.049863
101.95,6.7782,-0.86346,-7.0007,0.050259,-0.2,0.061647
97.479,6.8501,-0.83218,-7.3839,0.048653,-0.2,0.058365
90.049,7.3671,-0.27783,-8.2135,0.047047,-0.2,0.055083
72.782,3.3174,1.0302,-12.14,0.058027,-0.2,0.020485
43.518,3.8863,2.8426,-12.665,0.047763,-0.2,0.016794
8.3874,3.7482,3.7806,-11.624,0.0375,-0.2,0.013102
72.833,4.4515,1.0649,-11.76,0.055518,-0.2,0.026537
43.399,5.0737,2.8872,-12.216,0.045652,-0.2,0.021892
8.2763,4.8208,3.8149,-11.184,0.035785,-0.2,0.017247
72.947,5.5515,1.1044,-11.273,0.052451,-0.2,0.032323
43.539,6.2151,2.9265,-11.658,0.043135,-0.2,0.026799
8.7083,5.854,3.8506,-10.663,0.033819,-0.2,0.021275
73.1,6.6086,1.1486,-10.683,0.048853,-0.2,0.037787
43.938,7.2975,2.9599,-10.999,0.040235,-0.2,0.031477
9.7349,6.8369,3.8868,-10.064,0.031616,-0.2,0.025168
73.315,7.6118,1.1968,-9.9916,0.04476,-0.2,0.042876
44.655,8.307,2.9871,-10.243,0.036972,-0.2,0.03589
11.444,7.7582,3.9213,-9.3915,0.029185,-0.2,0.028904
73.569,8.5508,1.2487,-9.2036,0.040209,-0.2,0.047543
45.724,9.2303,3.0078,-9.4019,0.033371,-0.2,0.040002
13.832,8.6139,3.9508,-8.6488,0.026534,-0.2,0.032462
155.58,1.527,-2.839,9.8633,-0.13219,-0.2,0.024973
160.98,0,0,0,-0.14244,-0.2,0.02696
144.86,1.9389,-2.0489,10.875,-0.12194,-0.2,0.022986
134.1,1.9692,-0.66129,10.712,-0.11169,-0.2,0.020999
122.28,2.0201,0.65368,10.673,-0.10143,-0.2,0.019013
109.43,2.2087,0.93715,10.583,-0.09118,-0.2,0.017026
97.532,2.5714,0.77156,10.779,-0.08172,-0.2,0.015193
155.67,2.5569,-2.8528,9.6434,-0.12881,-0.2,0.038643
161.01,0,0,0,-0.13879,-0.2,0.041689
145.05,3.0741,-2.0666,10.581,-0.11883,-0.2,0.035596
134.38,3.0945,-0.68776,10.407,-0.10884,-0.2,0.03255
122.63,3.1455,0.61951,10.363,-0.098857,-0.2,0.029503
109.87,3.3368,0.894,10.243,-0.088872,-0.2,0.026457
98.076,3.737,0.725,10.384,-0.079661,-0.2,0.023646
155.65,3.6197,-2.8668,9.2829,-0.12403,-0.2,0.051886
160.84,0,0,0,-0.13364,-0.2,0.055958
145.21,4.251,-2.0873,10.123,-0.11443,-0.2,0.047814
134.58,4.2615,-0.72092,9.9379,-0.10482,-0.2,0.043742
122.91,4.3116,0.57738,9.8881,-0.09521,-0.2,0.03967
110.26,4.5021,0.84149,9.7324,-0.085602,-0.2,0.035598
98.586,4.9348,0.66641,9.8013,-0.076738,-0.2,0.031841
88.844,2.7863,0.78976,11.26,-0.078224,-0.2,0.014534
81.772,3.0148,1.0162,11.719,-0.074728,-0.2,0.013875
70.099,3.215,2.1247,12.347,-0.071231,-0.2,0.013216
89.472,4.0111,0.75331,10.827,-0.076256,-0.2,0.022627
82.473,4.2938,0.96415,11.253,-0.072851,-0.2,0.021607
71.106,4.5799,2.042,11.867,-0.069447,-0.2,0.020587
90.084,5.2675,0.70344,10.194,-0.073461,-0.2,0.030472
83.167,5.6061,0.90016,10.576,-0.070184,-0.2,0.029103
71.969,5.9856,1.942,11.16,-0.066907,-0.2,0.027734
46.734,3.183,3.7458,12.541,-0.061504,-0.2,0.011679
16.158,2.9974,4.7017,11.633,-0.051776,-0.2,0.010142
-14.111,2.5786,4.3289,9.7975,-0.042049,-0.2,0.0086053
-35.946,2.4344,2.6611,7.6549,-0.032322,-0.2,0.0070686
48.796,4.5965,3.6547,12.134,-0.060327,-0.2,0.018055
19.49,4.3449,4.6688,11.391,-0.051207,-0.2,0.015524
-9.7847,3.8077,4.5039,9.7397,-0.042088,-0.2,0.012992
-31.589,3.5091,3.3287,7.8415,-0.032968,-0.2,0.01046
50.207,6.0627,3.5632,11.488,-0.058539,-0.2,0.024271
21.24,5.7228,4.6403,10.903,-0.050172,-0.2,0.020808
-7.4668,5.0309,4.5959,9.4117,-0.041804,-0.2,0.017345
-26.591,4.4345,3.8456,7.9958,-0.033436,-0.2,0.013882
-46.139,2.9672,0.91365,6.0793,-0.028163,-0.2,0.0096992
-41.966,3.9765,2.1867,6.4741,-0.028986,-0.2,0.013183
-31.364,5.0879,3.4598,7.1208,-0.029659,-0.2,0.016684
-50.435,3.5464,-0.47373,4.8292,-0.02386,-0.2,0.012149
-45.786,4.6142,1.2651,5.2833,-0.024842,-0.2,0.015688
-34.429,5.9265,3.0299,5.9789,-0.025705,-0.2,0.019232
-51.883,3.9698,-1.5097,3.5869,-0.019451,-0.2,0.014445
-46.867,5.0967,0.51068,4.0355,-0.020581,-0.2,0.018009
-35.828,6.6387,2.6723,4.7609,-0.021621,-0.2,0.021565
-52.498,4.4278,-1.9865,2.4321,-0.014963,-0.2,0.016609
-47.216,5.6035,0.15605,2.8429,-0.01623,-0.2,0.020171
-36.305,7.3001,2.5033,3.5399,-0.017437,-0.2,0.023714
-52.15,4.9446,-1.8897,1.3041,-0.01041,-0.2,0.018648
-46.66,6.1852,0.26931,1.6749,-0.011805,-0.2,0.022186
-35.584,7.9322,2.5629,2.3031,-0.013168,-0.2,0.025692
-50.478,5.5485,-1.2147,0.11948,-0.0057997,-0.2,0.020559
-44.74,6.8279,0.81256,0.47583,-0.0073116,-0.2,0.024048
-33.368,8.5121,2.8181,1.0258,-0.0088223,-0.2,0.027493
-47.225,6.2601,-0.051089,-1.1457,-0.0011387,-0.2,0.022336
-41.179,7.4838,1.6386,-0.77564,-0.0027582,-0.2,0.025753
-29.596,9.0145,3.1911,-0.29759,-0.0044059,-0.2,0.029113
-42.347,7.0056,1.3619,-2.5319,0.0035652,-0.2,0.023979
-36.095,8.0722,2.5456,-2.0959,0.0018479,-0.2,0.027299
-24.429,9.4044,3.5864,-1.6613,7.2906e-05,-0.2,0.030551
-35.396,7.6542,2.6328,-3.9088,0.0083078,-0.2,0.025469
-29.323,8.5427,3.3246,-3.4152,0.0065034,-0.2,0.028667
-17.917,9.6704,3.9177,-3.0345,0.0046118,-0.2,0.031785
-27.361,8.1083,3.5508,-5.4184,0.013084,-0.2,0.026779
-22.216,8.8728,3.8775,-4.862,0.011205,-0.2,0.029825
-10.803,9.8024,4.1367,-4.4889,0.0092093,-0.2,0.032779
-10.891,8.5015,4.0499,-6.8151,0.017884,-0.2,0.02786
-7.3105,9.2372,4.1541,-6.138,0.015946,-0.2,0.030716
-2.9643,9.8384,4.2187,-5.589,0.013862,-0.2,0.033468
158.1,7.8567,-3.2775,-4.8189,0.072672,-0.2,0.11317
162.52,0,0,0,0.078176,-0.2,0.12205
148.9,8.8517,-2.6766,-5.7037,0.067168,-0.2,0.1043
139.63,8.7018,-1.5165,-5.8442,0.061664,-0.2,0.095429
128.65,8.6548,-0.2756,-5.8333,0.05616,-0.2,0.086556
116.66,7.9326,-0.25538,-5.7368,0.050656,-0.2,0.077683
107.68,7.292,-0.75994,-5.9858,0.045573,-0.2,0.069502
158.35,8.2742,-3.1777,-4.0978,0.062535,-0.2,0.1191
163,0,0,0,0.06734,-0.2,0.12837
148.85,9.3292,-2.6105,-4.8985,0.05773,-0.2,0.10983
139.5,9.201,-1.4682,-5.0313,0.052925,-0.2,0.10056
128.45,9.1684,-0.24839,-4.989,0.04812,-0.2,0.091287
116.52,8.4481,-0.2283,-4.9577,0.043315,-0.2,0.082016
107.55,7.8472,-0.71573,-5.2855,0.038879,-0.2,0.073466
158.15,8.6734,-3.113,-3.23,0.051884,-0.2,0.12404
162.8,0,0,0,0.055958,-0.2,0.13364
148.61,9.7862,-2.5604,-3.9371,0.04781,-0.2,0.11443
139.08,9.6686,-1.4225,-4.0596,0.043736,-0.2,0.10483
128.02,9.6439,-0.21627,-3.9887,0.039662,-0.2,0.095223
116.28,8.9439,-0.19217,-4.04,0.035588,-0.2,0.085618
107.25,8.4081,-0.65731,-4.4541,0.03183,-0.2,0.076756
102.06,7.4393,-0.81379,-6.3175,0.044059,-0.2,0.066235
97.484,7.5862,-0.77736,-6.7015,0.042545,-0.2,0.062967
89.973,8.1989,-0.20871,-7.473,0.041031,-0.2,0.059699
101.8,8.0579,-0.75809,-5.6035,0.037441,-0.2,0.070198
97.098,8.2823,-0.71536,-5.9638,0.036003,-0.2,0.06693
89.573,8.9746,-0.13132,-6.6553,0.034565,-0.2,0.063662
101.33,8.6848,-0.68459,-4.7539,0.03046,-0.2,0.07348
96.468,8.9785,-0.63266,-5.0839,0.029091,-0.2,0.070204
88.787,9.7411,-0.019387,-5.6804,0.027721,-0.2,0.066929
73.721,9.4172,1.3045,-8.3301,0.035244,-0.2,0.05174
46.969,10.061,3.0221,-8.4916,0.029457,-0.2,0.04378
16.553,9.4079,3.9721,-7.8509,0.023671,-0.2,0.03582
73.694,10.198,1.3622,-7.3783,0.02991,-0.2,0.055426
48.063,10.804,3.0286,-7.5268,0.025256,-0.2,0.047189
18.853,10.148,3.9836,-7.0217,0.020601,-0.2,0.038953
72.779,10.955,1.4779,-6.2553,0.024256,-0.2,0.058563
47.591,11.483,3.0982,-6.3907,0.020792,-0.2,0.050198
18.436,10.777,4.0224,-6.0391,0.017327,-0.2,0.041833
155.59,4.7841,-2.8896,8.6863,-0.11534,-0.2,0.068986
160.69,0,0,0,-0.12426,-0.2,0.074379
145.26,5.5581,-2.1312,9.4178,-0.10642,-0.2,0.063593
134.7,5.5593,-0.78674,9.227,-0.097497,-0.2,0.0582
123.15,5.6003,0.506,9.1705,-0.088576,-0.2,0.052807
110.64,5.7746,0.76714,8.9666,-0.079654,-0.2,0.047414
99.102,6.2221,0.58675,8.9365,-0.071423,-0.2,0.042439
155.93,5.9047,-2.9123,7.8596,-0.10447,-0.2,0.084797
161.11,0,0,0,-0.11255,-0.2,0.091419
145.5,6.8228,-2.1871,8.4929,-0.096388,-0.2,0.078175
135.01,6.8123,-0.86849,8.3055,-0.088308,-0.2,0.071553
123.59,6.8418,0.41955,8.2445,-0.080229,-0.2,0.064932
111.23,6.9853,0.67796,7.9872,-0.072149,-0.2,0.05831
99.879,7.4274,0.49018,7.8477,-0.064694,-0.2,0.0522
156.17,6.9249,-2.9322,6.889,-0.09123,-0.2,0.098682
161.35,0,0,0,-0.098271,-0.2,0.10637
145.82,7.9415,-2.2348,7.3957,-0.08419,-0.2,0.090994
135.49,7.9091,-0.94217,7.2148,-0.077149,-0.2,0.083306
124.21,7.9208,0.33444,7.1533,-0.070109,-0.2,0.075618
112.05,8.018,0.58069,6.8459,-0.063068,-0.2,0.06793
100.95,8.4319,0.38171,6.6022,-0.056572,-0.2,0.060837
156.3,7.7891,-2.9568,5.8097,-0.076283,-0.2,0.11069
161.35,0,0,0,-0.082162,-0.2,0.11931
146.19,8.8767,-2.2833,6.1682,-0.070405,-0.2,0.10208
136.06,8.8232,-1.0188,5.9924,-0.064527,-0.2,0.09346
124.95,8.8198,0.24426,5.9304,-0.058648,-0.2,0.084843
113,8.8524,0.47545,5.5798,-0.05277,-0.2,0.076227
102.17,9.2129,0.26186,5.2363,-0.047346,-0.2,0.068277
156.74,8.4684,-2.9752,4.6025,-0.059771,-0.2,0.12045
161.75,0,0,0,-0.064364,-0.2,0.12982
146.72,9.6172,-2.3304,4.8259,-0.055177,-0.2,0.11108
136.68,9.5462,-1.0938,4.661,-0.050583,-0.2,0.10171
125.66,9.5279,0.15369,4.6069,-0.04599,-0.2,0.092347
113.93,9.4784,0.36329,4.2245,-0.041396,-0.2,0.082979
103.42,9.7616,0.12973,3.7899,-0.037158,-0.2,0.074337
157.02,8.9829,-2.9923,3.3282,-0.042005,-0.2,0.12768
161.92,0,0,0,-0.045215,-0.2,0.13759
147.15,10.161,-2.3714,3.3993,-0.038795,-0.2,0.11776
137.23,10.075,-1.1622,3.2467,-0.035585,-0.2,0.10785
126.3,10.042,0.066651,3.2104,-0.032375,-0.2,0.09793
114.77,9.8917,0.247,2.8134,-0.029165,-0.2,0.088013
104.6,10.073,-0.012611,2.3017,-0.026203,-0.2,0.078865
157.38,9.3002,-3.005,1.9994,-0.023424,-0.2,0.13246
162.21,0,0,0,-0.025192,-0.2,0.14274
147.6,10.496,-2.4075,1.9177,-0.021656,-0.2,0.12217
137.73,10.4,-1.2233,1.7775,-0.019889,-0.2,0.11188
126.84,10.357,-0.012464,1.7675,-0.018121,-0.2,0.1016
115.49,10.089,0.13256,1.3777,-0.016353,-0.2,0.091309
105.69,10.142,-0.16087,0.80661,-0.014722,-0.2,0.081818
157.72,9.4275,-3.0145,0.63559,-0.0043338,-0.2,0.13437
162.5,0,0,0,-0.0046187,-0.2,0.14479
147.99,10.62,-2.4368,0.39898,-0.0040488,-0.2,0.12394
138.16,10.518,-1.2726,0.27118,-0.0037639,-0.2,0.11352
127.25,10.475,-0.076753,0.29742,-0.0034789,-0.2,0.10309
116,10.07,0.025694,-0.057947,-0.003194,-0.2,0.09267
106.56,9.9715,-0.31029,-0.66142,-0.002931,-0.2,0.083053
157.93,9.3696,-3.0298,-0.72509,0.014834,-0.2,0.13364
162.63,0,0,0,0.016036,-0.2,0.144
148.29,10.535,-2.4636,-1.122,0.013631,-0.2,0.12327
138.49,10.425,-1.3135,-1.2422,0.012429,-0.2,0.11291
127.52,10.389,-0.12619,-1.1855,0.011227,-0.2,0.10255
116.23,9.8468,-0.067347,-1.4669,0.010025,-0.2,0.092182
107.05,9.5819,-0.45321,-2.0574,0.0089158,-0.2,0.082621
158.07,9.0845,-3.0581,-2.0608,0.033697,-0.2,0.13015
162.7,0,0,0,0.036362,-0.2,0.14023
148.49,10.233,-2.5051,-2.6202,0.031033,-0.2,0.12006
138.73,10.119,-1.3639,-2.7379,0.028368,-0.2,0.10998
127.69,10.091,-0.17119,-2.6651,0.025704,-0.2,0.099894
116.21,9.4447,-0.13944,-2.8344,0.023039,-0.2,0.089809
107.13,9.0224,-0.57208,-3.3516,0.020581,-0.2,0.080504
90.711,6.6061,0.62832,9.2559,-0.068379,-0.2,0.04062
83.902,6.9974,0.80305,9.5752,-0.065335,-0.2,0.038801
72.706,7.4823,1.8106,10.111,-0.062291,-0.2,0.036983
91.637,7.8476,0.53404,8.0835,-0.061931,-0.2,0.04996
84.979,8.2777,0.68835,8.3266,-0.059167,-0.2,0.047719
73.811,8.8659,1.6693,8.7978,-0.056404,-0.2,0.045478
92.897,8.8754,0.42773,6.7554,-0.054166,-0.2,0.058236
86.419,9.3296,0.56906,6.9175,-0.051759,-0.2,0.055635
75.376,10.009,1.5242,7.3063,-0.049353,-0.2,0.053035
94.329,9.6667,0.30814,5.3079,-0.045333,-0.2,0.065358
88.036,10.132,0.43875,5.389,-0.043319,-0.2,0.062438
77.213,10.89,1.3662,5.677,-0.041305,-0.2,0.059519
95.792,10.215,0.17472,3.7838,-0.035579,-0.2,0.071157
89.682,10.678,0.29577,3.7866,-0.034,-0.2,0.067978
79.16,11.499,1.1929,3.9579,-0.03242,-0.2,0.064798
97.214,10.516,0.028942,2.2236,-0.025094,-0.2,0.075497
91.29,10.967,0.14134,2.1524,-0.023985,-0.2,0.072129
81.139,11.831,1.0054,2.1949,-0.022875,-0.2,0.06876
98.575,10.57,-0.12582,0.66404,-0.014102,-0.2,0.078318
92.833,11.002,-0.022452,0.52417,-0.013482,-0.2,0.074818
83.104,11.888,0.80483,0.4313,-0.012862,-0.2,0.071318
99.751,10.384,-0.28428,-0.86007,-0.0028157,-0.2,0.079507
94.203,10.794,-0.19122,-1.0619,-0.0027004,-0.2,0.075962
84.945,11.68,0.5932,-1.2905,-0.0025851,-0.2,0.072416
100.57,9.9733,-0.43967,-2.3052,0.0085251,-0.2,0.079093
95.256,10.361,-0.35729,-2.5627,0.0081344,-0.2,0.075565
86.534,11.229,0.37603,-2.9258,0.0077436,-0.2,0.072038
100.97,9.3664,-0.57805,-3.6332,0.019692,-0.2,0.077069
95.911,9.7175,-0.51044,-3.9335,0.018803,-0.2,0.073633
87.761,10.545,0.16008,-4.4218,0.017914,-0.2,0.070197
50.623,7.634,3.4868,10.481,-0.054133,-0.2,0.031908
20.624,7.1581,4.6324,9.9936,-0.045975,-0.2,0.026834
-8.9024,6.2063,4.5499,8.5747,-0.037817,-0.2,0.021759
51.24,9.118,3.4025,9.1821,-0.048729,-0.2,0.038917
19.974,8.5366,4.6101,8.767,-0.041055,-0.2,0.032355
-11.016,7.3332,4.447,7.4202,-0.03338,-0.2,0.025793
52.464,10.385,3.2919,7.6813,-0.04242,-0.2,0.045167
20.061,9.7643,4.5628,7.3566,-0.035487,-0.2,0.0373
-12.349,8.3544,4.3602,6.1433,-0.028554,-0.2,0.029433
54.226,11.408,3.1508,6.0135,-0.035338,-0.2,0.050568
21.121,10.81,4.4874,5.7797,-0.029371,-0.2,0.041617
-12.483,9.2504,4.3071,4.7693,-0.023404,-0.2,0.032665
56.432,12.165,2.9782,4.2238,-0.027607,-0.2,0.055022
23.202,11.643,4.3818,4.0679,-0.022794,-0.2,0.045245
-11.188,10.006,4.2906,3.3031,-0.017981,-0.2,0.035468
58.988,12.64,2.7757,2.3611,-0.019362,-0.2,0.058444
26.176,12.24,4.2436,2.2639,-0.015849,-0.2,0.048127
-8.4876,10.603,4.2982,1.7534,-0.012336,-0.2,0.03781
61.812,12.826,2.5457,0.47463,-0.010748,-0.2,0.060767
29.907,12.585,4.0702,0.41447,-0.0086338,-0.2,0.050216
-4.537,11.03,4.3093,0.14796,-0.0065199,-0.2,0.039664
64.784,12.725,2.2901,-1.3861,-0.0019206,-0.2,0.06195
34.256,12.672,3.8593,-1.4328,-0.0012561,-0.2,0.051484
0.5001,11.272,4.2999,-1.4814,-0.00059158,-0.2,0.041017
67.76,12.356,2.0133,-3.173,0.0069607,-0.2,0.061975
39.067,12.504,3.6117,-3.2283,0.0061777,-0.2,0.051912
6.4987,11.323,4.2486,-3.0931,0.0053948,-0.2,0.041848
70.547,11.729,1.7201,-4.8326,0.015738,-0.2,0.060842
44.042,12.086,3.3265,-4.9261,0.013562,-0.2,0.051488
13.303,11.171,4.1359,-4.6789,0.011386,-0.2,0.042133
