"U:0","U:1","U:2","p","Points:0","Points:1","Points:2"
-15.157,-4.1483,5.5421,438.56,-0.051881,-0.2,-0.12404
-13.383,-4.4379,4.3546,451.81,-0.055958,-0.2,-0.13364
-15.657,-4.0646,3.4387,439.63,-0.033694,-0.2,-0.13015
-13.798,-4.3253,2.4399,452.59,-0.036362,-0.2,-0.14023
-17.033,-3.221,6.5543,410.99,-0.047803,-0.2,-0.11443
-17.63,-3.2083,4.2225,412.54,-0.031026,-0.2,-0.12006
-17.128,-1.1129,6.4723,381,-0.043726,-0.2,-0.10483
-17.756,-1.1848,4.1008,382.75,-0.028359,-0.2,-0.10998
-17.14,1.112,6.5366,348.34,-0.039648,-0.2,-0.09522
-17.798,1.0034,4.177,350.25,-0.025691,-0.2,-0.099892
-17.152,1.635,6.4832,312.25,-0.035571,-0.2,-0.085615
-17.824,1.5221,4.1123,314.58,-0.023023,-0.2,-0.089806
-17.489,1.1729,6.6273,278.44,-0.031809,-0.2,-0.076752
-18.15,1.0422,4.1669,281.29,-0.020562,-0.2,-0.080501
-13.976,-4.1875,0.37645,454.29,-0.016036,-0.2,-0.144
-15.884,-3.9606,1.151,441.42,-0.014831,-0.2,-0.13364
-17.912,-3.1857,1.6683,414.78,-0.013626,-0.2,-0.12327
-18.075,-1.2622,1.4966,385.45,-0.01242,-0.2,-0.11291
-18.159,0.87918,1.5811,353.26,-0.011215,-0.2,-0.10254
-18.194,1.3909,1.5111,317.98,-0.01001,-0.2,-0.09218
-18.496,0.8964,1.4981,285.16,-0.0088985,-0.2,-0.082618
-13.815,-4.0358,-1.6826,456.37,0.0046186,-0.2,-0.14479
-15.754,-3.8466,-1.1379,443.44,0.0043362,-0.2,-0.13437
-17.815,-3.1618,-0.88641,417.01,0.0040539,-0.2,-0.12394
-18.01,-1.344,-1.1114,388.08,0.0037715,-0.2,-0.11352
-18.145,0.75154,-1.0259,356.21,0.0034892,-0.2,-0.10309
-18.186,1.2575,-1.0887,321.41,0.0032069,-0.2,-0.092668
-18.447,0.7517,-1.1498,289.04,0.0029463,-0.2,-0.08305
-13.397,-3.8752,-3.7135,457.7,0.025192,-0.2,-0.14274
-15.335,-3.7248,-3.3934,444.8,0.023426,-0.2,-0.13246
-17.376,-3.129,-3.3945,418.75,0.021661,-0.2,-0.12217
-17.569,-1.4145,-3.6652,390.34,0.019895,-0.2,-0.11188
-17.748,0.63221,-3.5776,358.94,0.01813,-0.2,-0.10159
-17.809,1.1255,-3.6275,324.73,0.016364,-0.2,-0.091307
-18.032,0.60651,-3.7218,292.82,0.014735,-0.2,-0.081816
-12.749,-3.71,-5.5564,458.17,0.045214,-0.2,-0.13759
-14.626,-3.5988,-5.508,445.56,0.042006,-0.2,-0.12768
-16.598,-3.0887,-5.796,420.13,0.038798,-0.2,-0.11776
-16.788,-1.4706,-6.104,392.29,0.03559,-0.2,-0.10784
-17.002,0.52403,-6.023,361.41,0.032382,-0.2,-0.097928
-17.091,0.99432,-6.0622,327.71,0.029174,-0.2,-0.088012
-17.276,0.4563,-6.1788,296.01,0.026215,-0.2,-0.078863
-11.865,-3.5439,-7.2206,458.49,0.064364,-0.2,-0.12982
-13.636,-3.4732,-7.4677,446.28,0.059772,-0.2,-0.12045
-15.499,-3.0477,-8.0552,421.41,0.05518,-0.2,-0.11108
-15.69,-1.5167,-8.3925,393.97,0.050588,-0.2,-0.10171
-15.939,0.42453,-8.328,363.45,0.045996,-0.2,-0.092346
-16.057,0.8594,-8.3617,329.97,0.041404,-0.2,-0.082978
-16.205,0.29572,-8.4739,298.41,0.037167,-0.2,-0.074335
-10.793,-3.387,-8.8162,458.45,0.082161,-0.2,-0.11931
-12.421,-3.3562,-9.3045,446.6,0.076284,-0.2,-0.11069
-14.123,-3.0124,-10.132,422.29,0.070407,-0.2,-0.10208
-14.299,-1.5582,-10.495,395.19,0.06453,-0.2,-0.093459
-14.581,0.3293,-10.459,364.84,0.058653,-0.2,-0.084842
-14.725,0.71527,-10.484,331.36,0.052776,-0.2,-0.076226
-14.843,0.11887,-10.567,300.07,0.047354,-0.2,-0.068276
-9.4983,-3.2452,-10.241,459.38,0.098271,-0.2,-0.10637
-10.954,-3.2549,-10.945,447.53,0.091231,-0.2,-0.098682
-12.471,-2.9916,-11.989,423.17,0.084192,-0.2,-0.090994
-12.635,-1.6051,-12.384,396.09,0.077152,-0.2,-0.083306
-12.945,0.23138,-12.389,365.68,0.070112,-0.2,-0.075617
-13.116,0.55913,-12.387,332.14,0.063073,-0.2,-0.067929
-13.216,-0.075737,-12.43,301.18,0.056578,-0.2,-0.060836
-8.0279,-3.1422,-11.539,459.21,0.11255,-0.2,-0.091419
-9.2813,-3.1827,-12.412,447.62,0.10447,-0.2,-0.084797
-10.578,-2.9907,-13.622,423.6,0.09639,-0.2,-0.078175
-10.722,-1.6655,-14.036,396.68,0.08831,-0.2,-0.071553
-11.054,0.12827,-14.077,366.29,0.080231,-0.2,-0.064931
-11.242,0.39316,-14.041,332.78,0.072152,-0.2,-0.058309
-11.339,-0.28558,-14.033,302.15,0.064697,-0.2,-0.0522
-6.5026,-3.08,-12.651,458.14,0.12426,-0.2,-0.074379
-7.4916,-3.1421,-13.655,447.06,0.11534,-0.2,-0.068986
-8.5008,-3.0041,-14.98,423.71,0.10642,-0.2,-0.063593
-8.6089,-1.7254,-15.4,397.11,0.097498,-0.2,-0.0582
-8.9451,0.024159,-15.477,366.89,0.088577,-0.2,-0.052807
-9.1562,0.21713,-15.419,333.56,0.079656,-0.2,-0.047414
-9.2723,-0.50859,-15.351,303.29,0.071425,-0.2,-0.042438
-4.866,-3.0499,-13.45,458.88,0.13364,-0.2,-0.055958
-5.6239,-3.132,-14.562,447.49,0.12403,-0.2,-0.051886
-6.3894,-3.0432,-15.992,423.81,0.11443,-0.2,-0.047814
-6.4686,-1.7998,-16.427,397.33,0.10482,-0.2,-0.043742
-6.8008,-0.084708,-16.528,367.28,0.09521,-0.2,-0.03967
-7.0542,0.045321,-16.452,334.22,0.085602,-0.2,-0.035598
-7.2058,-0.722,-16.332,304.4,0.076738,-0.2,-0.031841
-14.508,-4.2108,7.3213,438.48,-0.064555,-0.2,-0.11792
-12.844,-4.5299,6.0209,451.82,-0.069613,-0.2,-0.12704
-16.249,-3.2134,8.4722,410.63,-0.059497,-0.2,-0.10879
-16.308,-1.0337,8.413,380.5,-0.054438,-0.2,-0.099666
-16.298,1.2065,8.4657,347.69,-0.04938,-0.2,-0.09054
-16.297,1.7204,8.4441,311.33,-0.044322,-0.2,-0.081415
-16.634,1.2759,8.6817,277.35,-0.039655,-0.2,-0.072996
-12.171,-4.6168,7.4972,451.55,-0.082504,-0.2,-0.11906
-13.712,-4.2675,8.8863,438.4,-0.076521,-0.2,-0.11051
-15.303,-3.2033,10.142,410.53,-0.070538,-0.2,-0.10197
-15.321,-0.96124,10.093,380.15,-0.064555,-0.2,-0.093421
-15.294,1.288,10.133,347.14,-0.058571,-0.2,-0.084876
-15.277,1.7892,10.156,310.78,-0.052588,-0.2,-0.07633
-15.594,1.364,10.472,276.91,-0.047068,-0.2,-0.068445
-11.366,-4.698,8.8459,451.06,-0.094493,-0.2,-0.10978
-12.763,-4.3222,10.339,437.95,-0.08765,-0.2,-0.1019
-14.182,-3.2003,11.715,409.9,-0.080808,-0.2,-0.094031
-14.159,-0.90524,11.671,379.38,-0.073965,-0.2,-0.086158
-14.119,1.3536,11.694,346.34,-0.067123,-0.2,-0.078285
-14.084,1.8461,11.743,310.08,-0.06028,-0.2,-0.070412
-14.366,1.4425,12.133,276.18,-0.053968,-0.2,-0.063149
-10.43,-4.7735,10.08,450.54,-0.10545,-0.2,-0.099296
-11.666,-4.374,11.677,437.31,-0.09782,-0.2,-0.092181
-12.9,-3.2014,13.167,408.99,-0.090192,-0.2,-0.085066
-12.839,-0.86099,13.121,378.43,-0.082565,-0.2,-0.077951
-12.789,1.4051,13.122,345.49,-0.074937,-0.2,-0.070836
-12.735,1.8875,13.186,309.31,-0.06731,-0.2,-0.063722
-12.965,1.5051,13.644,275.37,-0.060273,-0.2,-0.057158
-9.3585,-4.8431,11.194,450.24,-0.11525,-0.2,-0.08773
-10.422,-4.4226,12.884,436.82,-0.10692,-0.2,-0.08145
-11.462,-3.2061,14.472,408.21,-0.098587,-0.2,-0.075171
-11.373,-0.82787,14.416,377.66,-0.090258,-0.2,-0.068892
-11.316,1.4425,14.396,344.83,-0.081929,-0.2,-0.062612
-11.24,1.9127,14.468,308.73,-0.0736,-0.2,-0.056333
-11.404,1.5493,14.982,274.76,-0.065916,-0.2,-0.05054
-8.1631,-4.9069,12.179,450.03,-0.12378,-0.2,-0.075204
-9.0431,-4.4683,13.952,436.45,-0.11484,-0.2,-0.069829
-9.8856,-3.2144,15.617,407.62,-0.1059,-0.2,-0.064455
-9.7772,-0.80561,15.54,377.09,-0.096964,-0.2,-0.05908
-9.7152,1.4664,15.502,344.35,-0.088026,-0.2,-0.053705
-9.6174,1.9234,15.574,308.32,-0.079087,-0.2,-0.04833
-9.7037,1.5757,16.129,274.33,-0.070841,-0.2,-0.043371
-18.689,0.60132,4.2665,258.2,-0.019672,-0.2,-0.077065
-18.059,0.75882,6.8402,255.01,-0.030438,-0.2,-0.073476
-18.744,1.0964,7.1013,236.67,-0.029067,-0.2,-0.0702
-19.37,0.8989,4.4244,240.1,-0.018782,-0.2,-0.073629
-19.852,2.5042,7.3697,206.82,-0.027696,-0.2,-0.066924
-20.539,2.2772,4.5576,210.62,-0.017892,-0.2,-0.070193
-18.986,0.43286,1.5145,262.55,-0.0085068,-0.2,-0.07909
-19.625,0.66876,1.5768,244.99,-0.0081151,-0.2,-0.075562
-20.849,2.0201,1.53,216.05,-0.0077235,-0.2,-0.072034
-18.875,0.26965,-1.2015,266.78,0.0028318,-0.2,-0.079504
-19.442,0.42713,-1.2172,249.65,0.0027174,-0.2,-0.075959
-20.707,1.7349,-1.4448,221.32,0.002603,-0.2,-0.072413
-18.397,0.11245,-3.8228,270.77,0.014116,-0.2,-0.078316
-18.879,0.18881,-3.8955,253.94,0.013497,-0.2,-0.074816
-20.144,1.4371,-4.2965,226.11,0.012877,-0.2,-0.071315
-17.575,-0.040872,-6.2924,274.09,0.025106,-0.2,-0.075495
-17.976,-0.038011,-6.3968,257.7,0.023997,-0.2,-0.072126
-19.192,1.134,-6.9689,230.61,0.022889,-0.2,-0.068758
-16.442,-0.19675,-8.567,276.79,0.035589,-0.2,-0.071156
-16.773,-0.24991,-8.69,260.97,0.03401,-0.2,-0.067976
-17.9,0.83545,-9.4123,234.77,0.032431,-0.2,-0.064797
-15.033,-0.36485,-10.642,278.94,0.04534,-0.2,-0.065357
-15.307,-0.45055,-10.781,263.53,0.043327,-0.2,-0.062437
-16.312,0.54731,-11.59,238.25,0.041314,-0.2,-0.059517
-13.376,-0.5469,-12.498,280.52,0.054172,-0.2,-0.058235
-13.604,-0.64328,-12.646,265.45,0.051766,-0.2,-0.055635
-14.469,0.26953,-13.493,241.23,0.04936,-0.2,-0.053034
-11.498,-0.73826,-14.091,281.93,0.061935,-0.2,-0.049959
-11.685,-0.82985,-14.247,267.25,0.059172,-0.2,-0.047718
-12.407,-0.00050428,-15.111,244.19,0.056409,-0.2,-0.045477
-9.4403,-0.93679,-15.382,283.51,0.068381,-0.2,-0.04062
-9.5988,-1.0088,-15.545,269.3,0.065337,-0.2,-0.038801
-10.178,-0.26298,-16.415,247.49,0.062293,-0.2,-0.036982
-7.3816,-1.125,-16.331,285.02,0.073461,-0.2,-0.030472
-7.5282,-1.1713,-16.501,271.14,0.070184,-0.2,-0.029103
-7.9987,-0.48434,-17.375,250.18,0.066907,-0.2,-0.027734
-17.222,0.89455,8.9966,253.8,-0.037951,-0.2,-0.069883
-17.888,1.2549,9.3624,235.32,-0.036246,-0.2,-0.066771
-18.931,2.7159,9.7268,204.69,-0.034542,-0.2,-0.063658
-16.181,1.017,10.859,253.08,-0.045049,-0.2,-0.065529
-16.811,1.3802,11.323,234.22,-0.043029,-0.2,-0.062612
-17.79,2.9012,11.799,202.35,-0.041009,-0.2,-0.059696
-14.931,1.1303,12.606,251.95,-0.051654,-0.2,-0.060459
-15.507,1.4808,13.158,232.71,-0.04934,-0.2,-0.057769
-16.414,3.0508,13.747,199.7,-0.047027,-0.2,-0.055079
-13.487,1.2337,14.206,250.83,-0.057692,-0.2,-0.054725
-13.994,1.5679,14.833,231.34,-0.05511,-0.2,-0.052292
-14.817,3.173,15.521,197.38,-0.052529,-0.2,-0.04986
-11.866,1.3217,15.628,250.03,-0.063096,-0.2,-0.048391
-12.294,1.6431,16.317,230.36,-0.060276,-0.2,-0.046242
-13.017,3.2731,17.087,195.69,-0.057455,-0.2,-0.044093
-10.091,1.3909,16.853,249.44,-0.067811,-0.2,-0.041529
-10.433,1.7058,17.592,229.63,-0.064781,-0.2,-0.039686
-11.047,3.3551,18.426,194.55,-0.061752,-0.2,-0.037844
-21.38,4.2574,4.1046,152.34,-0.015713,-0.2,-0.060838
-20.674,4.461,7.0001,149.28,-0.024229,-0.2,-0.058559
-20.22,6.1654,6.0454,69.637,-0.020761,-0.2,-0.050193
-20.81,6.006,3.2637,71.172,-0.013534,-0.2,-0.051483
-18.035,6.5167,4.6501,-12.702,-0.017293,-0.2,-0.041828
-18.384,6.342,2.1467,-14.238,-0.011355,-0.2,-0.042128
-15.726,5.5968,3.4776,-67.513,-0.013825,-0.2,-0.033462
-15.24,4.8048,1.563,-78.337,-0.0091757,-0.2,-0.032773
-21.73,4.0766,0.93253,156.08,-0.006938,-0.2,-0.061971
-21.006,5.879,0.14936,70.543,-0.0061525,-0.2,-0.051907
-18.291,6.1165,-0.70042,-19.5,-0.0053671,-0.2,-0.041844
-14.698,3.9899,-0.81148,-84.987,-0.0045816,-0.2,-0.03178
-21.646,3.866,-2.2214,160.23,0.0019407,-0.2,-0.061946
-20.816,5.7337,-2.9536,71.286,0.0012785,-0.2,-0.05148
-17.947,5.9318,-3.4184,-21.961,0.00061623,-0.2,-0.041013
-14.093,3.4078,-2.9649,-88.918,-4.6009e-05,-0.2,-0.030546
-21.092,3.6315,-5.2897,164.82,0.010765,-0.2,-0.060764
-20.214,5.5788,-6.0149,73.892,0.0086534,-0.2,-0.050212
-17.339,5.7977,-6.0952,-21.559,0.0065414,-0.2,-0.039661
-13.415,3.1563,-5.1417,-89.591,0.0044294,-0.2,-0.029109
-20.113,3.3711,-8.1982,170.28,0.019377,-0.2,-0.058441
-19.248,5.412,-8.9515,78.888,0.015866,-0.2,-0.048124
-16.481,5.7458,-8.6922,-17.862,0.012354,-0.2,-0.037806
-12.668,3.2837,-7.3389,-87.045,0.0088425,-0.2,-0.027489
-18.754,3.0859,-10.88,176.42,0.02762,-0.2,-0.05502
-17.941,5.224,-11.698,86.178,0.022808,-0.2,-0.045243
-15.374,5.7667,-11.177,-10.523,0.017997,-0.2,-0.035466
-11.827,3.7276,-9.5687,-80.749,0.013185,-0.2,-0.025689
-17.057,2.778,-13.266,182.84,0.035348,-0.2,-0.050566
-16.32,5.0069,-14.192,95.535,0.029382,-0.2,-0.041615
-14.031,5.8132,-13.485,0.5694,0.023416,-0.2,-0.032663
-10.875,4.4013,-11.79,-70.292,0.01745,-0.2,-0.023712
-15.083,2.4493,-15.324,189.44,0.042428,-0.2,-0.045166
-14.435,4.7559,-16.376,106.72,0.035496,-0.2,-0.037299
-12.477,5.8375,-15.576,15.01,0.028563,-0.2,-0.029431
-9.8099,5.1393,-13.948,-56.313,0.021631,-0.2,-0.021564
-12.887,2.1029,-17.039,196.22,0.048734,-0.2,-0.038916
-12.346,4.4679,-18.21,119.27,0.04106,-0.2,-0.032354
-10.745,5.7964,-17.409,31.996,0.033386,-0.2,-0.025792
-8.6128,5.7475,-15.964,-39.719,0.025712,-0.2,-0.019231
-10.522,1.7448,-18.384,203.24,0.054136,-0.2,-0.031908
-10.117,4.1468,-19.678,132.44,0.045978,-0.2,-0.026833
-8.8765,5.6741,-18.953,50.238,0.03782,-0.2,-0.021758
-7.1717,6.0824,-17.678,-18.415,0.029663,-0.2,-0.016684
-8.2066,1.4613,-19.358,208.29,0.058539,-0.2,-0.024271
-7.9085,3.9029,-20.741,141.62,0.050172,-0.2,-0.020808
-7.0042,5.558,-20.055,62.027,0.041804,-0.2,-0.017345
-6.0595,6.1522,-18.816,3.6276,0.033436,-0.2,-0.013882
-19.695,4.7339,9.3531,145.64,-0.029884,-0.2,-0.055421
-19.219,6.3794,8.1741,63.424,-0.025227,-0.2,-0.047184
-17.061,6.4894,6.3976,-19.761,-0.020569,-0.2,-0.038947
-14.497,4.7676,4.3649,-82.252,-0.015912,-0.2,-0.03071
-18.491,5.0143,11.404,140.66,-0.03522,-0.2,-0.051735
-17.941,6.5768,9.9799,54.753,-0.029431,-0.2,-0.043775
-15.737,6.2976,7.8614,-31.006,-0.023641,-0.2,-0.035815
-12.999,3.6302,5.4412,-94.579,-0.017852,-0.2,-0.027854
-17.061,5.2567,13.36,135.15,-0.040187,-0.2,-0.047539
-16.479,6.7327,11.728,45.532,-0.033347,-0.2,-0.039998
-14.307,6.0517,9.2788,-42.751,-0.026507,-0.2,-0.032457
-11.416,2.4148,6.3705,-104.78,-0.019667,-0.2,-0.024917
-15.412,5.4647,15.167,130.06,-0.044739,-0.2,-0.042873
-14.83,6.8643,13.371,37.332,-0.03695,-0.2,-0.035886
-12.77,5.7995,10.598,-52.898,-0.02916,-0.2,-0.0289
-9.8456,1.3076,7.2333,-113.6,-0.02137,-0.2,-0.021913
-13.552,5.6404,16.785,126.09,-0.048835,-0.2,-0.037783
-12.996,6.9791,14.862,31.233,-0.040214,-0.2,-0.031474
-11.12,5.5889,11.792,-60.298,-0.031594,-0.2,-0.025164
-8.2903,0.41438,8.0348,-120.4,-0.022973,-0.2,-0.018854
-11.515,5.7851,18.188,123.33,-0.052434,-0.2,-0.03232
-11.004,7.0827,16.18,27.279,-0.043116,-0.2,-0.026796
-9.3781,5.4633,12.856,-64.982,-0.033799,-0.2,-0.021272
-6.752,-0.19794,8.7765,-124.98,-0.024481,-0.2,-0.015747
-12.998,2.5436,2.2198,-108.87,-0.011173,-0.2,-0.02982
-11.291,0.4075,3.0861,-122.8,-0.013054,-0.2,-0.026774
-9.5346,-1.6783,3.7418,-131.84,-0.014834,-0.2,-0.023657
-7.8714,-3.4572,4.3973,-139.27,-0.016525,-0.2,-0.020483
-6.3129,-4.8352,5.038,-144.99,-0.018134,-0.2,-0.017261
-4.8347,-5.7827,5.6525,-148.9,-0.019665,-0.2,-0.014
-12.081,0.91687,0.15815,-115.21,-0.0064747,-0.2,-0.028662
-10.294,-1.6985,1.0766,-130.55,-0.0082806,-0.2,-0.025464
-8.5727,-4.0639,1.8022,-141.29,-0.010011,-0.2,-0.022205
-6.9713,-6.0297,2.5312,-149.84,-0.011673,-0.2,-0.018898
-5.4759,-7.5246,3.2237,-156.2,-0.013272,-0.2,-0.015551
-4.0463,-8.5364,3.8786,-160.53,-0.014812,-0.2,-0.012172
-11.217,-0.16512,-1.6891,-119.48,-0.0018221,-0.2,-0.027294
-9.3857,-2.9934,-0.70401,-135.53,-0.0035405,-0.2,-0.023974
-7.7131,-5.5141,0.088673,-147.42,-0.0052084,-0.2,-0.020604
-6.165,-7.6377,0.84378,-156.74,-0.0068292,-0.2,-0.017194
-4.7156,-9.25,1.5303,-163.64,-0.0084063,-0.2,-0.013752
-3.3089,-10.334,2.1853,-168.47,-0.0099424,-0.2,-0.010285
-10.419,-0.61178,-3.6389,-120.55,0.0027811,-0.2,-0.025749
-8.5657,-3.5638,-2.5929,-137.1,0.0011608,-0.2,-0.022332
-6.924,-6.2106,-1.7421,-149.74,-0.00043382,-0.2,-0.018876
-5.3962,-8.4618,-0.97572,-159.6,-0.0020026,-0.2,-0.015389
-3.976,-10.154,-0.31013,-167,-0.003547,-0.2,-0.011878
-2.5786,-11.292,0.33206,-172.28,-0.0050682,-0.2,-0.0083495
-9.686,-0.38617,-5.6772,-118.91,0.0073316,-0.2,-0.024044
-7.8173,-3.3625,-4.5518,-135.77,0.0058194,-0.2,-0.020555
-6.1767,-6.0624,-3.6229,-148.75,0.0043077,-0.2,-0.017037
-4.6373,-8.373,-2.8318,-158.82,0.0028006,-0.2,-0.013496
-3.2156,-10.102,-2.1783,-166.44,0.0012988,-0.2,-0.0099401
-1.8046,-11.265,-1.5657,-171.91,-0.00019777,-0.2,-0.0063733
-8.9765,0.43049,-7.8665,-113.99,0.011822,-0.2,-0.022183
-7.1084,-2.3998,-6.6911,-131.08,0.010427,-0.2,-0.018645
-5.4557,-5.0455,-5.6649,-144.28,0.0090086,-0.2,-0.015088
-3.8791,-7.3516,-4.8016,-154.36,0.007573,-0.2,-0.011518
-2.4234,-9.0875,-4.1143,-161.89,0.0061236,-0.2,-0.0079404
-0.98897,-10.251,-3.5115,-167.22,0.0046615,-0.2,-0.0043593
-8.2387,1.7598,-10.209,-105.04,0.016244,-0.2,-0.020169
-6.391,-0.68987,-9.0696,-122.24,0.014977,-0.2,-0.016606
-4.7428,-3.1023,-7.9725,-135.81,0.013661,-0.2,-0.013034
-3.1351,-5.3076,-6.9891,-146.04,0.012307,-0.2,-0.0094587
-1.6501,-7.0197,-6.1914,-153.45,0.01092,-0.2,-0.0058832
-0.20865,-8.1837,-5.5203,-158.49,0.0095024,-0.2,-0.0023117
-7.4557,3.3498,-12.637,-92.36,0.020592,-0.2,-0.018007
-5.644,1.5284,-11.663,-108.98,0.019463,-0.2,-0.014443
-4.0155,-0.38698,-10.612,-122.59,0.018259,-0.2,-0.01088
-2.383,-2.2547,-9.5708,-132.93,0.016996,-0.2,-0.0073223
-0.86602,-3.7842,-8.6565,-140.39,0.015681,-0.2,-0.0037726
0.59505,-4.8691,-7.8726,-145.34,0.014318,-0.2,-0.00023423
-6.594,4.8161,-15.005,-76.438,0.02485,-0.2,-0.015686
-4.8297,3.7342,-14.277,-91.332,0.023869,-0.2,-0.012147
-3.23,2.5148,-13.417,-104.03,0.022789,-0.2,-0.0086191
-1.5878,1.2478,-12.487,-113.9,0.021628,-0.2,-0.0051048
-0.026972,0.14358,-11.578,-121.3,0.020395,-0.2,-0.0016068
1.4993,-0.68246,-10.732,-126.21,0.019097,-0.2,0.0018725
-5.3918,5.7914,-17.02,-51.604,0.028991,-0.2,-0.013182
-3.6387,5.3451,-16.547,-63.527,0.028171,-0.2,-0.0096979
-2.0561,4.7974,-15.964,-74.886,0.027226,-0.2,-0.006235
-0.4344,4.1954,-15.3,-84.174,0.02618,-0.2,-0.0027947
1.1494,3.6415,-14.585,-91.516,0.025042,-0.2,0.00062134
2.7238,3.2156,-13.86,-96.645,0.023821,-0.2,0.0040113
-4.5838,6.1277,-18.793,-9.2429,0.03297,-0.2,-0.01046
-2.8132,6.0549,-18.684,-19.663,0.032326,-0.2,-0.0070677
-1.1592,5.9441,-18.449,-29.493,0.031533,-0.2,-0.0037072
0.51479,5.8134,-18.105,-37.636,0.030616,-0.2,-0.00037829
2.1723,5.6881,-17.658,-44.021,0.02959,-0.2,0.0029185
3.8165,5.5946,-17.128,-48.496,0.028461,-0.2,0.0061818
-3.2378,-3.0609,-13.971,459.7,0.13908,-0.2,-0.040838
-3.8236,-3.1582,-15.16,447.72,0.12906,-0.2,-0.037851
-4.4259,-3.113,-16.669,423.27,0.11904,-0.2,-0.034863
-4.4994,-1.8969,-17.104,396.78,0.10902,-0.2,-0.031876
-4.8253,-0.19372,-17.204,366.96,0.098995,-0.2,-0.028888
-5.1218,-0.10355,-17.108,334.13,0.088973,-0.2,-0.0259
-5.3223,-0.89988,-16.955,304.77,0.079819,-0.2,-0.023169
-2.111,-3.2349,-15.594,446.83,0.13243,-0.2,-0.02333
-1.7292,-3.1292,-14.351,458.98,0.14274,-0.2,-0.025191
-2.5353,-3.2111,-17.133,421.91,0.12213,-0.2,-0.021469
-2.6262,-1.9968,-17.529,395.46,0.11182,-0.2,-0.019608
-2.9443,-0.2959,-17.611,366.05,0.10151,-0.2,-0.017747
-3.2827,-0.2412,-17.483,333.42,0.091199,-0.2,-0.015885
-3.5434,-1.0548,-17.306,304.63,0.081875,-0.2,-0.014198
-0.3901,-3.3952,-15.937,444.74,0.13413,-0.2,-0.0085248
-0.23726,-3.2942,-14.676,456.78,0.14458,-0.2,-0.0092322
-0.62519,-3.3575,-17.432,419.79,0.12367,-0.2,-0.0078175
-0.74934,-2.1099,-17.758,393.74,0.11321,-0.2,-0.0071101
-1.0508,-0.39952,-17.82,364.97,0.10276,-0.2,-0.0064027
-1.4306,-0.37607,-17.644,332.56,0.092297,-0.2,-0.0056954
-1.765,-1.1955,-17.448,304.39,0.082929,-0.2,-0.0050572
1.3163,-3.6584,-16.086,443.48,0.13421,-0.2,0.0063696
1.2271,-3.5867,-14.865,455.48,0.14469,-0.2,0.0068263
1.2801,-3.5595,-17.486,418.19,0.12373,-0.2,0.005913
1.117,-2.2448,-17.757,392.13,0.11325,-0.2,0.0054563
0.8373,-0.5043,-17.807,363.76,0.10276,-0.2,0.0049996
0.41129,-0.49682,-17.583,331.5,0.092279,-0.2,0.0045429
-0.010079,-1.3115,-17.383,303.96,0.082975,-0.2,0.0041425
2.9768,-3.9667,-15.784,446.58,0.13269,-0.2,0.021185
2.5705,-3.9283,-14.511,460.11,0.14307,-0.2,0.022804
3.2062,-3.7786,-17.227,418.36,0.1223,-0.2,0.019566
2.9788,-2.3682,-17.502,390.86,0.11192,-0.2,0.017947
2.7006,-0.5895,-17.56,362.21,0.10153,-0.2,0.016329
2.2095,-0.60195,-17.311,329.75,0.091147,-0.2,0.014709
1.6935,-1.4107,-17.136,302.76,0.082014,-0.2,0.013292
4.7298,-4.3217,-15.405,443.4,0.12958,-0.2,0.034928
4.0673,-4.353,-14.197,455.66,0.13995,-0.2,0.03758
5.1282,-3.9999,-16.776,416.15,0.11921,-0.2,0.032276
4.7777,-2.4808,-17.062,388.78,0.10884,-0.2,0.029624
4.481,-0.64824,-17.128,360.52,0.09847,-0.2,0.026972
3.9142,-0.67852,-16.859,328.09,0.088101,-0.2,0.02432
3.3088,-1.4875,-16.723,301.72,0.07912,-0.2,0.02203
-5.5226,-1.278,-16.939,285.75,0.076362,-0.2,-0.022308
-5.6848,-1.3017,-17.114,272.1,0.072905,-0.2,-0.021447
-6.091,-0.62216,-18.007,251.41,0.069448,-0.2,-0.020587
-3.7712,-1.4042,-17.298,286.13,0.078328,-0.2,-0.01387
-3.9579,-1.4051,-17.483,272.68,0.074781,-0.2,-0.013543
-4.3201,-0.70457,-18.419,251.97,0.071235,-0.2,-0.013215
-2.0187,-1.514,-17.467,286.49,0.079357,-0.2,-0.0052694
-2.228,-1.4939,-17.676,273.26,0.075786,-0.2,-0.0054816
-2.543,-0.77009,-18.665,252.49,0.072214,-0.2,-0.0056938
-0.29047,-1.6008,-17.45,286.7,0.079454,-0.2,0.003391
-0.52241,-1.5637,-17.695,273.78,0.075933,-0.2,0.0026395
-0.77485,-0.81638,-18.737,253.07,0.072412,-0.2,0.0018881
1.3996,-1.6619,-17.267,286.29,0.078619,-0.2,0.012011
1.1599,-1.6042,-17.551,273.9,0.075224,-0.2,0.01073
0.98435,-0.83725,-18.643,253.49,0.07183,-0.2,0.0094498
3.0344,-1.6963,-16.918,285.95,0.07623,-0.2,0.020322
2.7999,-1.6147,-17.244,273.94,0.07334,-0.2,0.018615
2.7172,-0.832,-18.394,253.78,0.07045,-0.2,0.016907
-6.169,1.3546,-20.019,209.55,0.060329,-0.2,-0.018055
-5.8674,3.8754,-21.405,142.31,0.051209,-0.2,-0.015523
-5.1393,5.5686,-20.625,60.152,0.04209,-0.2,-0.012992
-4.2737,1.3545,-20.476,209.17,0.061508,-0.2,-0.011678
-3.8976,3.9752,-21.817,138.85,0.051781,-0.2,-0.010141
-3.2625,5.6566,-20.87,51.909,0.042054,-0.2,-0.0086046
-2.3491,1.3684,-20.767,208.98,0.062044,-0.2,-0.0051972
-1.8781,4.0764,-22.062,136.01,0.051874,-0.2,-0.0047005
-1.3844,5.7364,-20.946,44.961,0.041703,-0.2,-0.0042039
-0.40637,1.3922,-20.878,209.02,0.061963,-0.2,0.0013215
0.18098,4.1737,-22.12,133.76,0.051514,-0.2,0.00075489
0.52615,5.8077,-20.852,39.325,0.041065,-0.2,0.0001883
1.5379,1.4255,-20.817,208.94,0.06127,-0.2,0.007817
2.2514,4.2657,-21.995,131.78,0.05071,-0.2,0.0061842
2.4377,5.8711,-20.591,34.963,0.04015,-0.2,0.0045513
3.4738,1.4694,-20.56,208.7,0.059953,-0.2,0.014226
4.313,4.3534,-21.664,129.88,0.049456,-0.2,0.011545
4.3343,5.9289,-20.174,31.706,0.038959,-0.2,0.0088632
-7.5515,-4.5112,14.863,436.09,-0.12151,-0.2,-0.057444
-6.8671,-4.965,13.023,449.81,-0.13096,-0.2,-0.061855
-8.1908,-3.2264,16.586,407.1,-0.11206,-0.2,-0.053032
-8.072,-0.79373,16.485,376.63,-0.10261,-0.2,-0.048621
-8.0083,1.4778,16.431,343.94,-0.093159,-0.2,-0.044209
-7.8895,1.9205,16.494,308,-0.083708,-0.2,-0.039798
-7.89,1.5852,17.076,274.01,-0.07499,-0.2,-0.035728
-5.513,-5.018,13.706,449.78,-0.13671,-0.2,-0.047828
-5.9762,-4.5517,15.609,435.85,-0.12685,-0.2,-0.044428
-6.3975,-3.2422,17.373,406.67,-0.11699,-0.2,-0.041029
-6.2788,-0.79223,17.239,376.24,-0.10713,-0.2,-0.037629
-6.2157,1.4771,17.179,343.55,-0.097272,-0.2,-0.03423
-6.0644,1.905,17.225,307.76,-0.087414,-0.2,-0.03083
-5.9739,1.5803,17.809,273.91,-0.078319,-0.2,-0.027694
-4.1453,-5.0668,14.232,450.09,-0.14096,-0.2,-0.033278
-4.3523,-4.5904,16.169,435.85,-0.1308,-0.2,-0.030928
-4.5277,-3.262,17.957,406.4,-0.12064,-0.2,-0.028577
-4.4159,-0.80097,17.798,376.02,-0.11048,-0.2,-0.026226
-4.3544,1.465,17.733,343.3,-0.10033,-0.2,-0.023876
-4.1604,1.8794,17.756,307.57,-0.090167,-0.2,-0.021525
-3.9623,1.5632,18.318,273.95,-0.080795,-0.2,-0.019357
-2.6898,-5.1116,14.605,450.28,-0.14368,-0.2,-0.018364
-2.6596,-4.6277,16.533,435.88,-0.13333,-0.2,-0.017088
-2.6092,-3.2856,18.316,406.33,-0.12298,-0.2,-0.015811
-2.5043,-0.8189,18.154,376.01,-0.11263,-0.2,-0.014535
-2.4416,1.4432,18.073,343.24,-0.10228,-0.2,-0.013259
-2.2103,1.8456,18.066,307.38,-0.091929,-0.2,-0.011982
-1.8943,1.5341,18.598,273.91,-0.08238,-0.2,-0.010805
-1.1307,-5.1516,14.805,450.08,-0.14485,-0.2,-0.0032455
-0.90138,-4.6635,16.707,435.81,-0.13442,-0.2,-0.0030577
-0.66346,-3.3141,18.46,406.43,-0.12399,-0.2,-0.0028698
-0.56421,-0.84704,18.29,376.16,-0.11355,-0.2,-0.0026819
-0.49738,1.4117,18.193,343.3,-0.10312,-0.2,-0.0024941
-0.23478,1.8047,18.148,307.34,-0.092684,-0.2,-0.0023062
0.18587,1.4943,18.642,273.94,-0.083057,-0.2,-0.0021328
0.44748,-5.1852,14.818,450.09,-0.14446,-0.2,0.01192
0.87024,-4.6962,16.679,435.95,-0.13406,-0.2,0.011015
1.2884,-3.3462,18.391,406.72,-0.12365,-0.2,0.010111
1.3819,-0.88419,18.215,376.43,-0.11325,-0.2,0.009207
1.4533,1.3715,18.097,343.51,-0.10285,-0.2,0.0083028
1.7395,1.7571,18.009,307.61,-0.092442,-0.2,0.0073985
2.2505,1.4456,18.445,274.38,-0.082843,-0.2,0.0065644
-8.1859,1.4438,17.869,248.95,-0.071784,-0.2,-0.034212
-8.4407,1.7577,18.651,229,-0.068578,-0.2,-0.032696
-8.9229,3.4188,19.531,193.76,-0.065372,-0.2,-0.03118
-6.1827,1.4809,18.656,248.63,-0.074972,-0.2,-0.026521
-6.3342,1.7964,19.471,228.4,-0.071625,-0.2,-0.025348
-6.6568,3.4602,20.38,193.24,-0.068278,-0.2,-0.024175
-4.0768,1.503,19.196,248.73,-0.077344,-0.2,-0.01854
-4.1241,1.8202,20.029,228.3,-0.073892,-0.2,-0.017723
-4.2927,3.477,20.955,193.33,-0.07044,-0.2,-0.016906
-1.8873,1.5085,19.484,249.03,-0.07886,-0.2,-0.010353
-1.8397,1.8309,20.322,228.7,-0.075341,-0.2,-0.0099005
-1.8747,3.4711,21.255,194.02,-0.071821,-0.2,-0.0094484
0.31929,1.4971,19.517,249.31,-0.079507,-0.2,-0.0020508
0.46685,1.8277,20.349,229.17,-0.075956,-0.2,-0.0019689
0.56145,3.4419,21.284,194.99,-0.072406,-0.2,-0.001887
2.5012,1.4707,19.291,249.91,-0.079298,-0.2,0.0062745
2.7469,1.8086,20.104,229.92,-0.075754,-0.2,0.0059845
2.9767,3.3876,21.036,196.35,-0.072209,-0.2,0.0056946
-9.3151,5.898,19.359,121.78,-0.055504,-0.2,-0.026534
-8.8837,7.1788,17.312,25.34,-0.045635,-0.2,-0.021889
-7.5649,5.4511,13.792,-67.258,-0.035767,-0.2,-0.017243
-5.237,-0.47834,9.4706,-127.58,-0.025898,-0.2,-0.012598
-6.9789,5.9767,20.281,121.42,-0.058014,-0.2,-0.020483
-6.6593,7.2681,18.246,25.356,-0.047749,-0.2,-0.016791
-5.6933,5.5579,14.602,-67.274,-0.037485,-0.2,-0.013099
-3.7443,-0.38383,10.129,-128.29,-0.02722,-0.2,-0.0094076
-4.5542,6.0198,20.937,122.33,-0.059942,-0.2,-0.014224
-4.3567,7.3474,18.974,27.249,-0.049443,-0.2,-0.011542
-3.7605,5.7661,15.285,-65.119,-0.038945,-0.2,-0.0088608
-2.2573,0.11231,10.761,-126.99,-0.028447,-0.2,-0.0061793
-2.077,6.0262,21.315,124.38,-0.06126,-0.2,-0.0078154
-2.0041,7.4113,19.478,30.879,-0.0507,-0.2,-0.0061824
-1.7638,6.0469,15.838,-60.893,-0.040139,-0.2,-0.0045494
-0.75099,0.98492,11.369,-123.41,-0.029578,-0.2,-0.0029164
0.41921,5.9936,21.413,127.24,-0.061956,-0.2,-0.0013202
0.36867,7.454,19.743,36.067,-0.051506,-0.2,-0.00075349
0.27454,6.3693,16.247,-54.628,-0.041056,-0.2,-0.00018676
0.796,2.1117,11.936,-117.34,-0.030606,-0.2,0.00037997
2.9009,5.9206,21.236,130.82,-0.062038,-0.2,0.0051981
2.7321,7.4687,19.769,42.7,-0.051867,-0.2,0.0047016
2.335,6.7019,16.501,-46.309,-0.041697,-0.2,0.004205
2.4122,3.3397,12.444,-108.83,-0.031526,-0.2,0.0037085
-3.4198,-6.278,6.2482,-151.21,-0.021123,-0.2,-0.010702
-2.0473,-6.2868,6.8338,-152.06,-0.022504,-0.2,-0.0073707
-0.70096,-5.7407,7.4225,-151.32,-0.023806,-0.2,-0.0040087
0.63526,-4.5791,8.031,-148.72,-0.025029,-0.2,-0.00061904
1.9908,-2.8322,8.6847,-143.9,-0.026168,-0.2,0.0027967
3.4169,-0.65822,9.3935,-136.6,-0.027217,-0.2,0.0062366
-2.6463,-9.0717,4.5022,-163.03,-0.016296,-0.2,-0.0087634
-1.2609,-9.1448,5.0788,-163.72,-0.017719,-0.2,-0.0053283
0.11655,-8.7407,5.5998,-162.55,-0.019081,-0.2,-0.0018698
1.4974,-7.7762,6.088,-159.64,-0.020381,-0.2,0.0016093
2.8855,-6.1097,6.6124,-155.01,-0.021615,-0.2,0.005107
4.3354,-3.6885,7.2476,-148.36,-0.022778,-0.2,0.008621
-1.8958,-10.887,2.8219,-171.28,-0.011438,-0.2,-0.006796
-0.46741,-10.928,3.4243,-171.99,-0.012891,-0.2,-0.0032876
0.94478,-10.49,3.9573,-170.46,-0.014301,-0.2,0.00023711
2.3162,-9.5634,4.4123,-166.7,-0.015666,-0.2,0.0037753
3.6494,-8.0254,4.8333,-160.92,-0.016982,-0.2,0.0073248
5.0386,-5.6842,5.307,-153.22,-0.018246,-0.2,0.010883
-1.1571,-11.88,0.95964,-175.36,-0.0065662,-0.2,-0.0048061
0.30401,-11.9,1.5765,-176.13,-0.0080387,-0.2,-0.0012503
1.7664,-11.388,2.1508,-174.47,-0.0094849,-0.2,0.0023147
3.1627,-10.409,2.6454,-170.36,-0.010903,-0.2,0.0058861
4.4697,-8.8747,3.0769,-163.98,-0.012291,-0.2,0.0094614
5.797,-6.5691,3.5031,-155.52,-0.013646,-0.2,0.013037
-0.36622,-11.871,-0.96956,-175.1,-0.0016882,-0.2,-0.0027988
1.1043,-11.893,-0.36895,-175.88,-0.0031703,-0.2,0.00078081
2.5705,-11.369,0.21988,-174.11,-0.0046434,-0.2,0.0043624
3.959,-10.368,0.7572,-169.87,-0.0061057,-0.2,0.0079435
5.2476,-8.8021,1.2378,-163.42,-0.0075553,-0.2,0.011521
6.5637,-6.4706,1.69,-154.84,-0.0089911,-0.2,0.015091
0.45304,-10.841,-2.9386,-170.32,0.0031887,-0.2,-0.00077766
1.8998,-10.874,-2.356,-171.04,0.0017068,-0.2,0.002802
3.3145,-10.38,-1.7674,-169.28,0.0002166,-0.2,0.0063765
4.6534,-9.3656,-1.2059,-165.16,-0.0012797,-0.2,0.0099434
5.9486,-7.7396,-0.69568,-158.9,-0.0027813,-0.2,0.013499
7.3716,-5.3322,-0.23551,-150.48,-0.0042882,-0.2,0.01704
1.2068,-8.7782,-4.9179,-161.32,0.0080569,-0.2,0.0012534
2.6018,-8.8217,-4.337,-161.91,0.0065851,-0.2,0.0048093
3.9686,-8.3237,-3.7695,-160.25,0.0050877,-0.2,0.0083529
5.3229,-7.2598,-3.2328,-156.4,0.0035671,-0.2,0.011882
6.7525,-5.544,-2.749,-150.39,0.0020235,-0.2,0.015392
8.4158,-3.1093,-2.3238,-141.98,0.00045534,-0.2,0.01888
2.0089,-5.432,-7.2013,-148.01,0.012909,-0.2,0.0032907
3.4014,-5.4578,-6.6089,-148.56,0.011457,-0.2,0.0067992
4.8113,-4.9393,-6.0713,-147.03,0.0099625,-0.2,0.010288
6.2971,-3.8553,-5.5795,-143.31,0.0084276,-0.2,0.013756
7.9344,-2.1909,-5.1334,-137.24,0.0068516,-0.2,0.017197
9.7709,-0.052349,-4.7185,-128.63,0.005232,-0.2,0.020608
2.9954,-1.1208,-9.9807,-128.82,0.017736,-0.2,0.0053314
4.4898,-1.124,-9.3246,-129.28,0.016315,-0.2,0.0087667
6.0269,-0.67413,-8.7427,-127.62,0.014833,-0.2,0.012175
7.6467,0.21513,-8.2065,-123.64,0.013295,-0.2,0.015555
9.3671,1.4756,-7.6925,-117.19,0.011697,-0.2,0.018902
11.153,2.9378,-7.1844,-108.49,0.010037,-0.2,0.02221
4.2855,2.9915,-13.154,-99.6,0.022521,-0.2,0.0073737
5.848,3.0078,-12.481,-100.44,0.021143,-0.2,0.010705
7.4227,3.2781,-11.84,-99.141,0.019687,-0.2,0.014003
9.0138,3.7778,-11.211,-95.608,0.018157,-0.2,0.017265
10.615,4.4378,-10.573,-89.981,0.016551,-0.2,0.020487
12.194,5.1546,-9.9195,-82.897,0.014862,-0.2,0.023662
5.4353,5.5561,-16.525,-51.061,0.027237,-0.2,0.0094106
7.0268,5.587,-15.859,-51.659,0.025918,-0.2,0.012601
8.5854,5.6928,-15.132,-50.237,0.024503,-0.2,0.015751
10.104,5.8667,-14.344,-46.719,0.022998,-0.2,0.018858
11.571,6.0844,-13.492,-41.2,0.021398,-0.2,0.021918
12.981,6.3075,-12.569,-34.208,0.019696,-0.2,0.024922
6.4066,-4.6882,-15.026,435.04,0.1255,-0.2,0.048132
5.5315,-4.7893,-13.936,444.31,0.13537,-0.2,0.051749
6.9454,-4.2485,-16.241,411.99,0.11562,-0.2,0.044515
6.4842,-2.6241,-16.501,386.7,0.10574,-0.2,0.040898
6.1644,-0.68724,-16.546,359.53,0.095865,-0.2,0.037281
5.5071,-0.68636,-16.232,327.75,0.085987,-0.2,0.033664
4.832,-1.4973,-16.127,302.12,0.077299,-0.2,0.030487
7.8736,-5.0488,-14.301,430.89,0.11956,-0.2,0.061561
6.77,-5.2106,-13.187,439.48,0.12893,-0.2,0.066307
8.6149,-4.4882,-15.505,409.53,0.11018,-0.2,0.056815
8.1123,-2.7377,-15.752,385.73,0.1008,-0.2,0.052068
7.7844,-0.69153,-15.785,359.15,0.091423,-0.2,0.047321
7.0091,-0.65363,-15.437,327.93,0.082045,-0.2,0.042574
6.2652,-1.4608,-15.381,302.81,0.073718,-0.2,0.038367
9.2683,-5.4038,-13.363,427.21,0.11212,-0.2,0.074229
8.0222,-5.6621,-12.261,434.75,0.12086,-0.2,0.080032
10.146,-4.66,-14.543,407.99,0.10338,-0.2,0.068426
9.6395,-2.7667,-14.806,385.54,0.094639,-0.2,0.062623
9.3143,-0.65218,-14.844,359.15,0.085897,-0.2,0.05682
8.4419,-0.61161,-14.496,328.15,0.077155,-0.2,0.051016
7.6379,-1.4141,-14.519,303.19,0.069319,-0.2,0.045823
10.482,-5.6527,-12.21,426.58,0.10334,-0.2,0.086001
9.1146,-6.0032,-11.072,433.39,0.11133,-0.2,0.092775
11.507,-4.7328,-13.421,408.76,0.095355,-0.2,0.079227
11.043,-2.7176,-13.701,386.75,0.08737,-0.2,0.072453
10.727,-0.56841,-13.734,359.82,0.079384,-0.2,0.065678
9.7801,-0.54422,-13.419,328.6,0.071398,-0.2,0.058903
8.9379,-1.3457,-13.54,303.61,0.06417,-0.2,0.052782
11.479,-5.7356,-10.82,431.91,0.093334,-0.2,0.096751
9.9642,-6.1631,-9.6024,439.49,0.10046,-0.2,0.1044
12.704,-4.6772,-12.113,412.77,0.086211,-0.2,0.089101
12.328,-2.5908,-12.412,389.41,0.079088,-0.2,0.081451
12.039,-0.45193,-12.446,361.12,0.071965,-0.2,0.073801
11.005,-0.464,-12.202,329.34,0.064841,-0.2,0.066151
10.134,-1.2653,-12.445,304.31,0.058329,-0.2,0.05917
12.356,-5.6462,-9.368,439.61,0.08228,-0.2,0.10643
10.706,-6.1139,-8.0534,449.36,0.088457,-0.2,0.11486
13.762,-4.5255,-10.739,417.22,0.076103,-0.2,0.097996
13.473,-2.4342,-11.03,392.06,0.069926,-0.2,0.089564
13.219,-0.33652,-11.06,362.5,0.06375,-0.2,0.081132
12.116,-0.38209,-10.906,330.26,0.057573,-0.2,0.072701
11.238,-1.1788,-11.275,305.28,0.051866,-0.2,0.06493
4.612,-1.6871,-16.389,286.63,0.074296,-0.2,0.028384
4.401,-1.5982,-16.776,274.47,0.071293,-0.2,0.02628
4.4264,-0.80761,-17.989,254.07,0.06829,-0.2,0.024177
6.117,-1.6408,-15.721,287.25,0.07094,-0.2,0.035972
5.9469,-1.5556,-16.174,274.87,0.068163,-0.2,0.033577
6.0957,-0.76515,-17.436,254.23,0.065385,-0.2,0.031182
7.5546,-1.5777,-14.936,287.45,0.066801,-0.2,0.043164
7.441,-1.492,-15.442,274.99,0.064284,-0.2,0.040505
7.7225,-0.7024,-16.732,254.36,0.061767,-0.2,0.037846
8.9159,-1.4947,-14.017,287.74,0.061937,-0.2,0.049887
8.872,-1.4106,-14.57,275.28,0.059704,-0.2,0.046991
9.3031,-0.62282,-15.88,254.73,0.057472,-0.2,0.044096
10.192,-1.3991,-12.973,288.4,0.056401,-0.2,0.056068
10.223,-1.3167,-13.572,275.91,0.054474,-0.2,0.052965
10.816,-0.52986,-14.887,255.31,0.052547,-0.2,0.049863
11.386,-1.2981,-11.841,289.25,0.050259,-0.2,0.061647
11.505,-1.214,-12.469,276.57,0.048653,-0.2,0.058365
12.259,-0.42495,-13.762,255.75,0.047047,-0.2,0.055083
5.3853,1.5215,-20.12,208.59,0.058027,-0.2,0.020485
6.3439,4.436,-21.123,128.52,0.047763,-0.2,0.016794
6.1973,5.9844,-19.59,29.654,0.0375,-0.2,0.013102
7.2536,1.5805,-19.51,208.61,0.055518,-0.2,0.026537
8.3228,4.5125,-20.394,127.95,0.045652,-0.2,0.021892
8.0087,6.0401,-18.849,29.146,0.035785,-0.2,0.017247
9.0753,1.6482,-18.713,208.74,0.052451,-0.2,0.032323
10.23,4.582,-19.478,127.99,0.043135,-0.2,0.026799
9.7512,6.0962,-17.973,30.198,0.033819,-0.2,0.021275
10.837,1.7228,-17.738,209.12,0.048853,-0.2,0.037787
12.041,4.6431,-18.381,128.7,0.040235,-0.2,0.031477
11.406,6.1529,-16.962,32.859,0.031616,-0.2,0.025168
12.51,1.8024,-16.598,209.77,0.04476,-0.2,0.042876
13.727,4.6944,-17.119,130.42,0.036972,-0.2,0.03589
12.955,6.2066,-15.824,37.447,0.029185,-0.2,0.028904
14.07,1.8869,-15.307,210.51,0.040209,-0.2,0.047543
15.262,4.7358,-15.715,133.32,0.033371,-0.2,0.040002
14.387,6.2516,-14.568,44.037,0.026534,-0.2,0.032462
2.6283,-4.7246,16.459,436.19,-0.13219,-0.2,0.024973
2.0186,-5.212,14.66,450.25,-0.14244,-0.2,0.02696
3.2215,-3.3788,18.112,407.1,-0.12194,-0.2,0.022986
3.3099,-0.92574,17.93,376.86,-0.11169,-0.2,0.020999
3.3816,1.3253,17.793,343.94,-0.10143,-0.2,0.019013
3.6818,1.7012,17.648,308.21,-0.09118,-0.2,0.017026
4.2684,1.3865,18.006,275.17,-0.08172,-0.2,0.015193
3.5809,-5.2351,14.372,450,-0.13879,-0.2,0.041689
4.3532,-4.7469,16.083,436.22,-0.12881,-0.2,0.038643
5.1024,-3.403,17.635,407.54,-0.11883,-0.2,0.035596
5.1922,-0.96081,17.429,377.5,-0.10884,-0.2,0.03255
5.2609,1.2805,17.28,344.67,-0.098857,-0.2,0.029503
5.5677,1.6372,17.077,309.16,-0.088872,-0.2,0.026457
6.2251,1.3161,17.338,276.45,-0.079661,-0.2,0.023646
5.2648,-5.2587,13.854,449.26,-0.13364,-0.2,0.055958
6.1767,-4.7693,15.463,436.11,-0.12403,-0.2,0.051886
7.0657,-3.4297,16.882,408.07,-0.11443,-0.2,0.047814
7.1607,-1.0051,16.632,378.11,-0.10482,-0.2,0.043742
7.2193,1.2232,16.483,345.44,-0.09521,-0.2,0.03967
7.5301,1.5537,16.209,310.19,-0.085602,-0.2,0.035598
8.2552,1.2209,16.338,277.9,-0.076738,-0.2,0.031841
4.6366,1.4289,18.804,250.8,-0.078224,-0.2,0.014534
4.9894,1.7706,19.583,231.09,-0.074728,-0.2,0.013875
5.3463,3.3056,20.506,198.41,-0.071231,-0.2,0.013216
6.6995,1.374,18.076,252.38,-0.076256,-0.2,0.022627
7.151,1.7179,18.805,232.99,-0.072851,-0.2,0.021607
7.6346,3.2062,19.712,201.26,-0.069447,-0.2,0.020587
8.8241,1.2904,16.991,254.22,-0.073461,-0.2,0.030472
9.3718,1.6289,17.649,235.05,-0.070184,-0.2,0.029103
10.005,3.0762,18.524,203.76,-0.066907,-0.2,0.027734
5.3303,5.8065,20.797,135.37,-0.061504,-0.2,0.011679
5.0468,7.4493,19.56,50.734,-0.051776,-0.2,0.010142
4.38,7.0041,16.57,-36.023,-0.042049,-0.2,0.0086053
4.0759,4.5011,12.866,-98.147,-0.032322,-0.2,0.0070686
7.6832,5.6632,20.112,141,-0.060327,-0.2,0.018055
7.2997,7.3943,19.131,60.044,-0.051207,-0.2,0.015524
6.4492,7.2542,16.468,-23.67,-0.042088,-0.2,0.012992
5.9105,5.5524,13.211,-85.842,-0.032968,-0.2,0.01046
10.135,5.5298,19.028,144.93,-0.058539,-0.2,0.024271
9.6114,7.353,18.285,64.845,-0.050172,-0.2,0.020808
8.5098,7.3834,15.887,-17.336,-0.041804,-0.2,0.017345
7.4918,6.3357,13.487,-71.848,-0.033436,-0.2,0.013882
4.8976,1.5953,10.133,-126.66,-0.028163,-0.2,0.0096992
6.6314,3.7253,10.845,-115.08,-0.028986,-0.2,0.013183
8.5745,5.7492,12.006,-85.115,-0.029659,-0.2,0.016684
5.8369,-0.81729,8.0215,-138.73,-0.02386,-0.2,0.012149
7.6735,2.1673,8.8341,-125.93,-0.024842,-0.2,0.015688
9.9755,5.0604,10.083,-93.852,-0.025705,-0.2,0.019232
6.5176,-2.6399,5.9446,-142.87,-0.019451,-0.2,0.014445
8.46,0.86457,6.7367,-129.14,-0.020581,-0.2,0.018009
11.169,4.4683,8.0286,-97.886,-0.021621,-0.2,0.021565
7.2593,-3.478,4.0365,-144.56,-0.014963,-0.2,0.016609
9.294,0.24226,4.7442,-130.12,-0.01623,-0.2,0.020171
12.284,4.1766,5.9698,-99.223,-0.017437,-0.2,0.023714
8.1211,-3.3115,2.1803,-143.72,-0.01041,-0.2,0.018648
10.277,0.42193,2.8025,-128.65,-0.011805,-0.2,0.022186
13.36,4.2566,3.885,-97.207,-0.013168,-0.2,0.025692
9.1577,-2.144,0.21959,-139.25,-0.0057997,-0.2,0.020559
11.39,1.3308,0.8027,-123.41,-0.0073116,-0.2,0.024048
14.357,4.6506,1.7265,-90.989,-0.0088223,-0.2,0.027493
10.404,-0.15135,-1.8973,-130.29,-0.0011387,-0.2,0.022336
12.545,2.7075,-1.3017,-113.47,-0.0027582,-0.2,0.025753
15.229,5.2291,-0.51809,-80.313,-0.0044059,-0.2,0.029113
11.731,2.2409,-4.2482,-116.6,0.0035652,-0.2,0.023979
13.594,4.2109,-3.5429,-99.049,0.0018479,-0.2,0.027299
15.908,5.8445,-2.837,-65.5,7.2906e-05,-0.2,0.030551
12.893,4.3556,-6.609,-96.84,0.0083078,-0.2,0.025469
14.433,5.47,-5.7964,-79.627,0.0065034,-0.2,0.028667
16.359,6.3395,-5.1699,-46.648,0.0046118,-0.2,0.031785
13.684,5.8071,-9.1949,-73.716,0.013084,-0.2,0.026779
14.987,6.2897,-8.2544,-58.953,0.011205,-0.2,0.029825
16.542,6.6255,-7.6186,-25.943,0.0092093,-0.2,0.032779
14.32,6.4944,-11.549,-25.956,0.017884,-0.2,0.02786
15.551,6.6273,-10.392,-15.653,0.015946,-0.2,0.030716
16.547,6.705,-9.4502,-3.4194,0.013862,-0.2,0.033468
13.146,-5.4575,-8.1081,443.95,0.072672,-0.2,0.11317
11.41,-5.9047,-6.821,455.47,0.078176,-0.2,0.12205
14.671,-4.3637,-9.4207,419.2,0.067168,-0.2,0.1043
14.445,-2.302,-9.6763,393.16,0.061664,-0.2,0.095429
14.224,-0.24425,-9.6828,362.97,0.05616,-0.2,0.086556
13.088,-0.30487,-9.6235,330.64,0.050656,-0.2,0.077683
12.238,-1.0885,-10.108,305.78,0.045573,-0.2,0.069502
13.85,-5.2925,-6.907,444.48,0.062535,-0.2,0.1191
12.048,-5.6959,-5.7469,456.71,0.06734,-0.2,0.12837
15.465,-4.2482,-8.0912,418.89,0.05773,-0.2,0.10983
15.287,-2.2069,-8.3289,392.6,0.052925,-0.2,0.10056
15.088,-0.1724,-8.2999,362.23,0.04812,-0.2,0.091287
13.951,-0.22964,-8.3401,330.04,0.043315,-0.2,0.082016
13.156,-0.99145,-8.9294,305.21,0.038879,-0.2,0.073466
14.53,-5.1862,-5.4369,443.45,0.051884,-0.2,0.12404
12.666,-5.5713,-4.4241,455.73,0.055958,-0.2,0.13364
16.229,-4.1559,-6.4814,417.77,0.04781,-0.2,0.11443
16.089,-2.1153,-6.7027,391.12,0.043736,-0.2,0.10483
15.903,-0.094538,-6.6452,360.66,0.039662,-0.2,0.095223
14.79,-0.14682,-6.8106,328.74,0.035588,-0.2,0.085618
14.079,-0.88514,-7.5228,303.65,0.03183,-0.2,0.076756
12.485,-1.1945,-10.673,289.54,0.044059,-0.2,0.066235
12.713,-1.1066,-11.287,276.54,0.042545,-0.2,0.062967
13.628,-0.31057,-12.515,255.51,0.041031,-0.2,0.059699
13.502,-1.0854,-9.4567,288.73,0.037441,-0.2,0.070198
13.847,-0.99565,-10.021,275.44,0.036003,-0.2,0.06693
14.904,-0.18898,-11.144,254.43,0.034565,-0.2,0.063662
14.521,-0.9677,-8.0145,286.83,0.03046,-0.2,0.07348
14.977,-0.87456,-8.5298,273.35,0.029091,-0.2,0.070204
16.175,-0.023956,-9.5147,252.13,0.027721,-0.2,0.066929
15.508,1.9767,-13.875,211.02,0.035244,-0.2,0.05174
16.637,4.7681,-14.193,136.93,0.029457,-0.2,0.04378
15.708,6.2838,-13.219,51.715,0.023671,-0.2,0.03582
16.811,2.0695,-12.307,211.09,0.02991,-0.2,0.055426
17.867,4.7902,-12.576,140.21,0.025256,-0.2,0.047189
16.933,6.3035,-11.813,58.36,0.020601,-0.2,0.038953
18.087,2.261,-10.441,208.4,0.024256,-0.2,0.058563
19.006,4.9219,-10.664,138.55,0.020792,-0.2,0.050198
17.98,6.3758,-10.145,56.767,0.017327,-0.2,0.041833
8.1097,-4.8044,14.465,436.13,-0.11534,-0.2,0.068986
6.9932,-5.2856,12.992,448.95,-0.12426,-0.2,0.074379
9.2094,-3.4929,15.727,408.42,-0.10642,-0.2,0.063593
9.3102,-1.1036,15.44,378.64,-0.097497,-0.2,0.0582
9.3467,1.1175,15.289,346.4,-0.088576,-0.2,0.052807
9.6457,1.435,14.927,311.63,-0.079654,-0.2,0.047414
10.41,1.0901,14.88,279.74,-0.071423,-0.2,0.042439
9.9686,-4.8459,13.092,437.35,-0.10447,-0.2,0.084797
8.6109,-5.3102,11.786,450.58,-0.11255,-0.2,0.091419
11.305,-3.5761,14.188,409.21,-0.096388,-0.2,0.078175
11.394,-1.228,13.892,379.71,-0.088308,-0.2,0.071553
11.397,0.9834,13.737,348.08,-0.080229,-0.2,0.064932
11.645,1.2863,13.286,314.07,-0.072149,-0.2,0.05831
12.403,0.92693,13.065,282.89,-0.064694,-0.2,0.0522
11.667,-4.884,11.475,438.26,-0.09123,-0.2,0.098682
10.127,-5.3347,10.377,451.62,-0.098271,-0.2,0.10637
13.165,-3.6487,12.365,410.2,-0.08419,-0.2,0.090994
13.213,-1.3408,12.07,381.23,-0.077149,-0.2,0.083306
13.169,0.84751,11.926,350.18,-0.070109,-0.2,0.075618
13.318,1.117,11.387,316.99,-0.063068,-0.2,0.06793
14.025,0.73319,10.996,286.67,-0.056572,-0.2,0.060837
13.106,-4.9203,9.6686,438.63,-0.076283,-0.2,0.11069
11.416,-5.3591,8.8175,451.76,-0.082162,-0.2,0.11931
14.726,-3.7184,10.325,411.17,-0.070405,-0.2,0.10208
14.731,-1.4548,10.037,382.82,-0.064527,-0.2,0.09346
14.654,0.70358,9.9093,352.2,-0.058648,-0.2,0.084843
14.67,0.9331,9.2876,319.66,-0.05277,-0.2,0.076227
15.276,0.51751,8.7268,290.2,-0.047346,-0.2,0.068277
14.24,-4.9515,7.67,439.88,-0.059771,-0.2,0.12045
12.416,-5.3745,7.0869,453.15,-0.064364,-0.2,0.12982
15.962,-3.7845,8.0869,412.49,-0.055177,-0.2,0.11108
15.931,-1.5637,7.8208,384.48,-0.050583,-0.2,0.10171
15.832,0.55974,7.7206,354.03,-0.04599,-0.2,0.092347
15.693,0.7422,7.0457,321.87,-0.041396,-0.2,0.082979
16.156,0.28848,6.326,293.25,-0.037158,-0.2,0.074337
15.113,-4.9758,5.5791,441.04,-0.042005,-0.2,0.12768
13.17,-5.3835,5.3232,454.44,-0.045215,-0.2,0.13759
16.894,-3.8409,5.7028,413.74,-0.038795,-0.2,0.11776
16.803,-1.6617,5.4616,386.04,-0.035585,-0.2,0.10785
16.678,0.42182,5.394,355.64,-0.032375,-0.2,0.09793
16.366,0.55168,4.7015,323.69,-0.029165,-0.2,0.088013
16.66,0.053709,3.8532,295.83,-0.026203,-0.2,0.078865
15.65,-4.9942,3.3616,442.5,-0.023424,-0.2,0.13246
13.65,-5.3867,3.4027,455.84,-0.025192,-0.2,0.14274
17.46,-3.891,3.2227,415.26,-0.021656,-0.2,0.12217
17.347,-1.7501,3.0006,387.57,-0.019889,-0.2,0.11188
17.202,0.29586,2.9676,357.11,-0.018121,-0.2,0.1016
16.693,0.3709,2.2982,325.32,-0.016353,-0.2,0.091309
16.788,-0.17708,1.3691,298.2,-0.014722,-0.2,0.081818
15.833,-5.0101,1.0414,443.31,-0.0043338,-0.2,0.13437
13.869,-5.39,1.3332,456.3,-0.0046187,-0.2,0.14479
17.637,-3.9358,0.67865,416.44,-0.0040488,-0.2,0.12394
17.538,-1.8277,0.47423,388.83,-0.0037639,-0.2,0.11352
17.366,0.18804,0.48186,358.33,-0.0034789,-0.2,0.10309
16.667,0.20941,-0.11893,326.66,-0.003194,-0.2,0.09267
16.546,-0.39195,-1.0748,300.21,-0.002931,-0.2,0.083053
15.696,-5.0333,-1.2572,443.13,0.014834,-0.2,0.13364
13.792,-5.4083,-0.70438,455.72,0.016036,-0.2,0.144
17.465,-3.9798,-1.8588,416.87,0.013631,-0.2,0.12327
17.362,-1.9006,-2.0577,389.53,0.012429,-0.2,0.11291
17.174,0.095648,-2.0174,359.05,0.011227,-0.2,0.10255
16.306,0.069255,-2.494,327.5,0.010025,-0.2,0.092182
15.961,-0.58661,-3.4146,301.61,0.0089158,-0.2,0.082621
15.201,-5.0919,-3.5022,443.01,0.033697,-0.2,0.13015
13.312,-5.4698,-2.7036,455.3,0.036362,-0.2,0.14023
16.95,-4.0547,-4.335,417.16,0.031033,-0.2,0.12006
16.843,-2,-4.5395,390,0.028368,-0.2,0.10998
16.658,0.0017293,-4.4805,359.51,0.025704,-0.2,0.099894
15.633,-0.049385,-4.7993,327.89,0.023039,-0.2,0.089809
15.074,-0.75519,-5.6342,302.41,0.020581,-0.2,0.080504
11.056,1.1605,15.413,256.32,-0.068379,-0.2,0.04062
11.702,1.4768,15.969,237.37,-0.065335,-0.2,0.038801
12.525,2.8992,16.797,205.98,-0.062291,-0.2,0.036983
13.103,0.99285,13.458,259.88,-0.061931,-0.2,0.04996
13.817,1.2846,13.885,241.3,-0.059167,-0.2,0.047719
14.828,2.7021,14.642,209.78,-0.056404,-0.2,0.045478
14.775,0.79341,11.264,264.14,-0.054166,-0.2,0.058236
15.538,1.0661,11.551,246.06,-0.051759,-0.2,0.055635
16.697,2.4868,12.183,214.98,-0.049353,-0.2,0.053035
16.058,0.56863,8.8846,268.2,-0.045333,-0.2,0.065358
16.855,0.81905,9.0348,250.55,-0.043319,-0.2,0.062438
18.135,2.2335,9.4858,220.26,-0.041305,-0.2,0.059519
16.945,0.32787,6.3646,271.98,-0.035579,-0.2,0.071157
17.754,0.55181,6.3857,254.82,-0.034,-0.2,0.067978
19.122,1.941,6.6339,225.38,-0.03242,-0.2,0.064798
17.43,0.076571,3.7649,275.42,-0.025094,-0.2,0.075497
18.226,0.27596,3.6637,258.89,-0.023985,-0.2,0.072129
19.669,1.62,3.7015,230.5,-0.022875,-0.2,0.06876
17.52,-0.17647,1.1672,278.6,-0.014102,-0.2,0.078318
18.281,0.0024473,0.94916,262.71,-0.013482,-0.2,0.074818
19.766,1.2796,0.76427,235.6,-0.012862,-0.2,0.071318
17.223,-0.41552,-1.3744,281.37,-0.0028157,-0.2,0.079507
17.934,-0.26052,-1.6959,266.05,-0.0027004,-0.2,0.075962
19.41,0.92445,-2.1077,240.24,-0.0025851,-0.2,0.072416
16.573,-0.62969,-3.7992,283.45,0.0085251,-0.2,0.079093
17.219,-0.49829,-4.2102,268.77,0.0081344,-0.2,0.075565
18.657,0.57587,-4.8376,244.5,0.0077436,-0.2,0.072038
15.608,-0.81879,-6.0866,284.99,0.019692,-0.2,0.077069
16.169,-0.70946,-6.5618,271.05,0.018803,-0.2,0.073633
17.512,0.24319,-7.3801,248.59,0.017914,-0.2,0.070197
12.769,5.4243,17.371,146.23,-0.054133,-0.2,0.031908
12.028,7.3451,16.755,63.273,-0.045975,-0.2,0.026834
10.504,7.3245,14.478,-21.215,-0.037817,-0.2,0.021759
15.249,5.3126,15.241,148.21,-0.048729,-0.2,0.038917
14.348,7.3184,14.698,61.306,-0.041055,-0.2,0.032355
12.405,7.1734,12.532,-27.293,-0.03338,-0.2,0.025793
17.333,5.1607,12.764,152.05,-0.04242,-0.2,0.045167
16.406,7.2475,12.332,61.497,-0.035487,-0.2,0.0373
14.125,7.0371,10.373,-31.038,-0.028554,-0.2,0.029433
18.999,4.9545,9.9956,157.1,-0.035338,-0.2,0.050568
18.145,7.1296,9.6859,64.426,-0.029371,-0.2,0.041617
15.631,6.9455,8.0495,-31.361,-0.023404,-0.2,0.032665
20.219,4.6904,7.0236,163.07,-0.027607,-0.2,0.055022
19.521,6.9634,6.8128,70.282,-0.022794,-0.2,0.045245
16.897,6.9054,5.5678,-27.609,-0.017981,-0.2,0.035468
20.981,4.3747,3.9289,170.05,-0.019362,-0.2,0.058444
20.485,6.7487,3.7866,78.84,-0.015849,-0.2,0.048127
17.895,6.897,2.9426,-19.812,-0.012336,-0.2,0.03781
21.25,4.0084,0.79425,177.6,-0.010748,-0.2,0.060767
21,6.4825,0.69005,89.34,-0.0086338,-0.2,0.050216
18.593,6.8924,0.22667,-8.4409,-0.0065199,-0.2,0.039664
21.05,3.5914,-2.301,185.13,-0.0019206,-0.2,0.06195
21.082,6.1571,-2.3966,101.12,-0.0012561,-0.2,0.051484
18.961,6.8611,-2.5219,5.9812,-0.00059158,-0.2,0.041017
20.439,3.1381,-5.2711,193.06,0.0069607,-0.2,0.061975
20.754,5.7649,-5.3917,114.18,0.0061777,-0.2,0.051912
18.988,6.7621,-5.2306,23.02,0.0053948,-0.2,0.041848
19.39,2.6558,-8.0522,201.52,0.015738,-0.2,0.060842
20.026,5.2986,-8.2195,128.27,0.013562,-0.2,0.051488
18.679,6.5652,-7.8763,42.292,0.011386,-0.2,0.042133
